video_id,comment_text,sarcasm,hate_speech,misinformation,emotion,code_switch_tags
hhFGhAo4ZfY,😊 ji han lagi hai,no,none,na,joy,😊/urdu ji/urdu han/urdu lagi/urdu hai/urdu
WJxfQWiP9DQ,"Imran Bhai Sindh Hyderabad Mn Students Bhook Hartal Pr Bethy Hn, Sindh Public Service Commission K khilaf, Ye PPP Waly 17 grade Ki Job Peso Pr Dete Hn or Students Ne Cockroach Janta Party be Bana Li Hai, please Un K Liye be awaz uthain! 🤗😢🙏",no,none,na,anger|sadness|fear,"Imran/urdu Bhai/urdu Sindh/urdu Hyderabad/urdu Mn/urdu Students/urdu Bhook/urdu Hartal/urdu Pr/urdu Bethy/urdu Hn,/urdu Sindh/urdu Public/urdu Service/urdu Commission/urdu K/urdu khilaf,/urdu Ye/urdu PPP/urdu Waly/urdu 17/urdu grade/urdu Ki/urdu Job/urdu Peso/urdu Pr/urdu Dete/urdu Hn/urdu or/urdu Students/urdu Ne/urdu Cockroach/urdu Janta/urdu Party/urdu be/urdu Bana/urdu Li/urdu Hai,/urdu please/urdu Un/urdu K/urdu Liye/urdu be/urdu awaz/urdu uthain!/urdu 🤗😢🙏/urdu"
UiYpRBQ74fs,"Imran Riaz bhai I have been in UK for 56 years and I've been to Pakistan hundreds of times and I've never had a privilege of protocol, never have I desired for one. I'm from kashmir and I can categorically say that it's our Pakistani brothers who desire protocol. People's behaviour and character changes as soon as they arrive in Pakistan because there is no respect or rule of law. That's why we need Imran Khan niazi back!!",no,none,na,sadness,"Imran/urdu Riaz/urdu bhai/urdu I/urdu have/urdu been/urdu in/urdu UK/urdu for/urdu 56/urdu years/urdu and/urdu I've/urdu been/urdu to/urdu Pakistan/urdu hundreds/urdu of/urdu times/urdu and/urdu I've/urdu never/urdu had/urdu a/urdu privilege/urdu of/urdu protocol,/urdu never/urdu have/urdu I/urdu desired/urdu for/urdu one./urdu I'm/urdu from/urdu kashmir/urdu and/urdu I/urdu can/urdu categorically/urdu say/urdu that/urdu it's/urdu our/urdu Pakistani/urdu brothers/urdu who/urdu desire/urdu protocol./urdu People's/urdu behaviour/urdu and/urdu character/urdu changes/urdu as/urdu soon/urdu as/urdu they/urdu arrive/urdu in/urdu Pakistan/urdu because/urdu there/urdu is/urdu no/urdu respect/urdu or/urdu rule/urdu of/urdu law./urdu That's/urdu why/urdu we/urdu need/urdu Imran/urdu Khan/urdu niazi/urdu back!!/urdu"
UiYpRBQ74fs,Imran bahi 🐕 dogs k kids dogs 🐕 huu geyy brother butt imran Khan ney en sab kuta kar Dea hey 😂😂😂😂imran Khan zinda bad Allah bless u imran bahi and imran Khan ❤❤❤❤,yes,offensive,na,anger,Imran/urdu bahi/urdu 🐕/urdu dogs/urdu k/urdu kids/urdu dogs/urdu 🐕/urdu huu/urdu geyy/urdu brother/urdu butt/urdu imran/urdu Khan/urdu ney/urdu en/urdu sab/urdu kuta/urdu kar/urdu Dea/urdu hey/urdu 😂😂😂😂imran/urdu Khan/urdu zinda/urdu bad/urdu Allah/urdu bless/urdu u/urdu imran/urdu bahi/urdu and/urdu imran/urdu Khan/urdu ❤❤❤❤/urdu
VUKai4CZSNw,"hello everyone 
I’m from japan 
agr kisi ko bhi japanese content mei interest hei to check my channel I post vlogs about japan 
thank you!",no,none,na,none,hello/english everyone/english I’m/english from/english japan/english agr/urdu kisi/urdu ko/urdu bhi/urdu japanese/urdu content/urdu mei/urdu interest/urdu hei/urdu to/urdu check/urdu my/urdu channel/urdu I/english post/english vlogs/english about/english japan/english thank/english you!/english
UiYpRBQ74fs,"RANGERS KA EHELKAR OR ""SHAHEED"" ❓️❓️❓️❓️❓️ARE YOU SURE ❓️❓️❓️❓️",no,none,na,surprise|anger,"RANGERS/urdu KA/urdu EHELKAR/urdu OR/urdu ""SHAHEED""/urdu ❓️❓️❓️❓️❓️ARE/ambiguous YOU/english SURE/english ❓️❓️❓️❓️/ambiguous"
BaMLBWWvNHA,Name rajab ka or views dekho 😂😂,yes,none,na,surprise,Name/urdu rajab/urdu ka/urdu or/urdu views/urdu dekho/urdu 😂😂/urdu
XHQrr9fmTkc,Me tum hare jesi hu😂,yes,none,na,joy|none,Me/urdu tum/urdu hare/urdu jesi/urdu hu😂/urdu
UiYpRBQ74fs,Bahot Galt horaha Allah pak garak khra Asim Munir ko khuti ka bacha,no,hate,na,anger|sadness,Bahot/urdu Galt/urdu horaha/urdu Allah/urdu pak/urdu garak/urdu khra/urdu Asim/urdu Munir/urdu ko/urdu khuti/urdu ka/urdu bacha/urdu
FH8OUP2_sN4,"Romaisa ki behn ki 
😊",yes,hate,na,none,Romaisa/urdu ki/urdu behn/urdu ki/urdu 😊/urdu
BljaIOvFkcM,Yeh kasmir say panga lay rahay waha to aurtain b in say Zada jurat mand hai,no,offensive,na,anger,Yeh/urdu kasmir/urdu say/urdu panga/urdu lay/urdu rahay/urdu waha/urdu to/urdu aurtain/urdu b/urdu in/urdu say/urdu Zada/urdu jurat/urdu mand/urdu hai/urdu
UiYpRBQ74fs,Khoti KY bachoun ko koi fark ni par Raha qatloun KY sar pr trump ka jota ha ici vja SE kutty kaat rahy han kashmrioun ko,no,hate,na,anger,Khoti/urdu KY/urdu bachoun/urdu ko/urdu koi/urdu fark/urdu ni/urdu par/urdu Raha/urdu qatloun/urdu KY/urdu sar/urdu pr/urdu trump/urdu ka/urdu jota/urdu ha/urdu ici/urdu vja/urdu SE/urdu kutty/urdu kaat/urdu rahy/urdu han/urdu kashmrioun/urdu ko/urdu
IMnXqYDHhZI,Asy log ghreeb logo ma khwaish pyda krty han jo in js life ni guzar skty or dua kry asy log jahnam ma sb sy alay tarjay py hon ameen,no,offensive,na,anger|sadness,Asy/urdu log/urdu ghreeb/urdu logo/urdu ma/urdu khwaish/urdu pyda/urdu krty/urdu han/urdu jo/urdu in/urdu js/urdu life/urdu ni/urdu guzar/urdu skty/urdu or/urdu dua/urdu kry/urdu asy/urdu log/urdu jahnam/urdu ma/urdu sb/urdu sy/urdu alay/urdu tarjay/urdu py/urdu hon/urdu ameen/urdu
UiYpRBQ74fs,Ye Julm Keb Tek Hota Rahega. Allah Pak Ki Giraft Bohat Jeld Aeagi Or Jalumo Ko Chupneki Jaga Nahi Melegi Insha'Allah.,no,none,na,sadness,Ye/urdu Julm/urdu Keb/urdu Tek/urdu Hota/urdu Rahega./urdu Allah/urdu Pak/urdu Ki/urdu Giraft/urdu Bohat/urdu Jeld/urdu Aeagi/urdu Or/urdu Jalumo/urdu Ko/urdu Chupneki/urdu Jaga/urdu Nahi/urdu Melegi/urdu Insha'Allah./urdu
EyrNOfyxSBQ,mujhe samjh nhi arhi ya log itna appreciate q kar rahy hai mujhe to is film Mai koi b khas cheez nazar nhi aya waste of time,no,none,na,anger|none,mujhe/urdu samjh/urdu nhi/urdu arhi/urdu ya/urdu log/urdu itna/urdu appreciate/urdu q/urdu kar/urdu rahy/urdu hai/urdu mujhe/urdu to/urdu is/urdu film/urdu Mai/urdu koi/urdu b/urdu khas/urdu cheez/urdu nazar/urdu nhi/urdu aya/urdu waste/urdu of/urdu time/urdu
nqbNLe84dpM,Jo bhi tha but Areeb bhai ko paani ni dia kisi ne be,no,none,na,sadness,Jo/urdu bhi/urdu tha/urdu but/urdu Areeb/urdu bhai/urdu ko/urdu paani/urdu ni/urdu dia/urdu kisi/urdu ne/urdu be/urdu
BmpRnfu16YA,Fatima API mare bhi Nikal gai ha,yes,none,na,none,Fatima/urdu API/urdu mare/urdu bhi/urdu Nikal/urdu gai/urdu ha/urdu
EyrNOfyxSBQ,I love Zoya ki acting mujha bohat achi lagi I love it 😊,no,none,na,joy,I/urdu love/urdu Zoya/urdu ki/urdu acting/urdu mujha/urdu bohat/urdu achi/urdu lagi/urdu I/english love/english it/english 😊/urdu
BaMLBWWvNHA,kamaaaaaaaaaal zulqur bhai.....dil khush kr dya bhattttii ki be izzati kr ke😂🤣🥰,yes,none,na,joy,kamaaaaaaaaaal/urdu zulqur/urdu bhai.....dil/urdu khush/urdu kr/urdu dya/urdu bhattttii/urdu ki/urdu be/urdu izzati/urdu kr/urdu ke😂🤣🥰/urdu
BljaIOvFkcM,"Yeh ju dehshat gardi hai 
Ais ke peechay Wardi hai",yes,offensive,na,none,Yeh/urdu ju/urdu dehshat/urdu gardi/urdu hai/urdu Ais/urdu ke/urdu peechay/urdu Wardi/urdu hai/urdu
BaMLBWWvNHA,Rajab bhai tujhe bhai mn ta tha gaddar🤬🤬,no,offensive,na,anger,Rajab/urdu bhai/urdu tujhe/urdu bhai/urdu mn/urdu ta/urdu tha/urdu gaddar🤬🤬/urdu
gvG35CxYOLg,Rice ka Sath milk Kon pita ha 😅,no,none,na,surprise,Rice/urdu ka/urdu Sath/urdu milk/urdu Kon/urdu pita/urdu ha/urdu 😅/urdu
nqbNLe84dpM,😊😊😊😊kya hu ha ap bhai ko,no,none,na,surprise,😊😊😊😊kya/urdu hu/urdu ha/urdu ap/urdu bhai/urdu ko/urdu
VUKai4CZSNw,Ducky bhi Mera bhi b Japan ha Tokyo may 😊,no,none,na,none,Ducky/urdu bhi/urdu Mera/urdu bhi/urdu b/urdu Japan/urdu ha/urdu Tokyo/urdu may/urdu 😊/urdu
zXAAAXogJ78,Mamo ki baat nai tu mujhe bhi rola diya 😢😢😢😢,no,none,na,sadness,Mamo/urdu ki/urdu baat/urdu nai/urdu tu/urdu mujhe/urdu bhi/urdu rola/urdu diya/urdu 😢😢😢😢/urdu
IMnXqYDHhZI,ab tm rajab pr ducky ki trha dekhwa kr k apna ap zalel krwa ri h,no,none,na,sadness|surprise|none,ab/urdu tm/urdu rajab/urdu pr/urdu ducky/urdu ki/urdu trha/urdu dekhwa/urdu kr/urdu k/urdu apna/urdu ap/urdu zalel/urdu krwa/urdu ri/urdu h/urdu
HeZ2VBdJeOk,"bare sharam ki baat hai k
KSA aur UAE sood ka kaam
kertey hain yani khul ker Allah
aur Uskey Rasool SAW se
khuli jang ker rahe hain.Astaghfirullah",no,offensive,na,sadness|fear,bare/urdu sharam/urdu ki/urdu baat/urdu hai/urdu k/urdu KSA/urdu aur/urdu UAE/urdu sood/urdu ka/urdu kaam/urdu kertey/urdu hain/urdu yani/urdu khul/urdu ker/urdu Allah/urdu aur/urdu Uskey/urdu Rasool/urdu SAW/urdu se/urdu khuli/urdu jang/urdu ker/urdu rahe/urdu hain.Astaghfirullah/urdu
FH8OUP2_sN4,I love you ducky Bhai,no,none,na,joy,I/english love/english you/english ducky/urdu Bhai/urdu
BaMLBWWvNHA,Proud of you bhai💕,no,none,na,joy,Proud/english of/english you/english bhai💕/urdu
eY0i4nBXqdY,Imran Fatima Mera bhi naam hai😊😊😊😊,no,none,na,joy|surprise,Imran/urdu Fatima/urdu Mera/urdu bhi/urdu naam/urdu hai😊😊😊😊/urdu
nqbNLe84dpM,Iqra api plzzzz muja apni snapchat id ka name bta da plzzzzz 🙏🙏😭😭🥺🥺,no,none,na,none,Iqra/urdu api/urdu plzzzz/urdu muja/urdu apni/urdu snapchat/urdu id/urdu ka/urdu name/urdu bta/urdu da/urdu plzzzzz/urdu 🙏🙏😭😭🥺🥺/urdu
VUKai4CZSNw,Bhai please visit Doraemon village in Japan....?,no,none,na,none,Bhai/urdu please/english visit/english Doraemon/english village/english in/english Japan....?/english
UiYpRBQ74fs,Foji koi b mara to wo shaheed ni wo kute ki mot mara us ko shaid ni kho,no,hate,na,anger,Foji/urdu koi/urdu b/urdu mara/urdu to/urdu wo/urdu shaheed/urdu ni/urdu wo/urdu kute/urdu ki/urdu mot/urdu mara/urdu us/urdu ko/urdu shaid/urdu ni/urdu kho/urdu
BaMLBWWvNHA,Ktini tameez k Sath rajab ko bezar Kiya hai😂🤌🏻yeh hoti h ik achi maa ki tabiyat,yes,offensive,na,joy,Ktini/urdu tameez/urdu k/urdu Sath/urdu rajab/urdu ko/urdu bezar/urdu Kiya/urdu hai😂🤌🏻yeh/urdu hoti/urdu h/urdu ik/urdu achi/urdu maa/urdu ki/urdu tabiyat/urdu
VUKai4CZSNw,Ducky mara bacha tu patlo ko rost na karr,yes,none,na,none,Ducky/urdu mara/urdu bacha/urdu tu/urdu patlo/urdu ko/urdu rost/urdu na/urdu karr/urdu
IMnXqYDHhZI,Inlogo ko tiktok ki haram kamai par sharam nhe ati ulta un halal kamaney waley logo ki bewiyu ko b ye chezein dikha dikha kar husband ko haram kmai  par majbor kr rhe he.lanat ho inlogo par,yes,offensive,na,anger,Inlogo/urdu ko/urdu tiktok/urdu ki/urdu haram/urdu kamai/urdu par/urdu sharam/urdu nhe/urdu ati/urdu ulta/urdu un/urdu halal/urdu kamaney/urdu waley/urdu logo/urdu ki/urdu bewiyu/urdu ko/urdu b/urdu ye/urdu chezein/urdu dikha/urdu dikha/urdu kar/urdu husband/urdu ko/urdu haram/urdu kmai/urdu par/urdu majbor/urdu kr/urdu rhe/urdu he.lanat/urdu ho/urdu inlogo/urdu par/urdu
gvG35CxYOLg,u alikum i am ur biggest fan from pk i want to earn a money from internet i need a money i do my baclor now a days can u suggest me u now internet batter than me plzzz shahveer bhai I want to become a indepandance girl help i try a lot of jobs but all are fakes thats why i am here i belive it u suggest me a real job,no,none,na,none,u/urdu alikum/urdu i/english am/english ur/english biggest/english fan/english from/english pk/english i/english want/english to/english earn/english a/english money/english from/english internet/english i/english need/english a/english money/english i/english do/english my/english baclor/english now/english a/english days/english can/english u/english suggest/english me/english u/english now/english internet/english batter/english than/english me/english plzzz/english shahveer/english bhai/english I/english want/english to/english become/english a/english indepandance/english girl/english help/english i/english try/english a/english lot/english of/english jobs/english but/english all/english are/english fakes/english thats/english why/english i/english am/english here/english i/english belive/english it/english u/english suggest/english me/english a/english real/english job/english
BljaIOvFkcM,Yeh generals hi real ghaddar hai. Jo ain ko nai mantay.,no,hate,na,sadness|anger,Yeh/urdu generals/urdu hi/urdu real/urdu ghaddar/urdu hai./urdu Jo/urdu ain/urdu ko/urdu nai/urdu mantay./urdu
BaMLBWWvNHA,33:12 yar koi us dost ka Naam batado plz,no,none,na,none,33:12/urdu yar/urdu koi/urdu us/urdu dost/urdu ka/urdu Naam/urdu batado/urdu plz/urdu
gvG35CxYOLg,Happy to see Ali Bhai n pk in this video ....old Canadian wolfcrew,no,none,na,none,Happy/english to/english see/english Ali/english Bhai/english n/english pk/english in/english this/english video/english ....old/english Canadian/english wolfcrew/english
BljaIOvFkcM,Nice information sir ALLAH ap ko lambi umer de Ameen,no,none,na,joy,Nice/urdu information/urdu sir/urdu ALLAH/urdu ap/urdu ko/urdu lambi/urdu umer/urdu de/urdu Ameen/urdu
BmpRnfu16YA,Laken lud pana ki bei ko had hti ha,no,none,na,sadness,Laken/urdu lud/urdu pana/urdu ki/urdu bei/urdu ko/urdu had/urdu hti/urdu ha/urdu
4k0ZV0UFZSw,Is qoom ma gharat nahi ha imran bai,no,offensive,na,anger,Is/urdu qoom/urdu ma/urdu gharat/urdu nahi/urdu ha/urdu imran/urdu bai/urdu
EyrNOfyxSBQ,Kis na ya 3 : 33 wala clip tiktok par dekha😂,no,none,na,joy,Kis/urdu na/urdu ya/urdu 3/urdu :/urdu 33/urdu wala/urdu clip/urdu tiktok/urdu par/urdu dekha😂/urdu
EyrNOfyxSBQ,Agar ap Apne real papa ko af Karti to Sahi tha😊,yes,offensive,na,none,Agar/urdu ap/urdu Apne/urdu real/urdu papa/urdu ko/urdu af/urdu Karti/urdu to/urdu Sahi/urdu tha😊/urdu
XHQrr9fmTkc,Fatima APK yellow chijon ka challenge yellow 💛💛❤😂🎉😢😮😮😅😊😂😂😂,no,none,na,none,Fatima/urdu APK/urdu yellow/urdu chijon/urdu ka/urdu challenge/urdu yellow/urdu 💛💛❤😂🎉😢😮😮😅😊😂😂😂/urdu
eY0i4nBXqdY,Umrah mehram k Sath hoti hai,no,none,na,none,Umrah/urdu mehram/urdu k/urdu Sath/urdu hoti/urdu hai/urdu
hhFGhAo4ZfY,Sahi nhi mar rha hath pr mar rha hai hath piche bhi chala jata hai to udr bhi mar deta hai table pr nhi marta,no,none,na,none,Sahi/urdu nhi/urdu mar/urdu rha/urdu hath/urdu pr/urdu mar/urdu rha/urdu hai/urdu hath/urdu piche/urdu bhi/urdu chala/urdu jata/urdu hai/urdu to/urdu udr/urdu bhi/urdu mar/urdu deta/urdu hai/urdu table/urdu pr/urdu nhi/urdu marta/urdu
BmpRnfu16YA,Mashallah Allah pak Nazry bat se bachay ameen,no,none,na,joy,Mashallah/urdu Allah/urdu pak/urdu Nazry/urdu bat/urdu se/urdu bachay/urdu ameen/urdu
WJxfQWiP9DQ,Allha aap ko seht o tandursti atta kare hands of to you,no,none,na,joy,Allha/urdu aap/urdu ko/urdu seht/urdu o/urdu tandursti/urdu atta/urdu kare/urdu hands/urdu of/urdu to/urdu you/urdu
HeZ2VBdJeOk,Imran bhai ap ke naam ka aik oar channel start kia gia hai. Jo ke fake lagta hai. Please es baray mai wazahat dain ta keh log dhoka na kain,no,none,na,surprise,Imran/urdu bhai/urdu ap/urdu ke/urdu naam/urdu ka/urdu aik/urdu oar/urdu channel/urdu start/urdu kia/urdu gia/urdu hai./urdu Jo/urdu ke/urdu fake/urdu lagta/urdu hai./urdu Please/urdu es/urdu baray/urdu mai/urdu wazahat/urdu dain/urdu ta/urdu keh/urdu log/urdu dhoka/urdu na/urdu kain/urdu
BljaIOvFkcM,"Altaf Hussain b Gaddar
Jab k Altaf Hussain b In ko Be Naqab karta tha",no,offensive,na,anger|sadness,Altaf/urdu Hussain/urdu b/urdu Gaddar/urdu Jab/urdu k/urdu Altaf/urdu Hussain/urdu b/urdu In/urdu ko/urdu Be/urdu Naqab/urdu karta/urdu tha/urdu
HeZ2VBdJeOk,Wa alaikum as salam wa rehmat ullah e wa barakatuhu Imran Riaz Bhai g sahib,no,none,na,none,Wa/urdu alaikum/urdu as/urdu salam/urdu wa/urdu rehmat/urdu ullah/urdu e/urdu wa/urdu barakatuhu/urdu Imran/urdu Riaz/urdu Bhai/urdu g/urdu sahib/urdu
WJxfQWiP9DQ,Sir g asim ne pop corn k paise nhe chore humain roti mil jaye wohi buhat😊,yes,offensive,na,anger|sadness,Sir/urdu g/urdu asim/urdu ne/urdu pop/urdu corn/urdu k/urdu paise/urdu nhe/urdu chore/urdu humain/urdu roti/urdu mil/urdu jaye/urdu wohi/urdu buhat😊/urdu
Erif7Vj9NSQ,Aap bhi apni dance ki picture send Karen please aage piche nahin karti main aapke bhi log dekhti hun main aapko follow bhi Karti hun like bhi Karti hun,no,none,na,none,Aap/urdu bhi/urdu apni/urdu dance/urdu ki/urdu picture/urdu send/urdu Karen/urdu please/urdu aage/urdu piche/urdu nahin/urdu karti/urdu main/urdu aapke/urdu bhi/urdu log/urdu dekhti/urdu hun/urdu main/urdu aapko/urdu follow/urdu bhi/urdu Karti/urdu hun/urdu like/urdu bhi/urdu Karti/urdu hun/urdu
hhFGhAo4ZfY,Waqas bahi rizak to na zaya Kya kary video my Allah nraz ho jata h,no,none,na,sadness|fear,Waqas/urdu bahi/urdu rizak/urdu to/urdu na/urdu zaya/urdu Kya/urdu kary/urdu video/urdu my/urdu Allah/urdu nraz/urdu ho/urdu jata/urdu h/urdu
BaMLBWWvNHA,Kutta tu Rajab da bara baat nhi krni 🤚🖕,no,offensive,na,anger,Kutta/urdu tu/urdu Rajab/urdu da/urdu bara/urdu baat/urdu nhi/urdu krni/urdu 🤚🖕/urdu
FH8OUP2_sN4,Meme men amazon prime ka logo a raha h @duckybhai remove kr den aisa na ho k copyright a jaye,no,none,na,none,Meme/urdu men/urdu amazon/urdu prime/urdu ka/urdu logo/urdu a/urdu raha/urdu h/urdu @duckybhai/urdu remove/urdu kr/urdu den/urdu aisa/urdu na/urdu ho/urdu k/urdu copyright/urdu a/urdu jaye/urdu
nqbNLe84dpM,Iqra api ap ki look bohat pyari hai,no,none,na,joy,Iqra/urdu api/urdu ap/urdu ki/urdu look/urdu bohat/urdu pyari/urdu hai/urdu
4k0ZV0UFZSw,Chalo chalo adiala chalo inqlab wahid hal hai bus,no,none,na,joy,Chalo/urdu chalo/urdu adiala/urdu chalo/urdu inqlab/urdu wahid/urdu hal/urdu hai/urdu bus/urdu
eY0i4nBXqdY,Api hum ne bi Al bake khaya tha Jeddah ka famous khana ❤,no,none,na,joy,Api/urdu hum/urdu ne/urdu bi/urdu Al/urdu bake/urdu khaya/urdu tha/urdu Jeddah/urdu ka/urdu famous/urdu khana/urdu ❤/urdu
WJxfQWiP9DQ,"Saari red lines cross ho gai hain, abb Quaid e Azam kay qatal sey lay kay abb taq kay har zulm ka hisaab awaam ley gi iss establishment kay paltu idaray aur iskay order man’nay wala hr shaqs sey badla ley gi awaam Inn Sha Allah. Insey bara gad’daar Pakistan mein paida nahi howa aur abb awaam inki naslon ko bhi nahi baqshay gi.",no,offensive,na,anger|sadness,"Saari/urdu red/urdu lines/urdu cross/urdu ho/urdu gai/urdu hain,/urdu abb/urdu Quaid/urdu e/urdu Azam/urdu kay/urdu qatal/urdu sey/urdu lay/urdu kay/urdu abb/urdu taq/urdu kay/urdu har/urdu zulm/urdu ka/urdu hisaab/urdu awaam/urdu ley/urdu gi/urdu iss/urdu establishment/urdu kay/urdu paltu/urdu idaray/urdu aur/urdu iskay/urdu order/urdu man’nay/urdu wala/urdu hr/urdu shaqs/urdu sey/urdu badla/urdu ley/urdu gi/urdu awaam/urdu Inn/urdu Sha/urdu Allah./urdu Insey/urdu bara/urdu gad’daar/urdu Pakistan/urdu mein/urdu paida/urdu nahi/urdu howa/urdu aur/urdu abb/urdu awaam/urdu inki/urdu naslon/urdu ko/urdu bhi/urdu nahi/urdu baqshay/urdu gi./urdu"
eY0i4nBXqdY,Har baat chhod ke aapke kapde bade pyare lag rahe,no,none,na,joy,Har/urdu baat/urdu chhod/urdu ke/urdu aapke/urdu kapde/urdu bade/urdu pyare/urdu lag/urdu rahe/urdu
ttL6k7wzGmQ,"Sami abraham sb. Vidual clips k sath zabardast critic, informative and comprehensive Vlog 💯👌👍ALLAH aapki hifazat farmaye, aameen 💯😇",no,none,na,joy,"Sami/urdu abraham/urdu sb./urdu Vidual/urdu clips/urdu k/urdu sath/urdu zabardast/urdu critic,/urdu informative/urdu and/urdu comprehensive/urdu Vlog/urdu 💯👌👍ALLAH/urdu aapki/urdu hifazat/urdu farmaye,/urdu aameen/urdu 💯😇/urdu"
N-0DINjOMlY,Ma ap ki Big fan hun andleeb from gilgit ⛰️,no,none,na,none,Ma/urdu ap/urdu ki/urdu Big/urdu fan/urdu hun/urdu andleeb/urdu from/urdu gilgit/urdu ⛰️/urdu
XHQrr9fmTkc,Q nhi deti reply ap,no,none,na,sadness,Q/urdu nhi/urdu deti/urdu reply/urdu ap/urdu
FH8OUP2_sN4,Lucky bhai ki on a video kab banaoge comedy video Mera bhi sawal ek le lena hai ki on a video,no,none,na,none,Lucky/urdu bhai/urdu ki/urdu on/urdu a/urdu video/urdu kab/urdu banaoge/urdu comedy/urdu video/urdu Mera/urdu bhi/urdu sawal/urdu ek/urdu le/urdu lena/urdu hai/urdu ki/urdu on/urdu a/urdu video/urdu
eY0i4nBXqdY,Main to aapki fan hun aap apna number Bata sakti hain Taki main aapse baat kar sakun,no,none,na,none,Main/urdu to/urdu aapki/urdu fan/urdu hun/urdu aap/urdu apna/urdu number/urdu Bata/urdu sakti/urdu hain/urdu Taki/urdu main/urdu aapse/urdu baat/urdu kar/urdu sakun/urdu
zXAAAXogJ78,Mera hass ka bura hal hu Raha ha  amazing 🎉 Maza a gia😅,yes,none,na,joy,Mera/urdu hass/urdu ka/urdu bura/urdu hal/urdu hu/urdu Raha/urdu ha/urdu amazing/urdu 🎉/urdu Maza/urdu a/urdu gia😅/urdu
4k0ZV0UFZSw,"Noqsan molk ka kar tu rahy hn apni zid mn ,wo bhe ghalati par ghalti",no,offensive,na,anger|sadness,"Noqsan/urdu molk/urdu ka/urdu kar/urdu tu/urdu rahy/urdu hn/urdu apni/urdu zid/urdu mn/urdu ,wo/urdu bhe/urdu ghalati/urdu par/urdu ghalti/urdu"
EyrNOfyxSBQ,Is se achi acting hamary ghar Kay bachy kar lete han.khawab❌ behayai✅. Hira ki sasti acting ne film ka satiya nass kar diya.kindly change the parents in this film.😏. Ghairat❌ Beghairat✅.,no,hate,na,anger|sadness,Is/urdu se/urdu achi/urdu acting/urdu hamary/urdu ghar/urdu Kay/urdu bachy/urdu kar/urdu lete/urdu han.khawab❌/urdu behayai✅./urdu Hira/urdu ki/urdu sasti/urdu acting/urdu ne/urdu film/urdu ka/urdu satiya/urdu nass/urdu kar/urdu diya.kindly/urdu change/urdu the/urdu parents/urdu in/urdu this/urdu film.😏./urdu Ghairat❌/urdu Beghairat✅./urdu
EyrNOfyxSBQ,Btw Islam hamain ye ni kehta ha Islam ne aurat ko pardy ka hukam dia ha 😢,no,none,na,none,Btw/urdu Islam/urdu hamain/urdu ye/urdu ni/urdu kehta/urdu ha/urdu Islam/urdu ne/urdu aurat/urdu ko/urdu pardy/urdu ka/urdu hukam/urdu dia/urdu ha/urdu 😢/urdu
XHQrr9fmTkc,fatima appi apki behen zainab ko  boyfriend ka itna shoq he to kardien phir uski shadi are yar mazzak karrahee hon sirios mat hona,yes,offensive,na,none,fatima/urdu appi/urdu apki/urdu behen/urdu zainab/urdu ko/urdu boyfriend/urdu ka/urdu itna/urdu shoq/urdu he/urdu to/urdu kardien/urdu phir/urdu uski/urdu shadi/urdu are/urdu yar/urdu mazzak/urdu karrahee/urdu hon/urdu sirios/urdu mat/urdu hona/urdu
IMnXqYDHhZI,Hram ki kamai begearat log,yes,hate,na,anger,Hram/urdu ki/urdu kamai/urdu begearat/urdu log/urdu
-w7eMfsuRgA,"Sorry bhai alamti nahi
Lannnnnnnnnnnti",yes,hate,na,anger,Sorry/urdu bhai/urdu alamti/urdu nahi/urdu Lannnnnnnnnnnti/urdu
zfjRK9s0pjA,Iqra API AP ko period hota hai,no,offensive,na,none,Iqra/urdu API/urdu AP/urdu ko/urdu period/urdu hota/urdu hai/urdu
N-0DINjOMlY,Azal k liye 100 gift challenge Kara mere kehna pa,no,none,na,joy,Azal/urdu k/urdu liye/urdu 100/urdu gift/urdu challenge/urdu Kara/urdu mere/urdu kehna/urdu pa/urdu
zXAAAXogJ78,Is vilog ka Sab se bara chohara y Zulkarnain ha phr us k y chohre y larke hein,no,offensive,na,anger,Is/urdu vilog/urdu ka/urdu Sab/urdu se/urdu bara/urdu chohara/urdu y/urdu Zulkarnain/urdu ha/urdu phr/urdu us/urdu k/urdu y/urdu chohre/urdu y/urdu larke/urdu hein/urdu
eY0i4nBXqdY,Yadi tyre tha ki bacchon ka khilauna tha itna Halka kaun sa tyre hota hai pagal hai kya tum,yes,none,na,none,Yadi/urdu tyre/urdu tha/urdu ki/urdu bacchon/urdu ka/urdu khilauna/urdu tha/urdu itna/urdu Halka/urdu kaun/urdu sa/urdu tyre/urdu hota/urdu hai/urdu pagal/urdu hai/urdu kya/urdu tum/urdu
BmpRnfu16YA,Appi haya appi ki cat bhi Haya appi ke sath Jaye gi kya❤❤❤❤❤❤,no,none,na,none,Appi/urdu haya/urdu appi/urdu ki/urdu cat/urdu bhi/urdu Haya/urdu appi/urdu ke/urdu sath/urdu Jaye/urdu gi/urdu kya❤❤❤❤❤❤/urdu
BmpRnfu16YA,Both ladly se hai haya ka Bhai nai hai,no,none,na,none,Both/urdu ladly/urdu se/urdu hai/urdu haya/urdu ka/urdu Bhai/urdu nai/urdu hai/urdu
XHQrr9fmTkc,Pink colour ka food challenge Kary 🤌👀🩷,no,none,na,joy|none,Pink/urdu colour/urdu ka/urdu food/urdu challenge/urdu Kary/urdu 🤌👀🩷/urdu
4k0ZV0UFZSw,Aap ko yaad hai BENAZEER sirf Rs 6 increase kiya aur 16 F16 jets liye??,no,none,na,none,Aap/urdu ko/urdu yaad/urdu hai/urdu BENAZEER/urdu sirf/urdu Rs/urdu 6/urdu increase/urdu kiya/urdu aur/urdu 16/urdu F16/urdu jets/urdu liye??/urdu
IMnXqYDHhZI,Apni beti kpra guta muj da do chota jaow ni panti api q ap kpra newo ha chlo Mari Kam AA Jai ga,no,none,na,none,Apni/urdu beti/urdu kpra/urdu guta/urdu muj/urdu da/urdu do/urdu chota/urdu jaow/urdu ni/urdu panti/urdu api/urdu q/urdu ap/urdu kpra/urdu newo/urdu ha/urdu chlo/urdu Mari/urdu Kam/urdu AA/urdu Jai/urdu ga/urdu
N-0DINjOMlY,Kawal jaty huy BHt happy Hoti ha aty huy pher uska mun bana rehta ha 😂😂😂😂😂😂,yes,offensive,na,none,Kawal/urdu jaty/urdu huy/urdu BHt/urdu happy/urdu Hoti/urdu ha/urdu aty/urdu huy/urdu pher/urdu uska/urdu mun/urdu bana/urdu rehta/urdu ha/urdu 😂😂😂😂😂😂/urdu
Erif7Vj9NSQ,Ap ka phone number,no,none,na,none,Ap/urdu ka/urdu phone/urdu number/urdu
IMnXqYDHhZI,Kawal API ma bi asy kar ti thi USB main download karke per  volg dekhte the ab bhai abhi alhamdulillah mere pass mobile a Gaya hai mobile mein dekhti han khana khane ke sath sath main tab tak khana Nahin khati jab tak vlog  Nahin aata,no,none,na,joy,Kawal/urdu API/urdu ma/urdu bi/urdu asy/urdu kar/urdu ti/urdu thi/urdu USB/urdu main/urdu download/urdu karke/urdu per/urdu volg/urdu dekhte/urdu the/urdu ab/urdu bhai/urdu abhi/urdu alhamdulillah/urdu mere/urdu pass/urdu mobile/urdu a/urdu Gaya/urdu hai/urdu mobile/urdu mein/urdu dekhti/urdu han/urdu khana/urdu khane/urdu ke/urdu sath/urdu sath/urdu main/urdu tab/urdu tak/urdu khana/urdu Nahin/urdu khati/urdu jab/urdu tak/urdu vlog/urdu Nahin/urdu aata/urdu
VUKai4CZSNw,Washroom KO Deakh ker Masha Allah na Praha Karen Ducky bhi,no,none,na,sadness|none,Washroom/urdu KO/urdu Deakh/urdu ker/urdu Masha/urdu Allah/urdu na/urdu Praha/urdu Karen/urdu Ducky/urdu bhi/urdu
EyrNOfyxSBQ,Kash Itny ghyrat Ashley baab Mai hoti😂😂😂😂😂,yes,none,na,none,Kash/urdu Itny/urdu ghyrat/urdu Ashley/urdu baab/urdu Mai/urdu hoti😂😂😂😂😂/urdu
BaMLBWWvNHA,Khud k 3 million followers us k 9 million and ur saying he got fame through you ?? In his vlogs u were dying to come in his vlogs and ur saying this all wow guys I must say,yes,none,na,none,Khud/urdu k/urdu 3/urdu million/urdu followers/urdu us/urdu k/urdu 9/urdu million/urdu and/urdu ur/english saying/english he/english got/english fame/english through/english you/english ??/urdu In/english his/english vlogs/english u/english were/english dying/english to/english come/english in/english his/english vlogs/english and/english ur/english saying/english this/english all/english wow/english guys/english I/english must/english say/english
nqbNLe84dpM,Epigraph fir se dobara apni syster ke sath Jolo chips chips ka prem kare,no,none,na,joy,Epigraph/urdu fir/urdu se/urdu dobara/urdu apni/urdu syster/urdu ke/urdu sath/urdu Jolo/urdu chips/urdu chips/urdu ka/urdu prem/urdu kare/urdu
BljaIOvFkcM,Allah Imran Khan ki hfzt frmy,no,none,na,sadness|none,Allah/urdu Imran/urdu Khan/urdu ki/urdu hfzt/urdu frmy/urdu
4k0ZV0UFZSw,Allah pak hifazat farmye sab ki,no,none,na,sadness|none,Allah/urdu pak/urdu hifazat/urdu farmye/urdu sab/urdu ki/urdu
FH8OUP2_sN4,"Love you ❤
Duck Bhai",no,none,na,joy,Love/urdu you/urdu ❤/urdu Duck/urdu Bhai/urdu
HeZ2VBdJeOk,Wah javaid Hashimi Saab app nay kamee kameen Asim yazeed zehni mareez ko khoob pehchana 4:19,yes,hate,na,anger|sadness,Wah/urdu javaid/urdu Hashimi/urdu Saab/urdu app/urdu nay/urdu kamee/urdu kameen/urdu Asim/urdu yazeed/urdu zehni/urdu mareez/urdu ko/urdu khoob/urdu pehchana/urdu 4:19/urdu
PKFU1F2QEMQ,Api plz bta do k you tube earning k liyeh account k sy bnay plz,no,none,na,none,Api/urdu plz/urdu bta/urdu do/urdu k/urdu you/urdu tube/urdu earning/urdu k/urdu liyeh/urdu account/urdu k/urdu sy/urdu bnay/urdu plz/urdu
zfjRK9s0pjA,Allah Api ko sahat tandurasty de ameen summa ameen🥰🥰🥰,no,none,na,joy,Allah/urdu Api/urdu ko/urdu sahat/urdu tandurasty/urdu de/urdu ameen/urdu summa/urdu ameen🥰🥰🥰/urdu
BaMLBWWvNHA,Tum khudho fitnataal Hindu staqn ke,no,hate,na,none,Tum/urdu khudho/urdu fitnataal/urdu Hindu/urdu staqn/urdu ke/urdu
BmpRnfu16YA,Mashallah mashallah bohot piara gher ha Thora Thora mara nano ka gher jasa ha😊😊😊😊😊😊😊,no,none,na,joy,Mashallah/urdu mashallah/urdu bohot/urdu piara/urdu gher/urdu ha/urdu Thora/urdu Thora/urdu mara/urdu nano/urdu ka/urdu gher/urdu jasa/urdu ha😊😊😊😊😊😊😊/urdu
VUKai4CZSNw,ducky bhai ap please koi anime related jaga main jai japan main especially naruto,no,none,na,none,ducky/urdu bhai/urdu ap/urdu please/urdu koi/urdu anime/urdu related/urdu jaga/urdu main/urdu jai/urdu japan/urdu main/urdu especially/urdu naruto/urdu
zXAAAXogJ78,Bahi ap k vlog kyon Nahin a Rahe,no,none,na,none|sadness,Bahi/urdu ap/urdu k/urdu vlog/urdu kyon/urdu Nahin/urdu a/urdu Rahe/urdu
VUKai4CZSNw,3:39 bon Rami ha ducky Yar tu to 😂😂😂,no,none,na,joy,3:39/urdu bon/urdu Rami/urdu ha/urdu ducky/urdu Yar/urdu tu/urdu to/urdu 😂😂😂/urdu
UiYpRBQ74fs,Sharam nhi ati jhothy thambnail lagatay hoy .intha ka jhotha banda ha ye,no,offensive,na,anger,Sharam/urdu nhi/urdu ati/urdu jhothy/urdu thambnail/urdu lagatay/urdu hoy/urdu .intha/urdu ka/urdu jhotha/urdu banda/urdu ha/urdu ye/urdu
BaMLBWWvNHA,we know ap such bol rahay hai❤,no,none,na,none,we/urdu know/urdu ap/urdu such/urdu bol/urdu rahay/urdu hai❤/urdu
BaMLBWWvNHA,Proud of u Bhai !❤,no,none,na,joy,Proud/urdu of/urdu u/urdu Bhai/urdu !❤/urdu
8ksTrbtyTco,Es ke sb challenges me yhi win krta cheater,no,none,na,none,Es/urdu ke/urdu sb/urdu challenges/urdu me/urdu yhi/urdu win/urdu krta/urdu cheater/urdu
nqbNLe84dpM,App sab mujhe pas and hai okay beautiful,no,none,na,none,App/urdu sab/urdu mujhe/urdu pas/urdu and/urdu hai/urdu okay/urdu beautiful/urdu
BaMLBWWvNHA,Namaz ki wajah sy like kiya bro,no,none,na,none,Namaz/urdu ki/urdu wajah/urdu sy/urdu like/urdu kiya/urdu bro/urdu
BaMLBWWvNHA,Tum ne ye video post ki ha lakin us ne to tumha moon bhi nahi lagaya,no,offensive,na,none,Tum/urdu ne/urdu ye/urdu video/urdu post/urdu ki/urdu ha/urdu lakin/urdu us/urdu ne/urdu to/urdu tumha/urdu moon/urdu bhi/urdu nahi/urdu lagaya/urdu
nqbNLe84dpM,API Fatima shoke😂😂😂areeb nhi ko manana pra ga,no,none,na,joy|none,API/urdu Fatima/urdu shoke😂😂😂areeb/urdu nhi/urdu ko/urdu manana/urdu pra/urdu ga/urdu
nqbNLe84dpM,Ap ny India ki vloggers ka content Liya  hai mene unka  dekha hai ye Wala but good work I really appreciated 👍👍👍,no,none,na,joy,Ap/urdu ny/urdu India/urdu ki/urdu vloggers/urdu ka/urdu content/urdu Liya/urdu hai/urdu mene/urdu unka/urdu dekha/urdu hai/urdu ye/urdu Wala/urdu but/urdu good/urdu work/urdu I/urdu really/urdu appreciated/urdu 👍👍👍/urdu
VUKai4CZSNw,Mera japan me restaurant hai name hai bismillah punjabi dhaba plz come,no,none,na,joy,Mera/urdu japan/urdu me/urdu restaurant/urdu hai/urdu name/urdu hai/urdu bismillah/urdu punjabi/urdu dhaba/urdu plz/urdu come/urdu
BljaIOvFkcM,ALLAH PAKISTAN 🇵🇰 KI HIFAZAT KRE.AMEEN,no,none,na,sadness|none,ALLAH/urdu PAKISTAN/urdu 🇵🇰/urdu KI/urdu HIFAZAT/urdu KRE.AMEEN/urdu
BljaIOvFkcM,Allah Pak Imran Khan shb ke lahmbi umar atta farmay ameen,no,none,na,none,Allah/urdu Pak/urdu Imran/urdu Khan/urdu shb/urdu ke/urdu lahmbi/urdu umar/urdu atta/urdu farmay/urdu ameen/urdu
8ksTrbtyTco,Koi Sharam Hoti ha Wasy Bhai 😐😐😐😐,yes,offensive,na,anger,Koi/urdu Sharam/urdu Hoti/urdu ha/urdu Wasy/urdu Bhai/urdu 😐😐😐😐/urdu
IMnXqYDHhZI,Juty py MashaAllah nhi kehty,no,none,na,sadness,Juty/urdu py/urdu MashaAllah/urdu nhi/urdu kehty/urdu
FH8OUP2_sN4,Ducky bhai we want met with you,no,none,na,none,Ducky/urdu bhai/urdu we/english want/english met/english with/english you/english
BaMLBWWvNHA,I am rajab fan liken AJ app ny Sach bata Diya hai zulquranain Bhai proud of you,no,none,na,joy,I/urdu am/urdu rajab/urdu fan/urdu liken/urdu AJ/urdu app/urdu ny/urdu Sach/urdu bata/urdu Diya/urdu hai/urdu zulquranain/urdu Bhai/urdu proud/urdu of/urdu you/urdu
VUKai4CZSNw,67 sall) la rha tha hoon ghr ma,no,none,na,none,67/urdu sall)/urdu la/urdu rha/urdu tha/urdu hoon/urdu ghr/urdu ma/urdu
WJxfQWiP9DQ,Imran Riaz khan Tum jhoot bol rahay Pakistan 🇵🇰 Taraqi Kar Raha hai  😅😅,yes,none,na,sadness,Imran/urdu Riaz/urdu khan/urdu Tum/urdu jhoot/urdu bol/urdu rahay/urdu Pakistan/urdu 🇵🇰/urdu Taraqi/urdu Kar/urdu Raha/urdu hai/urdu 😅😅/urdu
gvG35CxYOLg,Hy how are you,no,none,na,none,Hy/english how/english are/english you/english
N-0DINjOMlY,Meny aj tk kbhi kisi ki video pay commet ni kia likn itni gndi editing meny aj kl apk vlogs may ni dekhi plzz asy sara mza khrb hota hy plz,no,offensive,na,sadness,Meny/urdu aj/urdu tk/urdu kbhi/urdu kisi/urdu ki/urdu video/urdu pay/urdu commet/urdu ni/urdu kia/urdu likn/urdu itni/urdu gndi/urdu editing/urdu meny/urdu aj/urdu kl/urdu apk/urdu vlogs/urdu may/urdu ni/urdu dekhi/urdu plzz/urdu asy/urdu sara/urdu mza/urdu khrb/urdu hota/urdu hy/urdu plz/urdu
BmpRnfu16YA,Man bhi bohot ameer hon mara pass is sa bhi acha Ghar h mara papa Pura pindi ka bissnis man han,no,none,na,joy,Man/urdu bhi/urdu bohot/urdu ameer/urdu hon/urdu mara/urdu pass/urdu is/urdu sa/urdu bhi/urdu acha/urdu Ghar/urdu h/urdu mara/urdu papa/urdu Pura/urdu pindi/urdu ka/urdu bissnis/urdu man/urdu han/urdu
BaMLBWWvNHA,Appki wife ke fudde main lun😂❤,no,hate,na,none,Appki/urdu wife/urdu ke/urdu fudde/urdu main/urdu lun😂❤/urdu
nqbNLe84dpM,Api anaviya ka. Face raveel karo place ❤❤❤❤❤❤❤❤❤❤❤❤❤❤ ma seerat,no,none,na,none,Api/urdu anaviya/urdu ka./urdu Face/urdu raveel/urdu karo/urdu place/urdu ❤❤❤❤❤❤❤❤❤❤❤❤❤❤/urdu ma/urdu seerat/urdu
IMnXqYDHhZI,Bakry Ki palkan 😂,yes,offensive,na,none,Bakry/urdu Ki/urdu palkan/urdu 😂/urdu
BaMLBWWvNHA,Ab jasa tumera kha reha hai  jasa Tum barka reha ho,no,none,na,none,Ab/urdu jasa/urdu tumera/urdu kha/urdu reha/urdu hai/urdu jasa/urdu Tum/urdu barka/urdu reha/urdu ho/urdu
BmpRnfu16YA,Mera Name b haya hai,no,none,na,none,Mera/urdu Name/urdu b/urdu haya/urdu hai/urdu
4k0ZV0UFZSw,Imran sab may peclay B Keh Chuka hun k international market may free B hojai TB B en ho nay war say pehlay walay rate pr B NAHI daingay,no,none,na,anger|sadness,Imran/urdu sab/urdu may/urdu peclay/urdu B/urdu Keh/urdu Chuka/urdu hun/urdu k/urdu international/urdu market/urdu may/urdu free/urdu B/urdu hojai/urdu TB/urdu B/urdu en/urdu ho/urdu nay/urdu war/urdu say/urdu pehlay/urdu walay/urdu rate/urdu pr/urdu B/urdu NAHI/urdu daingay/urdu
-w7eMfsuRgA,Pak ko na chorny ka naya plan,yes,none,na,none|anger|sadness,Pak/urdu ko/urdu na/urdu chorny/urdu ka/urdu naya/urdu plan/urdu
EyrNOfyxSBQ,Kon kon is reality ko video ki shakal ma dekh ky roo para 😭💯💔,no,none,na,sadness,Kon/urdu kon/urdu is/urdu reality/urdu ko/urdu video/urdu ki/urdu shakal/urdu ma/urdu dekh/urdu ky/urdu roo/urdu para/urdu 😭💯💔/urdu
eY0i4nBXqdY,Please 2nd Umrah Kam karenge reply de vlog mein yah fir comment mein ine donon mein se Kisi bhi comment reply dena but please reply dena,no,none,na,none,Please/urdu 2nd/urdu Umrah/urdu Kam/urdu karenge/urdu reply/urdu de/urdu vlog/urdu mein/urdu yah/urdu fir/urdu comment/urdu mein/urdu ine/urdu donon/urdu mein/urdu se/urdu Kisi/urdu bhi/urdu comment/urdu reply/urdu dena/urdu but/urdu please/urdu reply/urdu dena/urdu
8ksTrbtyTco,Team rhs ke sath ziyaati hui hai 😂,no,none,na,joy|none,Team/urdu rhs/urdu ke/urdu sath/urdu ziyaati/urdu hui/urdu hai/urdu 😂/urdu
WJxfQWiP9DQ,Establishment apna apna kam kare corruption chorde jin ko awam hukumat dena chahte h un ko aane de mulk bilkul thik hojae ga,no,none,na,none,Establishment/urdu apna/urdu apna/urdu kam/urdu kare/urdu corruption/urdu chorde/urdu jin/urdu ko/urdu awam/urdu hukumat/urdu dena/urdu chahte/urdu h/urdu un/urdu ko/urdu aane/urdu de/urdu mulk/urdu bilkul/urdu thik/urdu hojae/urdu ga/urdu
BaMLBWWvNHA,hassad achi baat nahi h haadsi family,yes,hate,na,sadness|anger,hassad/urdu achi/urdu baat/urdu nahi/urdu h/urdu haadsi/urdu family/urdu
PKFU1F2QEMQ,Mashallah mashallah Allah pak hamsha khush rakha AP logon ko or Allah pak hamay bhi tofiq da hamara bhi ASA hi bhot payra ghr  bana,no,none,na,none,Mashallah/urdu mashallah/urdu Allah/urdu pak/urdu hamsha/urdu khush/urdu rakha/urdu AP/urdu logon/urdu ko/urdu or/urdu Allah/urdu pak/urdu hamay/urdu bhi/urdu tofiq/urdu da/urdu hamara/urdu bhi/urdu ASA/urdu hi/urdu bhot/urdu payra/urdu ghr/urdu bana/urdu
WJxfQWiP9DQ,Imran Bahi 78 sal say Red Line cares hy,no,none,na,none,Imran/urdu Bahi/urdu 78/urdu sal/urdu say/urdu Red/urdu Line/urdu cares/urdu hy/urdu
XHQrr9fmTkc,Fatima api mai ap ko har velog mai kahti ho ke please horror prank kare and please mujhe reply de ❤😢,no,none,na,none,Fatima/urdu api/urdu mai/urdu ap/urdu ko/urdu har/urdu velog/urdu mai/urdu kahti/urdu ho/urdu ke/urdu please/urdu horror/urdu prank/urdu kare/urdu and/urdu please/urdu mujhe/urdu reply/urdu de/urdu ❤😢/urdu
eY0i4nBXqdY,Zainab se abya hi ni sambla jrah.hijab abya carry ni kr prhi,no,none,na,none,Zainab/urdu se/urdu abya/urdu hi/urdu ni/urdu sambla/urdu jrah.hijab/urdu abya/urdu carry/urdu ni/urdu kr/urdu prhi/urdu
VUKai4CZSNw,I love you ducky bhai and I love you aroob buabhi😊😊😊😊,no,none,na,joy,I/urdu love/urdu you/urdu ducky/urdu bhai/urdu and/urdu I/urdu love/urdu you/urdu aroob/urdu buabhi😊😊😊😊/urdu
EyrNOfyxSBQ,Sharm kro kuch to khuda ka khuf kro,no,offensive,na,anger,Sharm/urdu kro/urdu kuch/urdu to/urdu khuda/urdu ka/urdu khuf/urdu kro/urdu
HeZ2VBdJeOk,In. Ko pata ha k Kashmir may ab ppp or noon ke jaga nahi ha is leya,no,none,na,anger|sadness,In./urdu Ko/urdu pata/urdu ha/urdu k/urdu Kashmir/urdu may/urdu ab/urdu ppp/urdu or/urdu noon/urdu ke/urdu jaga/urdu nahi/urdu ha/urdu is/urdu leya/urdu
UiYpRBQ74fs,Belkol sach sab jali wali hokamran hai 😂😂🙅‍♀️🤷‍♀️🤷‍♀️🤲🏻☝🏻🖐🏻,yes,offensive,na,none,Belkol/urdu sach/urdu sab/urdu jali/urdu wali/urdu hokamran/urdu hai/urdu 😂😂🙅‍♀️🤷‍♀️🤷‍♀️🤲🏻☝🏻🖐🏻/urdu
-w7eMfsuRgA,Aapka Teesra galat hai yah Turki ka model Nahin Misar model Lana chah Rahe Hain Naam Turki ke,yes,none,na,none,Aapka/urdu Teesra/urdu galat/urdu hai/urdu yah/urdu Turki/urdu ka/urdu model/urdu Nahin/urdu Misar/urdu model/urdu Lana/urdu chah/urdu Rahe/urdu Hain/urdu Naam/urdu Turki/urdu ke/urdu
EyrNOfyxSBQ,Bro vid may Kya tha,no,none,na,none,Bro/urdu vid/urdu may/urdu Kya/urdu tha/urdu
VUKai4CZSNw,Ducky bhi ap bhot zyda bolty ho 😂😂😂😂,yes,none,na,joy|none,Ducky/urdu bhi/urdu ap/urdu bhot/urdu zyda/urdu bolty/urdu ho/urdu 😂😂😂😂/urdu
eY0i4nBXqdY,Happy airport per sab kuchh free hai,no,none,na,joy|none,Happy/urdu airport/urdu per/urdu sab/urdu kuchh/urdu free/urdu hai/urdu
4k0ZV0UFZSw,Bahi gungi bahri awam hai jinay zulim sahnay ki aadat hu chuki hai yah kabi aapnay mulk aur aapnay mustaqbil kay liya awaz nahi uttahay gay pura din hud be aur in kay bachay be mazdoori kar kay shaam ko ik time ki roti mil jahay baqi innay koi fikar nahi chahay chor in kay bachu ka mustaqbil taba kar day un ka jeena haram kar day is awam ko koi farak nahi parta ager parta to 78 saalu say mulk din ba din karzdar na banta America ka gulm na banta bekh na maangata,no,offensive,na,anger|sadness|fear,Bahi/urdu gungi/urdu bahri/urdu awam/urdu hai/urdu jinay/urdu zulim/urdu sahnay/urdu ki/urdu aadat/urdu hu/urdu chuki/urdu hai/urdu yah/urdu kabi/urdu aapnay/urdu mulk/urdu aur/urdu aapnay/urdu mustaqbil/urdu kay/urdu liya/urdu awaz/urdu nahi/urdu uttahay/urdu gay/urdu pura/urdu din/urdu hud/urdu be/urdu aur/urdu in/urdu kay/urdu bachay/urdu be/urdu mazdoori/urdu kar/urdu kay/urdu shaam/urdu ko/urdu ik/urdu time/urdu ki/urdu roti/urdu mil/urdu jahay/urdu baqi/urdu innay/urdu koi/urdu fikar/urdu nahi/urdu chahay/urdu chor/urdu in/urdu kay/urdu bachu/urdu ka/urdu mustaqbil/urdu taba/urdu kar/urdu day/urdu un/urdu ka/urdu jeena/urdu haram/urdu kar/urdu day/urdu is/urdu awam/urdu ko/urdu koi/urdu farak/urdu nahi/urdu parta/urdu ager/urdu parta/urdu to/urdu 78/urdu saalu/urdu say/urdu mulk/urdu din/urdu ba/urdu din/urdu karzdar/urdu na/urdu banta/urdu America/urdu ka/urdu gulm/urdu na/urdu banta/urdu bekh/urdu na/urdu maangata/urdu
BaMLBWWvNHA,"Rajab ap ka Baal ha koti ka bacha
😊😊😊😊😊😊😊😊😊😊😊😊😊",yes,hate,na,anger|none,Rajab/urdu ap/urdu ka/urdu Baal/urdu ha/urdu koti/urdu ka/urdu bacha/urdu 😊😊😊😊😊😊😊😊😊😊😊😊😊/urdu
PKFU1F2QEMQ,Kitne marle ka Ghar hai,no,none,na,none,Kitne/urdu marle/urdu ka/urdu Ghar/urdu hai/urdu
zfjRK9s0pjA,Kyunki aapane apni beti ka real mein Facebook kiya hai ya nakali mein yah Kisi aur per bhi ka face to Nahin hai❤❤❤❤❤❤😊😊😊,no,none,na,none,Kyunki/urdu aapane/urdu apni/urdu beti/urdu ka/urdu real/urdu mein/urdu Facebook/urdu kiya/urdu hai/urdu ya/urdu nakali/urdu mein/urdu yah/urdu Kisi/urdu aur/urdu per/urdu bhi/urdu ka/urdu face/urdu to/urdu Nahin/urdu hai❤❤❤❤❤❤😊😊😊/urdu
EyrNOfyxSBQ,Ghirat may agar app child marriage or Gender base violence ko b tora lay kar is short movie may add kartay TU I think better keep it up first effort tha that good 🎉,no,none,na,joy,Ghirat/urdu may/urdu agar/urdu app/urdu child/urdu marriage/urdu or/urdu Gender/urdu base/urdu violence/urdu ko/urdu b/urdu tora/urdu lay/urdu kar/urdu is/urdu short/urdu movie/urdu may/urdu add/urdu kartay/urdu TU/urdu I/english think/english better/english keep/english it/english up/english first/urdu effort/urdu tha/urdu that/urdu good/urdu 🎉/urdu
8ksTrbtyTco,Ap logu ko zara shram nai hamry behan bhaio ko shaheed kiya ja rha ha or aplogu k pas pwor hony k bawjod ap log fazool ki harktein krny ki pri ha lanat ha asy muslim hony pe ..ap phlasteen k liy trend chlwa skty ho ...,no,offensive,na,anger|sadness,Ap/urdu logu/urdu ko/urdu zara/urdu shram/urdu nai/urdu hamry/urdu behan/urdu bhaio/urdu ko/urdu shaheed/urdu kiya/urdu ja/urdu rha/urdu ha/urdu or/urdu aplogu/urdu k/urdu pas/urdu pwor/urdu hony/urdu k/urdu bawjod/urdu ap/urdu log/urdu fazool/urdu ki/urdu harktein/urdu krny/urdu ki/urdu pri/urdu ha/urdu lanat/urdu ha/urdu asy/urdu muslim/urdu hony/urdu pe/urdu ..ap/urdu phlasteen/urdu k/urdu liy/urdu trend/urdu chlwa/urdu skty/urdu ho/urdu .../urdu
nqbNLe84dpM,kya aap ko twins babies ache lagte hai,no,none,na,none,kya/urdu aap/urdu ko/urdu twins/urdu babies/urdu ache/urdu lagte/urdu hai/urdu
eY0i4nBXqdY,Yeh suit joh app ke pas hai waisa he Mere pas hai mere pas bhi green hai,no,none,na,surprise|none,Yeh/urdu suit/urdu joh/urdu app/urdu ke/urdu pas/urdu hai/urdu waisa/urdu he/urdu Mere/urdu pas/urdu hai/urdu mere/urdu pas/urdu bhi/urdu green/urdu hai/urdu
BaMLBWWvNHA,Mery Bhai ka aura hi Kuch ahsa hai kafi time se million views nh arahy thy @rajabbutt ka naam lyty hi agye koi nh Thora gareebon ka bhi Haq banta hai...😂,yes,none,na,surprise|none,Mery/urdu Bhai/urdu ka/urdu aura/urdu hi/urdu Kuch/urdu ahsa/urdu hai/urdu kafi/urdu time/urdu se/urdu million/urdu views/urdu nh/urdu arahy/urdu thy/urdu @rajabbutt/urdu ka/urdu naam/urdu lyty/urdu hi/urdu agye/urdu koi/urdu nh/urdu Thora/urdu gareebon/urdu ka/urdu bhi/urdu Haq/urdu banta/urdu hai...😂/urdu
HeZ2VBdJeOk,Inshallah.  Muneer ko jhorna nhi he,no,offensive,na,anger,Inshallah./urdu Muneer/urdu ko/urdu jhorna/urdu nhi/urdu he/urdu
eY0i4nBXqdY,"MASHALLAH 
Allah Pak ap Ka umrah qabool kare 
Ameen ❤❤❤❤",no,none,na,joy,MASHALLAH/urdu Allah/urdu Pak/urdu ap/urdu Ka/urdu umrah/urdu qabool/urdu kare/urdu Ameen/urdu ❤❤❤❤/urdu
gvG35CxYOLg,Aapko 24 hours sirf meetha khana hai this is my request,no,none,na,none,Aapko/urdu 24/urdu hours/urdu sirf/urdu meetha/urdu khana/urdu hai/urdu this/urdu is/urdu my/urdu request/urdu
EyrNOfyxSBQ,Hy hira api ap ka bhe thek you I am girl and I love this film I meet u,no,none,na,joy,Hy/urdu hira/urdu api/urdu ap/urdu ka/urdu bhe/urdu thek/urdu you/urdu I/english am/english girl/english and/english I/english love/english this/english film/english I/english meet/english u/english
EyrNOfyxSBQ,Gairat banaty hue bhi bagairti 🙂,yes,offensive,na,anger,Gairat/urdu banaty/urdu hue/urdu bhi/urdu bagairti/urdu 🙂/urdu
-w7eMfsuRgA,Nizam badalne se kiya Hoga,yes,none,na,anger,Nizam/urdu badalne/urdu se/urdu kiya/urdu Hoga/urdu
4k0ZV0UFZSw,Lahol Wala Quwata Illah Billah 😡😡😡 es terha tu Banking system Tabba ho jaey ga. 😮😮😮😢😢😢😢😢,no,offensive,na,anger,Lahol/urdu Wala/urdu Quwata/urdu Illah/urdu Billah/urdu 😡😡😡/urdu es/urdu terha/urdu tu/urdu Banking/urdu system/urdu Tabba/urdu ho/urdu jaey/urdu ga./urdu 😮😮😮😢😢😢😢😢/urdu
VUKai4CZSNw,Hi ap konse app sa thumbnail banata ho or editing,no,none,na,none,Hi/urdu ap/urdu konse/urdu app/urdu sa/urdu thumbnail/urdu banata/urdu ho/urdu or/urdu editing/urdu
nqbNLe84dpM,Koi Haunted House wala video banaen,no,none,na,none,Koi/urdu Haunted/urdu House/urdu wala/urdu video/urdu banaen/urdu
WJxfQWiP9DQ,Yah Manoj jabse wazir Azam banaa hai hamare Pakistani Shahid hue😢😢,no,offensive,na,anger|sadness,Yah/urdu Manoj/urdu jabse/urdu wazir/urdu Azam/urdu banaa/urdu hai/urdu hamare/urdu Pakistani/urdu Shahid/urdu hue😢😢/urdu
BljaIOvFkcM,In pr koi asar nhe ho raha,yes,offensive,na,anger,In/urdu pr/urdu koi/urdu asar/urdu nhe/urdu ho/urdu raha/urdu
XHQrr9fmTkc,Fatima Fatima ki main aapki bahut badi fan hun main aap bahut acche ho main aap na bahut majakiya banate hain❤❤❤❤❤❤❤❤❤,no,none,na,joy,Fatima/urdu Fatima/urdu ki/urdu main/urdu aapki/urdu bahut/urdu badi/urdu fan/urdu hun/urdu main/urdu aap/urdu bahut/urdu acche/urdu ho/urdu main/urdu aap/urdu na/urdu bahut/urdu majakiya/urdu banate/urdu hain❤❤❤❤❤❤❤❤❤/urdu
PKFU1F2QEMQ,MashaAlha Boht he pyra gr hai Khuda ap ko or barkat dy logo ka kmm he kamiya niklna hai don't worry,no,none,na,joy,MashaAlha/urdu Boht/urdu he/urdu pyra/urdu gr/urdu hai/urdu Khuda/urdu ap/urdu ko/urdu or/urdu barkat/urdu dy/urdu logo/urdu ka/urdu kmm/urdu he/urdu kamiya/urdu niklna/urdu hai/urdu don't/urdu worry/urdu
-w7eMfsuRgA,"JazakAllah JazakAllah JazakAllah JazakAllah JazakAllah JazakAllah JazakAllah JazakAllah JazakAllah JazakAllah JazakAllah JazakAllah JazakAllah JazakAllah JazakAllah JazakAllah JazakAllah JazakAllah 
JazakAllah 
JazakAllah 
JazakAllah 
Allah Paak Sab Ke Liye Aasaniya Farmahain Aasaniya Farmahain Aasaniya Farmahain Aasaniya Farmahain Ameen Ameen Ameen Sum Ameen 
Allah Paak Aap Ko Khush Rakhen Hamesha Hamesha Hamesha Ameen Ameen Ameen Sum Ameen 
Allah Paak Aap Ko Khush Rakhen Hamesha Hamesha Hamesha Ameen Ameen Ameen Sum Ameen 
Allah Paak Aap Ko Khush Rakhen Hamesha Hamesha Hamesha Ameen Ameen Ameen Sum Ameen 
Allah Paak Aap Ko Nazr E Bad Say Bachayen Hamesha Hamesha Hamesha Ameen Ameen Ameen Sum Ameen 
Allah Paak Aap Ko Nazr E Bad Say Bachayen Hamesha Hamesha Hamesha Ameen Ameen Ameen Sum Ameen 
Allah Paak Aap Ko Nazr E Bad Say Bachayen Hamesha Hamesha Hamesha Ameen Ameen Ameen Sum Ameen 
Allah Paak Aap Ko Nazr E Bad Say Bachayen Hamesha Hamesha Hamesha Ameen Ameen Ameen Sum Ameen 
Allah Paak Aap Ko Nazr E Bad Say Bachayen Hamesha Hamesha Hamesha Ameen Ameen Ameen Sum Ameen 
Allah Paak Aap Ko Nazr E Bad Say Bachayen Hamesha Hamesha Hamesha Ameen Ameen Ameen Sum Ameen 
Rab Kay Amaan Mein Rahain Hamesha Hamesha Hamesha Ameen Ameen Ameen Sum Ameen 
Rab Kay Amaan Mein Rahain Hamesha Hamesha Hamesha Ameen Ameen Ameen Sum Ameen 
Rab Kay Amaan Mein Rahain Hamesha Hamesha Hamesha Ameen Ameen Ameen Ameen Sum Ameen",no,none,na,joy,JazakAllah/urdu JazakAllah/urdu JazakAllah/urdu JazakAllah/urdu JazakAllah/urdu JazakAllah/urdu JazakAllah/urdu JazakAllah/urdu JazakAllah/urdu JazakAllah/urdu JazakAllah/urdu JazakAllah/urdu JazakAllah/urdu JazakAllah/urdu JazakAllah/urdu JazakAllah/urdu JazakAllah/urdu JazakAllah/urdu JazakAllah/urdu JazakAllah/urdu JazakAllah/urdu Allah/urdu Paak/urdu Sab/urdu Ke/urdu Liye/urdu Aasaniya/urdu Farmahain/urdu Aasaniya/urdu Farmahain/urdu Aasaniya/urdu Farmahain/urdu Aasaniya/urdu Farmahain/urdu Ameen/urdu Ameen/urdu Ameen/urdu Sum/urdu Ameen/urdu Allah/urdu Paak/urdu Aap/urdu Ko/urdu Khush/urdu Rakhen/urdu Hamesha/urdu Hamesha/urdu Hamesha/urdu Ameen/urdu Ameen/urdu Ameen/urdu Sum/urdu Ameen/urdu Allah/urdu Paak/urdu Aap/urdu Ko/urdu Khush/urdu Rakhen/urdu Hamesha/urdu Hamesha/urdu Hamesha/urdu Ameen/urdu Ameen/urdu Ameen/urdu Sum/urdu Ameen/urdu Allah/urdu Paak/urdu Aap/urdu Ko/urdu Khush/urdu Rakhen/urdu Hamesha/urdu Hamesha/urdu Hamesha/urdu Ameen/urdu Ameen/urdu Ameen/urdu Sum/urdu Ameen/urdu Allah/urdu Paak/urdu Aap/urdu Ko/urdu Nazr/urdu E/urdu Bad/urdu Say/urdu Bachayen/urdu Hamesha/urdu Hamesha/urdu Hamesha/urdu Ameen/urdu Ameen/urdu Ameen/urdu Sum/urdu Ameen/urdu Allah/urdu Paak/urdu Aap/urdu Ko/urdu Nazr/urdu E/urdu Bad/urdu Say/urdu Bachayen/urdu Hamesha/urdu Hamesha/urdu Hamesha/urdu Ameen/urdu Ameen/urdu Ameen/urdu Sum/urdu Ameen/urdu Allah/urdu Paak/urdu Aap/urdu Ko/urdu Nazr/urdu E/urdu Bad/urdu Say/urdu Bachayen/urdu Hamesha/urdu Hamesha/urdu Hamesha/urdu Ameen/urdu Ameen/urdu Ameen/urdu Sum/urdu Ameen/urdu Allah/urdu Paak/urdu Aap/urdu Ko/urdu Nazr/urdu E/urdu Bad/urdu Say/urdu Bachayen/urdu Hamesha/urdu Hamesha/urdu Hamesha/urdu Ameen/urdu Ameen/urdu Ameen/urdu Sum/urdu Ameen/urdu Allah/urdu Paak/urdu Aap/urdu Ko/urdu Nazr/urdu E/urdu Bad/urdu Say/urdu Bachayen/urdu Hamesha/urdu Hamesha/urdu Hamesha/urdu Ameen/urdu Ameen/urdu Ameen/urdu Sum/urdu Ameen/urdu Allah/urdu Paak/urdu Aap/urdu Ko/urdu Nazr/urdu E/urdu Bad/urdu Say/urdu Bachayen/urdu Hamesha/urdu Hamesha/urdu Hamesha/urdu Ameen/urdu Ameen/urdu Ameen/urdu Sum/urdu Ameen/urdu Rab/urdu Kay/urdu Amaan/urdu Mein/urdu Rahain/urdu Hamesha/urdu Hamesha/urdu Hamesha/urdu Ameen/urdu Ameen/urdu Ameen/urdu Sum/urdu Ameen/urdu Rab/urdu Kay/urdu Amaan/urdu Mein/urdu Rahain/urdu Hamesha/urdu Hamesha/urdu Hamesha/urdu Ameen/urdu Ameen/urdu Ameen/urdu Sum/urdu Ameen/urdu Rab/urdu Kay/urdu Amaan/urdu Mein/urdu Rahain/urdu Hamesha/urdu Hamesha/urdu Hamesha/urdu Ameen/urdu Ameen/urdu Ameen/urdu Ameen/urdu Sum/urdu Ameen/urdu
EyrNOfyxSBQ,"Wah yar bht acha topic Allah sab bheno k naseeb achy kry 13:31 😢
Allah ho Akbar",no,none,na,joy,Wah/urdu yar/urdu bht/urdu acha/urdu topic/urdu Allah/urdu sab/urdu bheno/urdu k/urdu naseeb/urdu achy/urdu kry/urdu 13:31/urdu 😢/urdu Allah/urdu ho/urdu Akbar/urdu
hhFGhAo4ZfY,Assalamualaikum...Waqas Bhai ye khany ki behurmarti hai plz ye nahi kijiega Kitna niche bhi gira hai,no,none,na,sadness,Assalamualaikum...Waqas/urdu Bhai/urdu ye/urdu khany/urdu ki/urdu behurmarti/urdu hai/urdu plz/urdu ye/urdu nahi/urdu kijiega/urdu Kitna/urdu niche/urdu bhi/urdu gira/urdu hai/urdu
BaMLBWWvNHA,Abe kutte Tere pass paise hote hain chup kar,no,hate,na,anger,Abe/urdu kutte/urdu Tere/urdu pass/urdu paise/urdu hote/urdu hain/urdu chup/urdu kar/urdu
4k0ZV0UFZSw,Aoa Imran Bhai kindly punjab k minister na teachers k lia bhhht buri language use ke ha tamam teacher bradri usk resign ka mutalba krti ha or bhhht preshan hn kindly in k lia awaz uthain thanks,no,none,na,sadness,Aoa/urdu Imran/urdu Bhai/urdu kindly/urdu punjab/urdu k/urdu minister/urdu na/urdu teachers/urdu k/urdu lia/urdu bhhht/urdu buri/urdu language/urdu use/urdu ke/urdu ha/urdu tamam/urdu teacher/urdu bradri/urdu usk/urdu resign/urdu ka/urdu mutalba/urdu krti/urdu ha/urdu or/urdu bhhht/urdu preshan/urdu hn/urdu kindly/urdu in/urdu k/urdu lia/urdu awaz/urdu uthain/urdu thanks/urdu
XHQrr9fmTkc,Fatima aap hi I am your big fan please make black colour challenge please I am your big,no,none,na,none,Fatima/urdu aap/urdu hi/urdu I/english am/english your/english big/english fan/english please/english make/english black/english colour/english challenge/english please/english I/english am/english your/urdu big/english
hhFGhAo4ZfY,Nanu muft main kha raha tha .❤ part 2 please❤😢,no,none,na,none,Nanu/urdu muft/urdu main/urdu kha/urdu raha/urdu tha/urdu .❤/ambiguous part/urdu 2/ambiguous please❤😢/urdu
zfjRK9s0pjA,Mere doay hean ap Ka sat❤❤❤❤,no,none,na,none,Mere/urdu doay/urdu hean/urdu ap/urdu Ka/urdu sat❤❤❤❤/urdu
BljaIOvFkcM,Very good Allah Pak salamat rakhe sabhi KO or Allah Pak moshkal waqat Taal Dy ameen summa ameen 🤲🤲🤲🤲🤲🤲🤲🤲🤲,no,none,na,joy,Very/urdu good/urdu Allah/urdu Pak/urdu salamat/urdu rakhe/urdu sabhi/urdu KO/urdu or/urdu Allah/urdu Pak/urdu moshkal/urdu waqat/urdu Taal/urdu Dy/urdu ameen/urdu summa/urdu ameen/urdu 🤲🤲🤲🤲🤲🤲🤲🤲🤲/urdu
UiYpRBQ74fs,Pakistan k 80 fisad log inke shakle b ni dekhte inko sunna to bhot door ki bat hai imran bhai baki 15 fisad log wo ha jo hmre buzrug hai wo ghr me t.v py khabre sunte hai to t.v py ye log ate hai to mazbori me inka jhot sunte hai majbori unki ye hai k unko mob use krna ni ata,no,hate,na,anger,Pakistan/urdu k/urdu 80/urdu fisad/urdu log/urdu inke/urdu shakle/urdu b/urdu ni/urdu dekhte/urdu inko/urdu sunna/urdu to/urdu bhot/urdu door/urdu ki/urdu bat/urdu hai/urdu imran/urdu bhai/urdu baki/urdu 15/urdu fisad/urdu log/urdu wo/urdu ha/urdu jo/urdu hmre/urdu buzrug/urdu hai/urdu wo/urdu ghr/urdu me/urdu t.v/urdu py/urdu khabre/urdu sunte/urdu hai/urdu to/urdu t.v/urdu py/urdu ye/urdu log/urdu ate/urdu hai/urdu to/urdu mazbori/urdu me/urdu inka/urdu jhot/urdu sunte/urdu hai/urdu majbori/urdu unki/urdu ye/urdu hai/urdu k/urdu unko/urdu mob/urdu use/urdu krna/urdu ni/urdu ata/urdu
BaMLBWWvNHA,"Rajat family 9.3 million Tere paas Kya Hai Jal Gayi Jali Teri bhai tension na la tu bhai socha rajat kaise 9.3M kaise kare liya almost beautiful wife, ko dikha kar Nahi Apne Dham Par 9.3M kiya hai is Pagal ko Bolo Jal rahi Hai? Accha se",yes,offensive,na,anger,"Rajat/urdu family/urdu 9.3/urdu million/urdu Tere/urdu paas/urdu Kya/urdu Hai/urdu Jal/urdu Gayi/urdu Jali/urdu Teri/urdu bhai/urdu tension/urdu na/urdu la/urdu tu/urdu bhai/urdu socha/urdu rajat/urdu kaise/urdu 9.3M/urdu kaise/urdu kare/urdu liya/urdu almost/urdu beautiful/english wife,/english ko/urdu dikha/urdu kar/urdu Nahi/urdu Apne/urdu Dham/urdu Par/urdu 9.3M/urdu kiya/urdu hai/urdu is/urdu Pagal/urdu ko/urdu Bolo/urdu Jal/urdu rahi/urdu Hai?/urdu Accha/urdu se/urdu"
zXAAAXogJ78,Masha  amazing  n nice  sharing bhai challenge  was funny  khush  rahain  Ameen  🎉🎉🎉🎉,no,none,na,joy,Masha/urdu amazing/urdu n/urdu nice/urdu sharing/english bhai/urdu challenge/urdu was/english funny/english khush/urdu rahain/urdu Ameen/urdu 🎉🎉🎉🎉/urdu
BaMLBWWvNHA,Yar shut up ye kia our ye Jo emoji lagai he oof,yes,offensive,na,anger,Yar/urdu shut/english up/urdu ye/urdu kia/urdu our/urdu ye/urdu Jo/urdu emoji/urdu lagai/urdu he/urdu oof/urdu
XHQrr9fmTkc,Ye Rabia Kuch zada attitude dekha rhi ha Fatima apko koi hamri Fatima ko attitude dekhaye hm bardasht nai kre ge 😡😠,no,none,na,anger,Ye/urdu Rabia/urdu Kuch/urdu zada/urdu attitude/urdu dekha/urdu rhi/urdu ha/urdu Fatima/urdu apko/urdu koi/urdu hamri/urdu Fatima/urdu ko/urdu attitude/urdu dekhaye/urdu hm/urdu bardasht/urdu nai/urdu kre/urdu ge/urdu 😡😠/urdu
BaMLBWWvNHA,Rajab ko ap fitna keh rhy ho...... good 😂,yes,offensive,na,joy|anger,Rajab/urdu ko/urdu ap/urdu fitna/urdu keh/urdu rhy/urdu ho....../urdu good/urdu 😂/urdu
Erif7Vj9NSQ,Ap ko ka ham sab aik dosra ka bhan bhia hi hia,no,none,na,none,Ap/urdu ko/urdu ka/urdu ham/urdu sab/urdu aik/urdu dosra/urdu ka/urdu bhan/urdu bhia/urdu hi/urdu hia/urdu
EyrNOfyxSBQ,Nice filam mujhe bhut achi lagi nice,no,none,na,joy,Nice/urdu filam/urdu mujhe/urdu bhut/urdu achi/urdu lagi/urdu nice/urdu
IMnXqYDHhZI,Zulqarnain Bhai vlog is best❤,no,none,na,joy,Zulqarnain/urdu Bhai/urdu vlog/urdu is/urdu best❤/urdu
gvG35CxYOLg,Ap ab zayada vlogs ku nae daltay,no,none,na,sadness,Ap/urdu ab/urdu zayada/urdu vlogs/urdu ku/urdu nae/urdu daltay/urdu
ttL6k7wzGmQ,Awam k khoon choose rahay mulak brbad hi ga hien ya khod garaz bezameer   Mufad persat  pher ak dossry k sath daramy kr rahy noon or ppp  awam ko  petrool mill nahi rahay or en mafia kdirdaro be hesso k protocol hi nahi khatam hotay so sad situation in pakistan😢,no,offensive,na,anger|sadness,Awam/urdu k/urdu khoon/urdu choose/urdu rahay/urdu mulak/urdu brbad/urdu hi/urdu ga/urdu hien/urdu ya/urdu khod/urdu garaz/urdu bezameer/urdu Mufad/urdu persat/urdu pher/urdu ak/urdu dossry/urdu k/urdu sath/urdu daramy/urdu kr/urdu rahy/urdu noon/urdu or/urdu ppp/urdu awam/urdu ko/urdu petrool/urdu mill/urdu nahi/urdu rahay/urdu or/urdu en/urdu mafia/urdu kdirdaro/urdu be/urdu hesso/urdu k/urdu protocol/urdu hi/urdu nahi/urdu khatam/urdu hotay/urdu so/urdu sad/urdu situation/urdu in/urdu pakistan😢/urdu
Erif7Vj9NSQ,Api ab to un ki.beti ha anaviy,no,none,na,none,Api/urdu ab/urdu to/urdu un/urdu ki.beti/urdu ha/urdu anaviy/urdu
BljaIOvFkcM,Imran bhai Allah pak apko lambi Zindagi de aur Allah pak apko Khush rakhe ameen ❤❤❤❤❤❤❤,no,none,na,joy,Imran/urdu bhai/urdu Allah/urdu pak/urdu apko/urdu lambi/urdu Zindagi/urdu de/urdu aur/urdu Allah/urdu pak/urdu apko/urdu Khush/urdu rakhe/urdu ameen/urdu ❤❤❤❤❤❤❤/urdu
WJxfQWiP9DQ,"Sir, Aap nay thok kay rakh dya Muniray & Company Ko - In every minute of your vlog.",no,none,na,none,"Sir,/urdu Aap/urdu nay/urdu thok/urdu kay/urdu rakh/urdu dya/urdu Muniray/urdu &/urdu Company/urdu Ko/urdu -/urdu In/english every/english minute/english of/english your/english vlog./english"
BljaIOvFkcM,"Again Bhai Imran May Allah accept your sacrifices and keep us up to date with terrorism, Pakistan financially bankrupt, morally bankrupt due to these thugs controlling Pakistan",yes,offensive,na,anger|sadness,"Again/english Bhai/english Imran/english May/urdu Allah/english accept/english your/urdu sacrifices/english and/english keep/english us/english up/english to/english date/english with/english terrorism,/english Pakistan/english financially/english bankrupt,/english morally/english bankrupt/english due/english to/english these/english thugs/english controlling/urdu Pakistan/english"
BljaIOvFkcM,General gadaar nhi ho sakte wo dalaal Hein apni family ko Americans ko pesh karte Hein,no,hate,na,anger,General/urdu gadaar/urdu nhi/urdu ho/urdu sakte/urdu wo/urdu dalaal/urdu Hein/urdu apni/urdu family/urdu ko/urdu Americans/urdu ko/urdu pesh/urdu karte/urdu Hein/urdu
gvG35CxYOLg,isky baaad constipation to pakki hai 😢😢😢,no,offensive,na,none,isky/urdu baaad/urdu constipation/urdu to/urdu pakki/urdu hai/urdu 😢😢😢/urdu
eY0i4nBXqdY,😅 achcha mujhe pata hai aap kya jante Hain sardiyon ke. Ivy league,yes,none,na,none,😅/urdu achcha/urdu mujhe/urdu pata/urdu hai/urdu aap/urdu kya/urdu jante/urdu Hain/urdu sardiyon/urdu ke./urdu Ivy/urdu league/urdu
VUKai4CZSNw,AROOB KO TLAQ DA DA BONADA TATTI    WADDI BOND WALE,yes,offensive,na,none,AROOB/urdu KO/urdu TLAQ/urdu DA/urdu DA/urdu BONADA/urdu TATTI/urdu WADDI/urdu BOND/urdu WALE/urdu
4k0ZV0UFZSw,Mashallah feeld marshall ke sollah check kar ln,yes,none,na,none,Mashallah/urdu feeld/urdu marshall/urdu ke/urdu sollah/urdu check/urdu kar/urdu ln/urdu
zXAAAXogJ78,Hajj kr k aya hai or kaam janwaroun waley kr rha,yes,offensive,na,anger,Hajj/urdu kr/urdu k/urdu aya/urdu hai/urdu or/urdu kaam/urdu janwaroun/urdu waley/urdu kr/urdu rha/urdu
8ksTrbtyTco,Nai ye zidati hui hy team RHS ko win hona chahiye tha,no,none,na,sadness,Nai/urdu ye/urdu zidati/urdu hui/urdu hy/urdu team/urdu RHS/urdu ko/urdu win/urdu hona/urdu chahiye/urdu tha/urdu
EyrNOfyxSBQ,Ye film hamare gar ki story hai😢,no,none,na,sadness,Ye/urdu film/urdu hamare/urdu gar/urdu ki/urdu story/urdu hai😢/urdu
HeZ2VBdJeOk,Sara mulk ghaddar ha bus yeh 7 lakh   log hi loyal hain,no,offensive,na,anger,Sara/urdu mulk/urdu ghaddar/urdu ha/urdu bus/urdu yeh/urdu 7/urdu lakh/urdu log/urdu hi/urdu loyal/urdu hain/urdu
EyrNOfyxSBQ,Ye kaisi kahani thi awain,yes,none,na,none,Ye/urdu kaisi/urdu kahani/urdu thi/urdu awain/urdu
nqbNLe84dpM,Achi shirt le kr aaye,no,none,na,joy,Achi/urdu shirt/urdu le/urdu kr/urdu aaye/urdu
IMnXqYDHhZI,MashaAllah kanwal apki r zulqarnain ki sb s achi bat ya ha k ap n kbhi shokhian ni marri bhot ajiz ho ap har waqt Allah Pak ka shukar ada krty ho Baki vlogers tu 4 paisy kama kr Zameen p pao ni rakhty,no,none,na,joy,MashaAllah/urdu kanwal/urdu apki/urdu r/urdu zulqarnain/urdu ki/urdu sb/urdu s/urdu achi/urdu bat/urdu ya/urdu ha/urdu k/urdu ap/urdu n/urdu kbhi/urdu shokhian/urdu ni/urdu marri/urdu bhot/urdu ajiz/urdu ho/urdu ap/urdu har/urdu waqt/urdu Allah/urdu Pak/urdu ka/urdu shukar/urdu ada/urdu krty/urdu ho/urdu Baki/urdu vlogers/urdu tu/urdu 4/urdu paisy/urdu kama/urdu kr/urdu Zameen/urdu p/urdu pao/urdu ni/urdu rakhty/urdu
UiYpRBQ74fs,Well Said Imran Bhai...Our true hero....sacha bahadur Fighter.,no,none,na,joy,Well/english Said/english Imran/english Bhai...Our/english true/english hero....sacha/urdu bahadur/urdu Fighter./urdu
VUKai4CZSNw,Gawar pana mazak mein dete ho ya sachme ho?,yes,none,na,none,Gawar/urdu pana/urdu mazak/urdu mein/urdu dete/urdu ho/urdu ya/urdu sachme/urdu ho?/urdu
gvG35CxYOLg,Abhi raat k 3 baje rahe hein aur kal mujhe school 🏫 Jana ha ajeeb 😒🥲,yes,none,na,sadness,Abhi/urdu raat/urdu k/urdu 3/urdu baje/urdu rahe/urdu hein/urdu aur/urdu kal/urdu mujhe/urdu school/urdu 🏫/urdu Jana/urdu ha/urdu ajeeb/urdu 😒🥲/urdu
zXAAAXogJ78,Sab Kuch niya fringpan bhi niya le ayen Bhai...,no,none,na,none,Sab/urdu Kuch/urdu niya/urdu fringpan/urdu bhi/urdu niya/urdu le/urdu ayen/urdu Bhai.../urdu
N-0DINjOMlY,AP log gai Khan ho,no,none,na,none,AP/urdu log/urdu gai/urdu Khan/urdu ho/urdu
BljaIOvFkcM,DSP hungu Kay liye tu bohat duaye maang rahay ho kabhi begunah pashtun bacho aur aurato Kay liye iss Tarah duaye maangi hain aap nay???!!!!!?????.,no,offensive,na,anger|sadness,DSP/urdu hungu/urdu Kay/urdu liye/urdu tu/urdu bohat/urdu duaye/urdu maang/urdu rahay/urdu ho/urdu kabhi/urdu begunah/urdu pashtun/urdu bacho/urdu aur/urdu aurato/urdu Kay/urdu liye/urdu iss/urdu Tarah/urdu duaye/urdu maangi/urdu hain/urdu aap/urdu nay???!!!!!?????./urdu
8ksTrbtyTco,RHS n acha bnaya ho ga,no,none,na,none,RHS/urdu n/urdu acha/urdu bnaya/urdu ho/urdu ga/urdu
zXAAAXogJ78,9:39 pr ayesha ki bari thi,no,none,na,none|surprise,9:39/urdu pr/urdu ayesha/urdu ki/urdu bari/urdu thi/urdu
gvG35CxYOLg,Mexican Roti k under chatni dal k bna diya,no,none,na,none,Mexican/urdu Roti/urdu k/urdu under/urdu chatni/urdu dal/urdu k/urdu bna/urdu diya/urdu
hhFGhAo4ZfY,Hassan ne cheating ki he,yes,none,na,anger,Hassan/urdu ne/urdu cheating/urdu ki/urdu he/urdu
eY0i4nBXqdY,Aapki video mujhe bahut pasand hai vah meri aapki bahut badi youtuber hun,no,none,na,joy,Aapki/urdu video/urdu mujhe/urdu bahut/urdu pasand/urdu hai/urdu vah/urdu meri/urdu aapki/urdu bahut/urdu badi/urdu youtuber/urdu hun/urdu
eY0i4nBXqdY,Real Fatima ki humne dekha hua hai,no,none,na,none,Real/urdu Fatima/urdu ki/urdu humne/urdu dekha/urdu hua/urdu hai/urdu
PKFU1F2QEMQ,Bhn allha app ko taki dy,no,none,na,none|joy,Bhn/urdu allha/urdu app/urdu ko/urdu taki/urdu dy/urdu
4k0ZV0UFZSw,Allah Pak apko such bol na ke takat dain,no,none,na,none,Allah/urdu Pak/urdu apko/urdu such/urdu bol/urdu na/urdu ke/urdu takat/urdu dain/urdu
BaMLBWWvNHA,Ai din iss per fir hoi hoti ha,yes,none,na,none,Ai/urdu din/urdu iss/urdu per/urdu fir/urdu hoi/urdu hoti/urdu ha/urdu
BmpRnfu16YA,Mera gar be same hai❤❤,no,none,na,none,Mera/urdu gar/urdu be/urdu same/urdu hai❤❤/urdu
PKFU1F2QEMQ,Mashallah allha pak sbko asa ghr day Aysha bohat pyara ghr hai ❤,no,none,na,joy|none,Mashallah/urdu allha/urdu pak/urdu sbko/urdu asa/urdu ghr/urdu day/urdu Aysha/urdu bohat/urdu pyara/urdu ghr/urdu hai/urdu ❤/urdu
4k0ZV0UFZSw,1 KALAY BAKRAY KA SADQA...  BUS.... PAKISTAN AZAD.... ONLY SOLUTION,yes,none,na,none,1/urdu KALAY/urdu BAKRAY/urdu KA/urdu SADQA.../urdu BUS..../urdu PAKISTAN/urdu AZAD..../urdu ONLY/urdu SOLUTION/urdu
XHQrr9fmTkc,Fatima api Jo ap ki mama na mine pizza banha tha vo mara sa ni bana or mama sa dant per gi,no,none,na,none|sadness,Fatima/urdu api/urdu Jo/urdu ap/urdu ki/urdu mama/urdu na/urdu mine/urdu pizza/urdu banha/urdu tha/urdu vo/urdu mara/urdu sa/urdu ni/urdu bana/urdu or/urdu mama/urdu sa/urdu dant/urdu per/urdu gi/urdu
EyrNOfyxSBQ,Kia matlab kuch bi acting he ni karni ati Rabia ko to😊,yes,none,na,none,Kia/urdu matlab/urdu kuch/urdu bi/urdu acting/urdu he/urdu ni/urdu karni/urdu ati/urdu Rabia/urdu ko/urdu to😊/urdu
8ksTrbtyTco,Phadda hoty hoty reh gya dono teams Mein,no,none,na,none,Phadda/urdu hoty/urdu hoty/urdu reh/urdu gya/urdu dono/urdu teams/urdu Mein/urdu
IMnXqYDHhZI,Pese b to ate ha vlog sy,yes,none,na,none,Pese/urdu b/urdu to/urdu ate/urdu ha/urdu vlog/urdu sy/urdu
zXAAAXogJ78,Are itna Sara khana nhi rkhne,no,none,na,none|surprise,Are/urdu itna/urdu Sara/urdu khana/urdu nhi/urdu rkhne/urdu
IMnXqYDHhZI,Mashallah mashallah bahut pyare so jao baithe andapuram ko pahnana Naseeb Karen 😊 ameen ameen ❤❤❤❤,no,none,na,none,Mashallah/urdu mashallah/urdu bahut/urdu pyare/urdu so/urdu jao/urdu baithe/urdu andapuram/urdu ko/urdu pahnana/urdu Naseeb/urdu Karen/urdu 😊/urdu ameen/urdu ameen/urdu ❤❤❤❤/urdu
EyrNOfyxSBQ,dua kara ka mere 900 number ajay 10 class mai 40 log ameen bolo allah mujay or tamam bacho ko kamyab karay ameen suma ameen ❤,no,none,na,none,dua/urdu kara/urdu ka/urdu mere/urdu 900/urdu number/urdu ajay/urdu 10/urdu class/urdu mai/urdu 40/urdu log/urdu ameen/urdu bolo/urdu allah/urdu mujay/urdu or/urdu tamam/urdu bacho/urdu ko/urdu kamyab/urdu karay/urdu ameen/urdu suma/urdu ameen/urdu ❤/urdu
BaMLBWWvNHA,"Rajab aik du takkay ka insaan hai ....
Jis ko aukaat se zada mil jaey usko hazam nhi hua na hi paisa na hi fame......",yes,offensive,na,anger,Rajab/urdu aik/urdu du/urdu takkay/urdu ka/urdu insaan/urdu hai/urdu ..../urdu Jis/urdu ko/urdu aukaat/urdu se/urdu zada/urdu mil/urdu jaey/urdu usko/urdu hazam/urdu nhi/urdu hua/urdu na/urdu hi/urdu paisa/urdu na/urdu hi/urdu fame....../urdu
IMnXqYDHhZI,Main bi apka vlog on kr ky khana khati ho vlog apka na laga howa ho to mujsy khana ni kheya jata 😢,no,none,na,joy|sadness,Main/urdu bi/urdu apka/urdu vlog/urdu on/urdu kr/urdu ky/urdu khana/urdu khati/urdu ho/urdu vlog/urdu apka/urdu na/urdu laga/urdu howa/urdu ho/urdu to/urdu mujsy/urdu khana/urdu ni/urdu kheya/urdu jata/urdu 😢/urdu
BaMLBWWvNHA,Oye rajjab butt k khilaf baat na kr thek ha na,no,offensive,na,anger,Oye/urdu rajjab/urdu butt/urdu k/urdu khilaf/urdu baat/urdu na/urdu kr/urdu thek/urdu ha/urdu na/urdu
UiYpRBQ74fs,Aoa.imran bhai ap forces k bandy ko bhi sheed or kashmeeri  ko bhi shaheed  bol ray han.jb k mari ray m pro.munwer hassn ki bat sy qail hn.,no,offensive,na,anger|sadness,Aoa.imran/urdu bhai/urdu ap/urdu forces/urdu k/urdu bandy/urdu ko/urdu bhi/urdu sheed/urdu or/urdu kashmeeri/urdu ko/urdu bhi/urdu shaheed/urdu bol/urdu ray/urdu han.jb/urdu k/urdu mari/urdu ray/urdu m/urdu pro.munwer/urdu hassn/urdu ki/urdu bat/urdu sy/urdu qail/urdu hn./urdu
FH8OUP2_sN4,Inke sath itna paisa kahan se a Gaya itni to inhone bahut jyada shopping kar lo ek karod rupaye ka note shopping ki hai meri andaaz which this money,yes,none,na,surprise,Inke/urdu sath/urdu itna/urdu paisa/urdu kahan/urdu se/urdu a/urdu Gaya/urdu itni/urdu to/urdu inhone/urdu bahut/urdu jyada/urdu shopping/urdu kar/urdu lo/urdu ek/urdu karod/urdu rupaye/urdu ka/urdu note/urdu shopping/urdu ki/urdu hai/urdu meri/urdu andaaz/urdu which/english this/english money/english
VUKai4CZSNw,Ducky bhai plzzz apni bedsheet change kr lain it’s toooo old 1 year sa yahi bedsheet ha,yes,offensive,na,none,Ducky/urdu bhai/urdu plzzz/urdu apni/urdu bedsheet/urdu change/urdu kr/urdu lain/urdu it’s/urdu toooo/urdu old/urdu 1/urdu year/urdu sa/urdu yahi/urdu bedsheet/urdu ha/urdu
EyrNOfyxSBQ,2mnt ki flm 😂😂😂,yes,none,na,none,2mnt/urdu ki/urdu flm/urdu 😂😂😂/urdu
BaMLBWWvNHA,Bro Kesy ku Kuch nahi sekhna cahiye Baad MN vo hi ap KY muqably MN aa jata litterly😢,no,none,na,sadness,Bro/urdu Kesy/urdu ku/urdu Kuch/urdu nahi/urdu sekhna/urdu cahiye/urdu Baad/urdu MN/urdu vo/urdu hi/urdu ap/urdu KY/urdu muqably/urdu MN/urdu aa/urdu jata/urdu litterly😢/urdu
XHQrr9fmTkc,Fatima API ap ne yellow colour ka challenge Kiya ab Zara Pink colour ka challenge kare please 🥺 please 🥺 please 🥺 me zarur dekhu gi please 🥺🙏🙏🙏🙏🙏and again you are the best vloger in the world 🌍,no,none,na,joy,Fatima/urdu API/urdu ap/urdu ne/urdu yellow/urdu colour/urdu ka/urdu challenge/urdu Kiya/urdu ab/urdu Zara/urdu Pink/urdu colour/urdu ka/urdu challenge/urdu kare/urdu please/urdu 🥺/ambiguous please/urdu 🥺/ambiguous please/urdu 🥺/english me/urdu zarur/urdu dekhu/urdu gi/urdu please/urdu 🥺🙏🙏🙏🙏🙏and/ambiguous again/english you/english are/english the/english best/english vloger/english in/english the/english world/english 🌍/ambiguous
XHQrr9fmTkc,Please please ap green color  ka challenge  kara,no,none,na,joy|none,Please/urdu please/urdu ap/urdu green/urdu color/urdu ka/urdu challenge/urdu kara/urdu
XHQrr9fmTkc,Hay Patna Faisal main aapki bahut badi fan hun please blog mein Mera comment pade,no,none,na,none|joy,Hay/urdu Patna/urdu Faisal/urdu main/urdu aapki/urdu bahut/urdu badi/urdu fan/urdu hun/urdu please/urdu blog/urdu mein/urdu Mera/urdu comment/urdu pade/urdu
BmpRnfu16YA,. Yah Ghar bahut Pyara Hai Ghar cross Mahal pic🎉❤❤,no,none,na,joy|surprise|none,./urdu Yah/urdu Ghar/urdu bahut/urdu Pyara/urdu Hai/urdu Ghar/urdu cross/urdu Mahal/urdu pic🎉❤❤/english
Erif7Vj9NSQ,❤❤❤❤❤barat mein black colour achcha lage ga main aapki bahut badi fan hun,no,none,na,joy|none,❤❤❤❤❤barat/urdu mein/urdu black/urdu colour/urdu achcha/urdu lage/urdu ga/urdu main/urdu aapki/urdu bahut/urdu badi/urdu fan/urdu hun/urdu
BaMLBWWvNHA,Zulqar nin qasam SI me tujhe janta nhe tha Rajab bahi ki tarf SI jan ne laga tha mere kyal si ap ka fame sirf rajab bahi ki taraf Mila he,yes,none,na,sadness|anger,Zulqar/urdu nin/urdu qasam/urdu SI/urdu me/urdu tujhe/urdu janta/urdu nhe/urdu tha/urdu Rajab/urdu bahi/urdu ki/urdu tarf/urdu SI/urdu jan/urdu ne/urdu laga/urdu tha/urdu mere/urdu kyal/urdu si/urdu ap/urdu ka/urdu fame/urdu sirf/urdu rajab/urdu bahi/urdu ki/urdu taraf/urdu Mila/urdu he/urdu
zXAAAXogJ78,Kanwal ko yhi deserve krta h or koi qabool ni krta . Zeher lgti kbi achi ni lgi ye 😅😅😅😅🖐🖐🖐🖐🖐🖐🖐🖐,yes,hate,na,anger|sadness,Kanwal/urdu ko/urdu yhi/urdu deserve/urdu krta/urdu h/urdu or/urdu koi/urdu qabool/urdu ni/urdu krta/urdu ./urdu Zeher/urdu lgti/urdu kbi/urdu achi/urdu ni/urdu lgi/urdu ye/urdu 😅😅😅😅🖐🖐🖐🖐🖐🖐🖐🖐/urdu
IMnXqYDHhZI,Kanwal appi apbko Nazar ki itni tension Hoti h to AP vlogs mat banaya kare 😢,yes,offensive,na,sadness,Kanwal/urdu appi/urdu apbko/urdu Nazar/urdu ki/urdu itni/urdu tension/urdu Hoti/urdu h/urdu to/urdu AP/urdu vlogs/urdu mat/urdu banaya/urdu kare/urdu 😢/urdu
BaMLBWWvNHA,"I just want to say before even watching this video that, we trust you Zulqarnain Bhai. Sach chahiye kaisa ho, good bad ugly bahar aa hi jata hai by one way or another. I can only imagine how hard it must’ve been for you to put yourself in a position to speak all this, but it also becomes necessary at a point to stand against wrong and im so glad you did. Much love to you and your family. All my prayers and support for Kanwal and You <3",no,none,na,sadness|fear,"I/english just/english want/english to/english say/english before/english even/english watching/english this/english video/english that,/english we/english trust/english you/english Zulqarnain/english Bhai./english Sach/urdu chahiye/urdu kaisa/urdu ho,/urdu good/english bad/english ugly/english bahar/urdu aa/urdu hi/urdu jata/urdu hai/urdu by/english one/english way/english or/english another./english I/english can/english only/english imagine/english how/english hard/english it/english must’ve/english been/english for/english you/english to/english put/english yourself/english in/english a/english position/english to/english speak/english all/english this,/english but/english it/english also/english becomes/english necessary/english at/english a/english point/english to/english stand/english against/english wrong/english and/english im/english so/english glad/english you/english did./english Much/english love/english to/english you/english and/english your/english family./english All/english my/english prayers/english and/english support/english for/english Kanwal/english and/english You/english <3/ambiguous"
WJxfQWiP9DQ,Khan system Ka bap hy ❤❤❤❤❤,no,none,na,joy,Khan/urdu system/urdu Ka/urdu bap/urdu hy/urdu ❤❤❤❤❤/urdu
EyrNOfyxSBQ,Aapka last wala seen bahut dukhi tha,no,none,na,sadness,Aapka/urdu last/urdu wala/urdu seen/urdu bahut/urdu dukhi/urdu tha/urdu
FH8OUP2_sN4,"Duku kab aey ga MATLAB baby duck samjh dar k liey ishara kafi ha 2 sal marriage KO ho Gary hain koi khushkhabri Nahi suni , ducky Bhai duku Laney ki koshish karein",yes,offensive,na,none,"Duku/urdu kab/urdu aey/urdu ga/urdu MATLAB/urdu baby/urdu duck/urdu samjh/urdu dar/urdu k/urdu liey/urdu ishara/urdu kafi/urdu ha/urdu 2/urdu sal/urdu marriage/urdu KO/urdu ho/urdu Gary/urdu hain/urdu koi/urdu khushkhabri/urdu Nahi/urdu suni/urdu ,/urdu ducky/urdu Bhai/urdu duku/urdu Laney/urdu ki/urdu koshish/urdu karein/urdu"
WJxfQWiP9DQ,SB jhot Hy log ab ghussa Hy bahr Nikl rahy hn es Liya biyan dia Hy . Sirf logo ko normalize krna lia,yes,offensive,na,anger|sadness,SB/urdu jhot/urdu Hy/urdu log/urdu ab/urdu ghussa/urdu Hy/urdu bahr/urdu Nikl/urdu rahy/urdu hn/urdu es/urdu Liya/urdu biyan/urdu dia/urdu Hy/urdu ./urdu Sirf/urdu logo/urdu ko/urdu normalize/urdu krna/urdu lia/urdu
gvG35CxYOLg,Dekhkar hi Dar lag raha hai,no,none,na,fear,Dekhkar/urdu hi/urdu Dar/urdu lag/urdu raha/urdu hai/urdu
HeZ2VBdJeOk,Assalam u alaikum mohtram bhai,no,none,na,none,Assalam/urdu u/urdu alaikum/urdu mohtram/urdu bhai/urdu
8ksTrbtyTco,jafry ne dhandli ki hai,no,offensive,na,surprise,jafry/urdu ne/urdu dhandli/urdu ki/urdu hai/urdu
FH8OUP2_sN4,Bhaiya ka tatti video,yes,none,na,none,Bhaiya/urdu ka/urdu tatti/urdu video/urdu
PKFU1F2QEMQ,Room ki chat Boht peyari hai,no,none,na,joy,Room/urdu ki/urdu chat/urdu Boht/urdu peyari/urdu hai/urdu
PKFU1F2QEMQ,Ma Sha Allah bhoot nice home hy ap ka Allah sp sab ko khush rakay hamasha happy rahay very nice ap sub ki videos bhoot achi hoti hai Allah or dhay ap ko,no,none,na,joy,Ma/urdu Sha/urdu Allah/urdu bhoot/urdu nice/urdu home/urdu hy/urdu ap/urdu ka/urdu Allah/urdu sp/urdu sab/urdu ko/urdu khush/urdu rakay/urdu hamasha/urdu happy/urdu rahay/urdu very/urdu nice/urdu ap/urdu sub/urdu ki/urdu videos/urdu bhoot/urdu achi/urdu hoti/urdu hai/urdu Allah/urdu or/urdu dhay/urdu ap/urdu ko/urdu
XHQrr9fmTkc,Please please baat mafi Mera challenge karte hain yah wala❤❤❤❤❤❤❤❤,no,none,na,joy|none,Please/urdu please/urdu baat/urdu mafi/urdu Mera/urdu challenge/urdu karte/urdu hain/urdu yah/urdu wala❤❤❤❤❤❤❤❤/urdu
Erif7Vj9NSQ,Aapki ankh per kya hua fatima api red hui hui he,no,none,na,sadness,Aapki/urdu ankh/urdu per/urdu kya/urdu hua/urdu fatima/urdu api/urdu red/urdu hui/urdu hui/urdu he/urdu
-w7eMfsuRgA,The REFERENDUM SHOULD BE HONESTLY DONE BUT IT CANNOT BE CORRECTLY ANNOUNCED BEFORE WE HAVE NOT SEEN MUSHARAF DONE BECAUSE NO OPPOSITION PARTY IN A REFERENDUM BUT IS NOT AS PER ANY RULE S AS A ELECTION IS DEMOCRACY RULE WHAT THE JUDICIARY CAN BE SELECTED PARLIAMENT THE ADMINISTRATION WILL HAVE A TEAM AND A SPEAKER WILL BE FROM ADMINISTRATION OF ARMY,no,offensive,na,sadness|anger,The/english REFERENDUM/english SHOULD/english BE/english HONESTLY/english DONE/english BUT/english IT/english CANNOT/english BE/english CORRECTLY/english ANNOUNCED/english BEFORE/english WE/english HAVE/english NOT/english SEEN/english MUSHARAF/english DONE/english BECAUSE/english NO/english OPPOSITION/english PARTY/english IN/english A/english REFERENDUM/english BUT/english IS/english NOT/english AS/english PER/english ANY/english RULE/english S/english AS/english A/english ELECTION/english IS/english DEMOCRACY/english RULE/english WHAT/english THE/english JUDICIARY/english CAN/english BE/english SELECTED/english PARLIAMENT/english THE/english ADMINISTRATION/english WILL/english HAVE/english A/english TEAM/english AND/english A/english SPEAKER/english WILL/english BE/english FROM/english ADMINISTRATION/english OF/english ARMY/english
Erif7Vj9NSQ,Fatima ap kha rhti ha,no,none,na,none,Fatima/urdu ap/urdu kha/urdu rhti/urdu ha/urdu
BmpRnfu16YA,Mere ghar par bhi acy acy acy hai😶‍🌫️,no,none,na,none,Mere/urdu ghar/urdu par/urdu bhi/urdu acy/urdu acy/urdu acy/urdu hai😶‍🌫️/urdu
PKFU1F2QEMQ,Masllh both pyar ha ghr ap k ❤❤,no,none,na,joy|none,Masllh/urdu both/urdu pyar/urdu ha/urdu ghr/urdu ap/urdu k/urdu ❤❤/urdu
BaMLBWWvNHA,hasadi family aj ka bad agar rajab ka bhar ma bakwas ki na phar dakna,no,hate,na,anger,hasadi/urdu family/urdu aj/urdu ka/urdu bad/urdu agar/urdu rajab/urdu ka/urdu bhar/urdu ma/urdu bakwas/urdu ki/urdu na/urdu phar/urdu dakna/urdu
FH8OUP2_sN4,Only wala watch china full series,no,none,na,none,Only/english wala/urdu watch/english china/english full/english series/english
4k0ZV0UFZSw,"*WE ALSO CONTEMPLATING ABOUT YOU""BLOODY CIVILIAN*
*FIRST OF ALL WALAYKUM AS-SALAM WA RAHMAT UL-LAHE WA BARAKATOHU JANAB GOOD SENSE JURNALIST YOU ARE VERY NICE NEWS CASTERS ANCHOR SWEET LANGUAGE THANKS FOR PROVIDING TRUTHS NEWS*

*SECOND OF THIS,*
*ALL IS RIGHT 💯✍️BUT OUR GREAT LEADER OF KARACHI'S ALTAF HUSSEIN BHAI INDIAN AGENTS JINAHPUR WALA ""REVOLTERS""TRUE SAYINGS THAT WHICH TYPE OF HARAMI PANA BEING STARTING SHUROO IN OUR HONEST STATE PAKISTAN NEVERTHELESS, ANYHOW*

*""REVOLTER"" YOU'RE (MOST WANTED) TO OUR HONEST STATE OF PAKISTAN ZINDABAD*
*PAKISTAN IS NOW TOP ONE IN HONESTY & TRANSPARENCY INSTEAD OF JAPAN""JAPANESE ARE NOW IN NO.# TWO NOT ONE""*
*ALWAYS ABIDE IN BOLD STANCE WITH BEST PRISTAGES OUTCOME WILL BE BATTER INSHA-ALLAH*

*وعلیکم السلام ورحمتہ اللّٰہ وبرکاتہ* 
*آمین یارب العالمین*
*برکت بھری صبح کا آغاز* *قلب و روح کی گہرائیوں*
*سے نکلی ھوئی پر خلوص*
*دعا ہے*🤲🙏
*کہنا آپ کو اس*
*نعمت سے سرفراز فرماۓ*
*جس میں آپ کے لیے* :
*خیر و برکت* 🤲🙏
*آپ کا بھائی*   *شکریہ*
*بھائ احمد رضا* 🤲🙏
*آمیــــــــــــن ثم آمیــــــــــــن*
*OBSESSED OF TRUTH & JUSTICE TOP⚖️*
*DON'T WORRIES & FEARED*",no,offensive,na,none,"*WE/english ALSO/english CONTEMPLATING/english ABOUT/english YOU""BLOODY/english CIVILIAN*/english *FIRST/english OF/english ALL/english WALAYKUM/urdu AS-SALAM/urdu WA/english RAHMAT/english UL-LAHE/english WA/urdu BARAKATOHU/urdu JANAB/urdu GOOD/english SENSE/urdu JURNALIST/english YOU/urdu ARE/urdu VERY/english NICE/english NEWS/urdu CASTERS/english ANCHOR/english SWEET/urdu LANGUAGE/english THANKS/urdu FOR/english PROVIDING/english TRUTHS/english NEWS*/english *SECOND/english OF/urdu THIS,*/english *ALL/urdu IS/urdu RIGHT/english 💯✍️BUT/english OUR/english GREAT/english LEADER/english OF/urdu KARACHI'S/urdu ALTAF/english HUSSEIN/english BHAI/urdu INDIAN/urdu AGENTS/english JINAHPUR/english WALA/urdu ""REVOLTERS""TRUE/urdu SAYINGS/english THAT/english WHICH/english TYPE/english OF/english HARAMI/urdu PANA/english BEING/english STARTING/english SHUROO/urdu IN/english OUR/english HONEST/urdu STATE/english PAKISTAN/english NEVERTHELESS,/urdu ANYHOW*/urdu *""REVOLTER""/urdu YOU'RE/english (MOST/english WANTED)/urdu TO/english OUR/urdu HONEST/english STATE/english OF/urdu PAKISTAN/urdu ZINDABAD*/english *PAKISTAN/urdu IS/english NOW/urdu TOP/english ONE/urdu IN/urdu HONESTY/english &/urdu TRANSPARENCY/urdu INSTEAD/english OF/urdu JAPAN""JAPANESE/urdu ARE/english NOW/english IN/english NO.#/urdu TWO/english NOT/urdu ONE""*/english *ALWAYS/english ABIDE/urdu IN/english BOLD/urdu STANCE/english WITH/english BEST/english PRISTAGES/urdu OUTCOME/urdu WILL/urdu BE/urdu BATTER/urdu INSHA-ALLAH*/urdu *وعلیکم/urdu السلام/urdu ورحمتہ/urdu اللّٰہ/urdu وبرکاتہ*/urdu *آمین/urdu یارب/urdu العالمین*/urdu *برکت/urdu بھری/urdu صبح/urdu کا/urdu آغاز*/urdu *قلب/urdu و/urdu روح/urdu کی/urdu گہرائیوں*/urdu *سے/urdu نکلی/urdu ھوئی/urdu پر/urdu خلوص*/urdu *دعا/urdu ہے*🤲🙏/ambiguous *کہنا/urdu آپ/urdu کو/urdu اس*/urdu *نعمت/urdu سے/urdu سرفراز/urdu فرماۓ*/urdu *جس/urdu میں/urdu آپ/urdu کے/urdu لیے*/urdu :/urdu *خیر/urdu و/urdu برکت*/urdu 🤲🙏/ambiguous *آپ/urdu کا/urdu بھائی*/urdu *شکریہ*/urdu *بھائ/urdu احمد/urdu رضا*/urdu 🤲🙏/ambiguous *آمیــــــــــــن/urdu ثم/urdu آمیــــــــــــن*/urdu *OBSESSED/urdu OF/urdu TRUTH/urdu &/urdu JUSTICE/urdu TOP⚖️*/urdu *DON'T/urdu WORRIES/urdu &/urdu FEARED*/urdu"
IMnXqYDHhZI,Kanwal g ap yeah naak wali nath otar den kyun yeah Naath humhray Gaon may janwron ko Dali jati hai,yes,offensive,na,sadness|none,Kanwal/urdu g/urdu ap/urdu yeah/urdu naak/urdu wali/urdu nath/urdu otar/urdu den/urdu kyun/urdu yeah/urdu Naath/urdu humhray/urdu Gaon/urdu may/urdu janwron/urdu ko/urdu Dali/urdu jati/urdu hai/urdu
BmpRnfu16YA,Please API Fatima apnay gher ka home tour kervaday,no,none,na,none,Please/urdu API/urdu Fatima/urdu apnay/urdu gher/urdu ka/urdu home/urdu tour/urdu kervaday/urdu
BaMLBWWvNHA,Rajab ka beta zulqarnain,yes,offensive,na,anger|sadness|none,Rajab/urdu ka/urdu beta/urdu zulqarnain/urdu
BljaIOvFkcM,Jarneylo ne pura mulk barbad kr diya unho ne is mulk pr apne najaaiz qabzay ki khatir is dunia k badkirdar khabis tareen log puray mulk pr musallat kr rakhy han intehai criminal,no,hate,na,anger,Jarneylo/urdu ne/urdu pura/urdu mulk/urdu barbad/urdu kr/urdu diya/urdu unho/urdu ne/urdu is/urdu mulk/urdu pr/urdu apne/urdu najaaiz/urdu qabzay/urdu ki/urdu khatir/urdu is/urdu dunia/urdu k/urdu badkirdar/urdu khabis/urdu tareen/urdu log/urdu puray/urdu mulk/urdu pr/urdu musallat/urdu kr/urdu rakhy/urdu han/urdu intehai/urdu criminal/urdu
nqbNLe84dpM,5:05 🤣🤣🤣🤣🤣 5:08 🤣🤣🤣🤣 5:10 🤣🤣🤣🤣🤣🤣🤣🤣🤣🤣 ZABRDAST BOHAT AALAAA AREEB BHAI KAMAAL HO AP YAR AP KA KOI JAWAB HI NAI HA YAR 🤣🤣🤣🤣🤣🤣🤣🤣🤣🤣,no,none,na,joy,5:05/urdu 🤣🤣🤣🤣🤣/ambiguous 5:08/urdu 🤣🤣🤣🤣/ambiguous 5:10/urdu 🤣🤣🤣🤣🤣🤣🤣🤣🤣🤣/ambiguous ZABRDAST/urdu BOHAT/urdu AALAAA/urdu AREEB/urdu BHAI/urdu KAMAAL/urdu HO/urdu AP/urdu YAR/urdu AP/urdu KA/urdu KOI/urdu JAWAB/urdu HI/urdu NAI/urdu HA/urdu YAR/urdu 🤣🤣🤣🤣🤣🤣🤣🤣🤣🤣/ambiguous
zfjRK9s0pjA,Allah AP ko  AP jaisi bheti na dai,no,none,na,none|sadness,Allah/urdu AP/urdu ko/urdu AP/urdu jaisi/urdu bheti/urdu na/urdu dai/urdu
8ksTrbtyTco,Besharmi isrehell brnd ko promote wesy ab to lanant hi hai ap logo par ok ab to sal hi hony wala h waha bacho ko marty huy sharm mager tum ko ati nahi,no,offensive,na,anger|sadness,Besharmi/urdu isrehell/urdu brnd/urdu ko/urdu promote/urdu wesy/urdu ab/urdu to/urdu lanant/urdu hi/urdu hai/urdu ap/urdu logo/urdu par/urdu ok/urdu ab/urdu to/urdu sal/urdu hi/urdu hony/urdu wala/urdu h/urdu waha/urdu bacho/urdu ko/urdu marty/urdu huy/urdu sharm/urdu mager/urdu tum/urdu ko/urdu ati/urdu nahi/urdu
zXAAAXogJ78,Plzzzz apni apa ki 2nd marriage krwa dyn she is young,no,none,na,sadness,Plzzzz/urdu apni/urdu apa/urdu ki/urdu 2nd/urdu marriage/urdu krwa/urdu dyn/urdu she/english is/english young/english
N-0DINjOMlY,Pehli br dekha choty bachy ko akeala chor kr jaty,no,none,na,sadness|surprise,Pehli/urdu br/urdu dekha/urdu choty/urdu bachy/urdu ko/urdu akeala/urdu chor/urdu kr/urdu jaty/urdu
hhFGhAo4ZfY,Bhi phaly wali jga py video bnya karo bhi ma okara say,no,none,na,none,Bhi/urdu phaly/urdu wali/urdu jga/urdu py/urdu video/urdu bnya/urdu karo/urdu bhi/urdu ma/urdu okara/urdu say/urdu
BljaIOvFkcM,Azad Kashmir main forces awam ka qatal e aam kar rehe he or dusri taraf dehshat gardoo ke hathoo forces ka qatal e aam ho raha hai isko kehtay he jaisi karni waisi bharni,no,offensive,na,anger|sadness,Azad/urdu Kashmir/urdu main/urdu forces/urdu awam/urdu ka/urdu qatal/urdu e/urdu aam/urdu kar/urdu rehe/urdu he/urdu or/urdu dusri/urdu taraf/urdu dehshat/urdu gardoo/urdu ke/urdu hathoo/urdu forces/urdu ka/urdu qatal/urdu e/urdu aam/urdu ho/urdu raha/urdu hai/urdu isko/urdu kehtay/urdu he/urdu jaisi/urdu karni/urdu waisi/urdu bharni/urdu
IMnXqYDHhZI,Kawal manya Kary acha banati hy,no,none,na,none,Kawal/urdu manya/urdu Kary/urdu acha/urdu banati/urdu hy/urdu
nqbNLe84dpM,Koi ab iqra ka vlog na dekhe jab tak wo anaviya ka face reveal na ker de,no,none,na,sadness,Koi/urdu ab/urdu iqra/urdu ka/urdu vlog/urdu na/urdu dekhe/urdu jab/urdu tak/urdu wo/urdu anaviya/urdu ka/urdu face/urdu reveal/urdu na/urdu ker/urdu de/urdu
8ksTrbtyTco,Teri biwi saar ki dard hey😢,yes,none,na,sadness,Teri/urdu biwi/urdu saar/urdu ki/urdu dard/urdu hey😢/urdu
gvG35CxYOLg,Ooo bhai apko 25 topon ki salami hai.Apki himmat ko salam😢😢😢😢,yes,none,na,joy|surprise,Ooo/urdu bhai/urdu apko/urdu 25/urdu topon/urdu ki/urdu salami/urdu hai.Apki/urdu himmat/urdu ko/urdu salam😢😢😢😢/urdu
N-0DINjOMlY,Please check dm bhai 😢😢😢😢,no,none,na,none,Please/english check/english dm/english bhai/urdu 😢😢😢😢/ambiguous
BljaIOvFkcM,Allah pak imran Khan ko sehat ata farmae or in sab ko hadeat de or ham sab ko apni hifazat men rakhy Great leadar imran Khan I love you ❤❤❤❤❤❤❤❤❤❤❤❤❤❤❤❤❤❤❤❤❤❤,no,none,na,none,Allah/urdu pak/urdu imran/urdu Khan/urdu ko/urdu sehat/urdu ata/urdu farmae/urdu or/urdu in/urdu sab/urdu ko/urdu hadeat/urdu de/urdu or/urdu ham/urdu sab/urdu ko/urdu apni/urdu hifazat/urdu men/urdu rakhy/urdu Great/urdu leadar/urdu imran/urdu Khan/urdu I/urdu love/urdu you/urdu ❤❤❤❤❤❤❤❤❤❤❤❤❤❤❤❤❤❤❤❤❤❤/urdu
nqbNLe84dpM,Api apny KPK kab ana hai mujhy ap bhut achi lagati han main larki hun iqar api ❤,no,none,na,joy|none,Api/urdu apny/urdu KPK/urdu kab/urdu ana/urdu hai/urdu mujhy/urdu ap/urdu bhut/urdu achi/urdu lagati/urdu han/urdu main/urdu larki/urdu hun/urdu iqar/urdu api/urdu ❤/urdu
BmpRnfu16YA,Man wo hon man pindi ki jann,no,none,na,joy|none,Man/urdu wo/urdu hon/urdu man/urdu pindi/urdu ki/urdu jann/urdu
BmpRnfu16YA,Aapki Hawa lag rahi hai ki usko homework nahin karvana hai aap jabardasti Aaye Hain,no,none,na,none,Aapki/urdu Hawa/urdu lag/urdu rahi/urdu hai/urdu ki/urdu usko/urdu homework/urdu nahin/urdu karvana/urdu hai/urdu aap/urdu jabardasti/urdu Aaye/urdu Hain/urdu
VUKai4CZSNw,"Tu kanjar he ya shareef he Kisi baazaari khandaan Ka Lagta he , kameeney poori vedio me oye hoye oye hoye oye hoye hoye hoye macha rakhi he , saaley suwwar baat to dhang sey Kar kameeney",no,hate,na,anger,"Tu/urdu kanjar/urdu he/urdu ya/urdu shareef/urdu he/urdu Kisi/urdu baazaari/urdu khandaan/urdu Ka/urdu Lagta/urdu he/urdu ,/urdu kameeney/urdu poori/urdu vedio/urdu me/urdu oye/urdu hoye/urdu oye/urdu hoye/urdu oye/urdu hoye/urdu hoye/urdu hoye/urdu macha/urdu rakhi/urdu he/urdu ,/urdu saaley/urdu suwwar/urdu baat/urdu to/urdu dhang/urdu sey/urdu Kar/urdu kameeney/urdu"
XHQrr9fmTkc,Fatima api achi lag rahi ho❤,no,none,na,joy,Fatima/urdu api/urdu achi/urdu lag/urdu rahi/urdu ho❤/urdu
BaMLBWWvNHA,"Mashallah, hats off to you zulqarnain bhai🥳",no,none,na,joy,"Mashallah,/urdu hats/english off/english to/english you/english zulqarnain/urdu bhai🥳/urdu"
zfjRK9s0pjA,Hi him bhi 4 Berne had no bhai,no,none,na,none|surprise,Hi/urdu him/urdu bhi/urdu 4/urdu Berne/urdu had/urdu no/urdu bhai/urdu
WJxfQWiP9DQ,Jazzak Allah Kher Imran Riaz Khan Bhai ❤❤❤,no,none,na,none,Jazzak/urdu Allah/urdu Kher/urdu Imran/urdu Riaz/urdu Khan/urdu Bhai/urdu ❤❤❤/urdu
4k0ZV0UFZSw,"Goli q chlai ?
Ay hakmy wakt tery aor tery spotars dono k kardar py thoooooooo 🖐️",yes,offensive,na,none|anger,Goli/urdu q/urdu chlai/urdu ?/urdu Ay/urdu hakmy/urdu wakt/urdu tery/urdu aor/urdu tery/urdu spotars/urdu dono/urdu k/urdu kardar/urdu py/urdu thoooooooo/urdu 🖐️/urdu
BljaIOvFkcM,TUUN K RAKHOOOOO KASHMIRI'S WELL-DONE 💪💪💪💪💪💪💪💪💪💪,yes,offensive,na,anger,TUUN/urdu K/urdu RAKHOOOOO/urdu KASHMIRI'S/urdu WELL-DONE/urdu 💪💪💪💪💪💪💪💪💪💪/urdu
BaMLBWWvNHA,Muje sharm arhe he hor Dil pe bara batar rakh ki viduo dekh rha ho ..ap ka khna he us ko apne pese kese see delwaie chlo hesa tek magar atna socho ap ko rajab bahi ne Kya Kya azat die,no,offensive,na,anger|sadness,Muje/urdu sharm/urdu arhe/urdu he/urdu hor/urdu Dil/urdu pe/urdu bara/urdu batar/urdu rakh/urdu ki/urdu viduo/urdu dekh/urdu rha/urdu ho/urdu ..ap/urdu ka/urdu khna/urdu he/urdu us/urdu ko/urdu apne/urdu pese/urdu kese/urdu see/urdu delwaie/urdu chlo/urdu hesa/urdu tek/urdu magar/urdu atna/urdu socho/urdu ap/urdu ko/urdu rajab/urdu bahi/urdu ne/urdu Kya/urdu Kya/urdu azat/urdu die/urdu
IMnXqYDHhZI,Mashallah fv8 couple dono aise e hasi Khushi vlogs bnye or kanwal api ap b Roz aise vlogging kre acha lga Hy,no,none,na,joy,Mashallah/urdu fv8/urdu couple/urdu dono/urdu aise/urdu e/urdu hasi/urdu Khushi/urdu vlogs/urdu bnye/urdu or/urdu kanwal/urdu api/urdu ap/urdu b/urdu Roz/urdu aise/urdu vlogging/urdu kre/urdu acha/urdu lga/urdu Hy/urdu
UiYpRBQ74fs,kashmiri hamary bhai hain kisi k bap ki jageer nhi. in k sath zulm band kia jay. khuda ka wasta h,no,offensive,na,anger,kashmiri/urdu hamary/urdu bhai/urdu hain/urdu kisi/urdu k/urdu bap/urdu ki/urdu jageer/urdu nhi./urdu in/urdu k/urdu sath/urdu zulm/urdu band/urdu kia/urdu jay./urdu khuda/urdu ka/urdu wasta/urdu h/urdu
PKFU1F2QEMQ,"Hello!

Main thumbnail designer hoon aur YouTube thumbnails banata hoon jo viewers ka attention attract karte hain.


Maine aapke channel ko dekha aur mujhe lagta hai ki main aapke videos ke liye aur bhi attractive thumbnails bana sakta hoon.


✅ Custom Thumbnail Design

✅ Fast Delivery

✅ Affordable Price


Agar aap interested hain, to main ek sample thumbnail bhi bana sakta hoon.


Thank you!",no,none,na,none,"Hello!/urdu Main/urdu thumbnail/urdu designer/urdu hoon/urdu aur/urdu YouTube/urdu thumbnails/urdu banata/urdu hoon/urdu jo/urdu viewers/urdu ka/urdu attention/urdu attract/urdu karte/urdu hain./urdu Maine/urdu aapke/urdu channel/urdu ko/urdu dekha/urdu aur/urdu mujhe/urdu lagta/urdu hai/urdu ki/urdu main/urdu aapke/urdu videos/urdu ke/urdu liye/urdu aur/urdu bhi/urdu attractive/urdu thumbnails/urdu bana/urdu sakta/urdu hoon./urdu ✅/urdu Custom/urdu Thumbnail/english Design/english ✅/urdu Fast/english Delivery/english ✅/urdu Affordable/english Price/urdu Agar/urdu aap/urdu interested/urdu hain,/urdu to/urdu main/urdu ek/urdu sample/urdu thumbnail/english bhi/urdu bana/urdu sakta/urdu hoon./urdu Thank/urdu you!/urdu"
BaMLBWWvNHA,"Bichara Rajab se jealous ho rha he ke Rajab bhai ❤ .
Itne paisy kio kma rahy Hain 😂
Hasdi family 
Anti g😂😅",yes,offensive,na,anger,Bichara/urdu Rajab/urdu se/urdu jealous/urdu ho/urdu rha/urdu he/urdu ke/urdu Rajab/urdu bhai/urdu ❤/urdu ./urdu Itne/urdu paisy/urdu kio/urdu kma/urdu rahy/urdu Hain/urdu 😂/urdu Hasdi/urdu family/urdu Anti/urdu g😂😅/urdu
FH8OUP2_sN4,Chaina mein ja kr b chuna lgwa liya 😅,yes,offensive,na,joy,Chaina/urdu mein/urdu ja/urdu kr/urdu b/urdu chuna/urdu lgwa/urdu liya/urdu 😅/urdu
PKFU1F2QEMQ,Mashallah allah baratna naseeb kare ap sab ko 🎉❤🎉,no,none,na,joy,Mashallah/urdu allah/urdu baratna/urdu naseeb/urdu kare/urdu ap/urdu sab/urdu ko/urdu 🎉❤🎉/urdu
WJxfQWiP9DQ,Mohsin nakvi jo marzi kahay hum is par bilkul yaqeen nahi kartay kyu kay asim munir kay saat mil kar aur in sayaasi jammatu kay saat mil kar is nay 9 may 26 November mureed kay kashmir aur aab pir kashmir karwaya yah sab qatil hai imran khan ko giranay kay liya sab nay mil kar mulk ko taba kiya aab yah hud peachay nahi hut sakta jis din insaf ager huwa to yah sab zimadar hu gay is waqt kashmir balochistan aur kpk may jo shahaadaty hu rahi hai us kay zimadar yah sab hai aur jo innu nay hamary kashmiriyu kay saat kiya us kay liya hum kashmiri in sab ko maf nahi karay gay .,no,offensive,na,anger|sadness,Mohsin/urdu nakvi/urdu jo/urdu marzi/urdu kahay/urdu hum/urdu is/urdu par/urdu bilkul/urdu yaqeen/urdu nahi/urdu kartay/urdu kyu/urdu kay/urdu asim/urdu munir/urdu kay/urdu saat/urdu mil/urdu kar/urdu aur/urdu in/urdu sayaasi/urdu jammatu/urdu kay/urdu saat/urdu mil/urdu kar/urdu is/urdu nay/urdu 9/urdu may/urdu 26/urdu November/urdu mureed/urdu kay/urdu kashmir/urdu aur/urdu aab/urdu pir/urdu kashmir/urdu karwaya/urdu yah/urdu sab/urdu qatil/urdu hai/urdu imran/urdu khan/urdu ko/urdu giranay/urdu kay/urdu liya/urdu sab/urdu nay/urdu mil/urdu kar/urdu mulk/urdu ko/urdu taba/urdu kiya/urdu aab/urdu yah/urdu hud/urdu peachay/urdu nahi/urdu hut/urdu sakta/urdu jis/urdu din/urdu insaf/urdu ager/urdu huwa/urdu to/urdu yah/urdu sab/urdu zimadar/urdu hu/urdu gay/urdu is/urdu waqt/urdu kashmir/urdu balochistan/urdu aur/urdu kpk/urdu may/urdu jo/urdu shahaadaty/urdu hu/urdu rahi/urdu hai/urdu us/urdu kay/urdu zimadar/urdu yah/urdu sab/urdu hai/urdu aur/urdu jo/urdu innu/urdu nay/urdu hamary/urdu kashmiriyu/urdu kay/urdu saat/urdu kiya/urdu us/urdu kay/urdu liya/urdu hum/urdu kashmiri/urdu in/urdu sab/urdu ko/urdu maf/urdu nahi/urdu karay/urdu gay/urdu ./urdu
zfjRK9s0pjA,Allah aapki beti ke naseeb acche Karen aur aapko lambi jindagi de 😊😊❤❤ aur ikra aapko sehat de aamin sumameen ❤❤,no,none,na,joy,Allah/urdu aapki/urdu beti/urdu ke/urdu naseeb/urdu acche/urdu Karen/urdu aur/urdu aapko/urdu lambi/urdu jindagi/urdu de/urdu 😊😊❤❤/urdu aur/urdu ikra/urdu aapko/urdu sehat/urdu de/urdu aamin/urdu sumameen/urdu ❤❤/urdu
zfjRK9s0pjA,Allah pak baya ko  sehat da❤😢,no,none,na,none,Allah/urdu pak/urdu baya/urdu ko/urdu sehat/urdu da❤😢/urdu
BaMLBWWvNHA,Views lene k liye rajab ko contect bna liya sharam krlo 😂😂😂😂,yes,offensive,na,none,Views/urdu lene/urdu k/urdu liye/urdu rajab/urdu ko/urdu contect/urdu bna/urdu liya/urdu sharam/urdu krlo/urdu 😂😂😂😂/urdu
IMnXqYDHhZI,Kusri k pas condet khatam hogya ab apni wife ko agy kr dya 😂😂,no,hate,na,none,Kusri/urdu k/urdu pas/urdu condet/urdu khatam/urdu hogya/urdu ab/urdu apni/urdu wife/urdu ko/urdu agy/urdu kr/urdu dya/urdu 😂😂/urdu
UiYpRBQ74fs,Sub sy bara Dala hy Jamat islami ka Dala Naeem,no,hate,na,anger,Sub/urdu sy/urdu bara/urdu Dala/urdu hy/urdu Jamat/urdu islami/urdu ka/urdu Dala/urdu Naeem/urdu
IMnXqYDHhZI,Kanwal ap plzz apni eyelashes ka secret bana daay itani barii kasay ho gai mashallah..,no,none,na,joy,Kanwal/urdu ap/urdu plzz/urdu apni/urdu eyelashes/urdu ka/urdu secret/urdu bana/urdu daay/urdu itani/urdu barii/urdu kasay/urdu ho/urdu gai/urdu mashallah../urdu
-w7eMfsuRgA,"JO APNI MOM KA APNAY NANA G KA NA HO SAKA. WOH QOOM AUR MULK K SAATH QUION KER 
SINCEAR HU GAA ??? 😅😅😅😅😅",yes,none,na,none,JO/urdu APNI/urdu MOM/urdu KA/urdu APNAY/urdu NANA/urdu G/urdu KA/urdu NA/urdu HO/urdu SAKA./urdu WOH/urdu QOOM/urdu AUR/urdu MULK/urdu K/urdu SAATH/urdu QUION/urdu KER/urdu SINCEAR/urdu HU/urdu GAA/urdu ???/urdu 😅😅😅😅😅/urdu
VUKai4CZSNw,Yaar ducky bhiee AP piyare ho sare boltay Hain aroob zayada piyare Hain per nahi aroob is Liye ache lagte Hain qun kay wo AP kay sath hote Hain AP dono ek do sare kay sath ache lagtay ho❤,no,none,na,joy,Yaar/urdu ducky/urdu bhiee/urdu AP/urdu piyare/urdu ho/urdu sare/urdu boltay/urdu Hain/urdu aroob/urdu zayada/urdu piyare/urdu Hain/urdu per/urdu nahi/urdu aroob/urdu is/urdu Liye/urdu ache/urdu lagte/urdu Hain/urdu qun/urdu kay/urdu wo/urdu AP/urdu kay/urdu sath/urdu hote/urdu Hain/urdu AP/urdu dono/urdu ek/urdu do/urdu sare/urdu kay/urdu sath/urdu ache/urdu lagtay/urdu ho❤/urdu
WJxfQWiP9DQ,"Imran Riaz Bhai Ch Abdullah Tahir candidate for PTI Okara ko Lahore main Shahid kr dia gea Allah in ko jannat main Ala mukam ata kre ameeeeen
Lakin PTI ki leadership ne ana gwara ni kia",no,none,na,sadness,Imran/urdu Riaz/urdu Bhai/urdu Ch/urdu Abdullah/urdu Tahir/urdu candidate/urdu for/urdu PTI/urdu Okara/urdu ko/urdu Lahore/urdu main/urdu Shahid/urdu kr/urdu dia/urdu gea/urdu Allah/urdu in/urdu ko/urdu jannat/urdu main/urdu Ala/urdu mukam/urdu ata/urdu kre/urdu ameeeeen/urdu Lakin/urdu PTI/urdu ki/urdu leadership/urdu ne/urdu ana/urdu gwara/urdu ni/urdu kia/urdu
4k0ZV0UFZSw,imran bhai pta nahi in manhoson se kb jaan chotay gi,yes,offensive,na,none,imran/urdu bhai/urdu pta/urdu nahi/urdu in/urdu manhoson/urdu se/urdu kb/urdu jaan/urdu chotay/urdu gi/urdu
HeZ2VBdJeOk,"Bulke 100 bln dollars money laundering ho Gai hai, since 2023 as per Mohsin Naqvi",no,none,na,none,"Bulke/urdu 100/urdu bln/urdu dollars/urdu money/urdu laundering/urdu ho/urdu Gai/urdu hai,/urdu since/urdu 2023/urdu as/urdu per/urdu Mohsin/urdu Naqvi/urdu"
8ksTrbtyTco,Please chalenge with duky bhai,no,none,na,joy,Please/english chalenge/english with/english duky/urdu bhai/urdu
XHQrr9fmTkc,Ap ki mamma ka mere jesa mobile hai same,no,none,na,joy,Ap/urdu ki/urdu mamma/urdu ka/urdu mere/urdu jesa/urdu mobile/urdu hai/urdu same/urdu
hhFGhAo4ZfY,Ye chishmish bada cheater hai. 😂😅,yes,none,na,none|joy,Ye/urdu chishmish/urdu bada/urdu cheater/urdu hai./urdu 😂😅/urdu
PKFU1F2QEMQ,Ma sha ALLAH muje bohat khushi hoi ap k new home dekh kar ALLAH pak or barkatain dy 😊🎉,no,none,na,joy,Ma/urdu sha/urdu ALLAH/urdu muje/urdu bohat/urdu khushi/urdu hoi/urdu ap/urdu k/urdu new/urdu home/urdu dekh/urdu kar/urdu ALLAH/urdu pak/urdu or/urdu barkatain/urdu dy/urdu 😊🎉/urdu
IMnXqYDHhZI,Mard ko kud hi apni izzat ka kyal nhi ha to Kya kar skte Hain bare bare Ghar may rehne say bari soch nhi hojati ha ye dunya ki orto ko dyka rahi Kay mard sar ka taj nhi poun ki juti ha😢😢😢,yes,offensive,na,anger|sadness,Mard/urdu ko/urdu kud/urdu hi/urdu apni/urdu izzat/urdu ka/urdu kyal/urdu nhi/urdu ha/urdu to/urdu Kya/urdu kar/urdu skte/urdu Hain/urdu bare/urdu bare/urdu Ghar/urdu may/urdu rehne/urdu say/urdu bari/urdu soch/urdu nhi/urdu hojati/urdu ha/urdu ye/urdu dunya/urdu ki/urdu orto/urdu ko/urdu dyka/urdu rahi/urdu Kay/urdu mard/urdu sar/urdu ka/urdu taj/urdu nhi/urdu poun/urdu ki/urdu juti/urdu ha😢😢😢/urdu
zfjRK9s0pjA,"❤❤❤❤❤fhgefhsnxasudndnxhbvd. .k V ,c kc.  Cmm c, c vklfb.kvnjnvhcbxjh,CDC jk.dlk",no,none,na,none,"❤❤❤❤❤fhgefhsnxasudndnxhbvd./urdu .k/urdu V/urdu ,c/urdu kc./urdu Cmm/urdu c,/urdu c/urdu vklfb.kvnjnvhcbxjh,CDC/urdu jk.dlk/urdu"
UiYpRBQ74fs,ye jo marzi kar ke dekh len kashmiri awam ke soch nhe badl pay gy insha Allah ap kashmiriu ke ley doa kro,no,offensive,na,anger|sadness,ye/urdu jo/urdu marzi/urdu kar/urdu ke/urdu dekh/urdu len/urdu kashmiri/urdu awam/urdu ke/urdu soch/urdu nhe/urdu badl/urdu pay/urdu gy/urdu insha/urdu Allah/urdu ap/urdu kashmiriu/urdu ke/urdu ley/urdu doa/urdu kro/urdu
eY0i4nBXqdY,Bharat ko aapko Saudi Arab,yes,none,na,none,Bharat/urdu ko/urdu aapko/urdu Saudi/urdu Arab/urdu
IMnXqYDHhZI,Mjy suchi zulqarnain bhai ke vloging psnd hits different ❤,no,none,na,joy,Mjy/urdu suchi/urdu zulqarnain/urdu bhai/urdu ke/urdu vloging/urdu psnd/urdu hits/urdu different/urdu ❤/urdu
BaMLBWWvNHA,Karachi agr tax daina chor day toh punjab ka kia hoga 😆😆😆,no,none,na,anger|sadness,Karachi/urdu agr/urdu tax/urdu daina/urdu chor/urdu day/urdu toh/urdu punjab/urdu ka/urdu kia/urdu hoga/urdu 😆😆😆/urdu
FH8OUP2_sN4,Love You ❤ Ducky Bhai,no,none,na,joy,Love/urdu You/urdu ❤/urdu Ducky/urdu Bhai/urdu
gvG35CxYOLg,On another level suno ja k Pakistani rapper shamroz butt n aag lga di h internet p kia song gaya h us n yoyo ko peechy chor dia h 😂😂😂,yes,none,na,joy,On/urdu another/urdu level/urdu suno/urdu ja/urdu k/urdu Pakistani/urdu rapper/urdu shamroz/urdu butt/urdu n/urdu aag/urdu lga/urdu di/urdu h/urdu internet/urdu p/urdu kia/urdu song/urdu gaya/urdu h/urdu us/urdu n/urdu yoyo/urdu ko/urdu peechy/urdu chor/urdu dia/urdu h/urdu 😂😂😂/urdu
nqbNLe84dpM,Ikra aap Fatima ko irritate Karenab Aap Jo block banaengeusne Fatima ko irritate Karenplease please please,yes,offensive,na,joy|surprise,Ikra/urdu aap/urdu Fatima/urdu ko/urdu irritate/urdu Karenab/urdu Aap/urdu Jo/urdu block/urdu banaengeusne/urdu Fatima/urdu ko/urdu irritate/urdu Karenplease/urdu please/urdu please/urdu
BaMLBWWvNHA,"Kya nam rkha he ""Fitna Family"" well don ❤",yes,offensive,na,none|anger,"Kya/urdu nam/urdu rkha/urdu he/urdu ""Fitna/urdu Family""/urdu well/urdu don/urdu ❤/urdu"
nqbNLe84dpM,Are bhai bahut maja aaya 🥰🥴🥴😵‍💫😵‍💫☺️☺️😣,no,none,na,joy,Are/urdu bhai/urdu bahut/urdu maja/urdu aaya/urdu 🥰🥴🥴😵‍💫😵‍💫☺️☺️😣/urdu
XHQrr9fmTkc,Ma na mujhe reply nai diya kyu,no,none,na,none,Ma/urdu na/urdu mujhe/urdu reply/urdu nai/urdu diya/urdu kyu/urdu
IMnXqYDHhZI,Ap Kisi KY bary Mai aasy nhi kah sakty aghar UN KY husband ko Bora lagy ga TU khud hi kah dy gy ap Kyu UN KY baap ban rhy hai,no,none,na,sadness,Ap/urdu Kisi/urdu KY/urdu bary/urdu Mai/urdu aasy/urdu nhi/urdu kah/urdu sakty/urdu aghar/urdu UN/urdu KY/urdu husband/urdu ko/urdu Bora/urdu lagy/urdu ga/urdu TU/urdu khud/urdu hi/urdu kah/urdu dy/urdu gy/urdu ap/urdu Kyu/urdu UN/urdu KY/urdu baap/urdu ban/urdu rhy/urdu hai/urdu
zXAAAXogJ78,Bhai abrar vlog upload ni karta q,no,none,na,sadness,Bhai/urdu abrar/urdu vlog/urdu upload/urdu ni/urdu karta/urdu q/urdu
BljaIOvFkcM,Allah pk hmary kashmiri bro k help kry ameen summa ameen 😢😢 shame on yazid munira mistri,no,offensive,na,anger|sadness,Allah/urdu pk/urdu hmary/urdu kashmiri/urdu bro/urdu k/urdu help/urdu kry/urdu ameen/urdu summa/urdu ameen/urdu 😢😢/urdu shame/urdu on/urdu yazid/urdu munira/urdu mistri/urdu
zfjRK9s0pjA,Kabhi bhi paida ho Gaya❤❤❤❤❤❤❤❤❤❤❤❤❤❤❤,no,none,na,none|joy,Kabhi/urdu bhi/urdu paida/urdu ho/urdu Gaya❤❤❤❤❤❤❤❤❤❤❤❤❤❤❤/urdu
IMnXqYDHhZI,Wife ho tu rajab butt ki eman jesi Allah ka bara fazlo o karam h achi obident bevi ka hona 🎉 eman bhabhi stay blessed ❤ Allah kanwal api ko hadayt dy very good susral Mila h isko… na-shukri aurat,no,none,na,joy,Wife/urdu ho/urdu tu/urdu rajab/urdu butt/urdu ki/urdu eman/urdu jesi/urdu Allah/urdu ka/urdu bara/urdu fazlo/urdu o/urdu karam/urdu h/urdu achi/urdu obident/urdu bevi/urdu ka/urdu hona/urdu 🎉/urdu eman/urdu bhabhi/urdu stay/english blessed/english ❤/urdu Allah/urdu kanwal/urdu api/urdu ko/urdu hadayt/urdu dy/urdu very/urdu good/urdu susral/urdu Mila/urdu h/urdu isko…/urdu na-shukri/urdu aurat/urdu
EyrNOfyxSBQ,AJ DEN KA 11 O CLOCK SE DAKHE RAHI HO,no,none,na,none,AJ/urdu DEN/urdu KA/urdu 11/urdu O/urdu CLOCK/urdu SE/urdu DAKHE/urdu RAHI/urdu HO/urdu
nqbNLe84dpM,Iqra Yar tom bohot bohot zyada pyari lag Rahi ho,no,none,na,joy,Iqra/urdu Yar/urdu tom/urdu bohot/urdu bohot/urdu zyada/urdu pyari/urdu lag/urdu Rahi/urdu ho/urdu
nqbNLe84dpM,Fatima and Hira ka Sara fight parank karo please please 🥺🥺🥺🥺🥺,no,none,na,joy,Fatima/urdu and/urdu Hira/urdu ka/urdu Sara/urdu fight/urdu parank/urdu karo/urdu please/urdu please/urdu 🥺🥺🥺🥺🥺/urdu
IMnXqYDHhZI,Shoes k liye mashallah nhi Khty,no,none,na,none,Shoes/urdu k/urdu liye/urdu mashallah/urdu nhi/urdu Khty/urdu
BljaIOvFkcM,TUUN K RAKHOOOOO KASHMIRI'S WELL-DONE 🎉🌹🎉🌹🎉🌹🎉🌹🎉🌹,no,none,na,joy,TUUN/urdu K/urdu RAKHOOOOO/urdu KASHMIRI'S/urdu WELL-DONE/urdu 🎉🌹🎉🌹🎉🌹🎉🌹🎉🌹/urdu
8ksTrbtyTco,Shahver n his wife sare umer Canada m rahy h r cooking tk ne ati.,yes,offensive,na,none,Shahver/urdu n/urdu his/urdu wife/urdu sare/urdu umer/urdu Canada/urdu m/urdu rahy/urdu h/urdu r/urdu cooking/urdu tk/urdu ne/urdu ati./urdu
IMnXqYDHhZI,Nice all vlogers mein sy ap best ho mashallah 😊,no,none,na,joy,Nice/urdu all/urdu vlogers/urdu mein/urdu sy/urdu ap/urdu best/urdu ho/urdu mashallah/urdu 😊/urdu
IMnXqYDHhZI,Nokar kaise ry sakta kanwal ky hota koi kam karty nahi bhar gomna ly jao Yai zulqarnan ky dost boy's ky sat b bhar jana sy inker nahi karty ....Apne apko larky smjhty hai 50 saal kee dayhan,yes,offensive,na,anger,Nokar/urdu kaise/urdu ry/urdu sakta/urdu kanwal/urdu ky/urdu hota/urdu koi/urdu kam/urdu karty/urdu nahi/urdu bhar/urdu gomna/urdu ly/urdu jao/urdu Yai/urdu zulqarnan/urdu ky/urdu dost/urdu boy's/urdu ky/urdu sat/urdu b/urdu bhar/urdu jana/urdu sy/urdu inker/urdu nahi/urdu karty/urdu ....Apne/urdu apko/urdu larky/urdu smjhty/urdu hai/urdu 50/urdu saal/urdu kee/urdu dayhan/urdu
nqbNLe84dpM,Zainab k sath thk howa hai,no,none,na,joy|none,Zainab/urdu k/urdu sath/urdu thk/urdu howa/urdu hai/urdu
BmpRnfu16YA,ap bhi apne ghar ka home tour do,no,none,na,none,ap/urdu bhi/urdu apne/urdu ghar/urdu ka/urdu home/urdu tour/urdu do/urdu
N-0DINjOMlY,Kanwal api plz ap hi vlogging kary,no,none,na,none,Kanwal/urdu api/urdu plz/urdu ap/urdu hi/urdu vlogging/urdu kary/urdu
PKFU1F2QEMQ,Mashallah bahut pyara Ghar hai Allah naseeb Karen sabko,no,none,na,joy,Mashallah/urdu bahut/urdu pyara/urdu Ghar/urdu hai/urdu Allah/urdu naseeb/urdu Karen/urdu sabko/urdu
EyrNOfyxSBQ,Comment Mai Allah ya Muhammad ka nam koi b na likhay video daikhni ha daikho ni daikhni to dfa ho jao is baigharat drama k comment Mai pak nam na likho shrm karo,no,none,na,sadness,Comment/urdu Mai/urdu Allah/urdu ya/urdu Muhammad/urdu ka/urdu nam/urdu koi/urdu b/urdu na/urdu likhay/urdu video/urdu daikhni/urdu ha/urdu daikho/urdu ni/urdu daikhni/urdu to/urdu dfa/urdu ho/urdu jao/urdu is/urdu baigharat/urdu drama/urdu k/urdu comment/urdu Mai/urdu pak/urdu nam/urdu na/urdu likho/urdu shrm/urdu karo/urdu
XHQrr9fmTkc,Fatima api ma na ap ko subcribe Kai ha,no,none,na,joy,Fatima/urdu api/urdu ma/urdu na/urdu ap/urdu ko/urdu subcribe/urdu Kai/urdu ha/urdu
BljaIOvFkcM,Andhay ko nazar araha hai k gilgit me ppp ko govt di gai hai or kashmir me pml n ko milni.inki noora khusti k dramaz ab fail hain .ab nai pakistani beaquf bnat ge.Allah ki madad say wo din dur nai jab ye nizam ibrat banay ga inshaa Allah .islam k name par is mulk ka jo inho ne hashar kia uska hisab allah is duniya me e le ga.inshaa Allah,no,hate,na,anger|sadness,Andhay/urdu ko/urdu nazar/urdu araha/urdu hai/urdu k/urdu gilgit/urdu me/urdu ppp/urdu ko/urdu govt/urdu di/urdu gai/urdu hai/urdu or/urdu kashmir/urdu me/urdu pml/urdu n/urdu ko/urdu milni.inki/urdu noora/urdu khusti/urdu k/urdu dramaz/urdu ab/urdu fail/urdu hain/urdu .ab/urdu nai/urdu pakistani/urdu beaquf/urdu bnat/urdu ge.Allah/urdu ki/urdu madad/urdu say/urdu wo/urdu din/urdu dur/urdu nai/urdu jab/urdu ye/urdu nizam/urdu ibrat/urdu banay/urdu ga/urdu inshaa/urdu Allah/urdu .islam/urdu k/urdu name/urdu par/urdu is/urdu mulk/urdu ka/urdu jo/urdu inho/urdu ne/urdu hashar/urdu kia/urdu uska/urdu hisab/urdu allah/urdu is/urdu duniya/urdu me/urdu e/urdu le/urdu ga.inshaa/urdu Allah/urdu
FH8OUP2_sN4,Jo Mera comment like Karen Allah us ko umra Kare Ameen,no,none,na,joy,Jo/urdu Mera/urdu comment/urdu like/urdu Karen/urdu Allah/urdu us/urdu ko/urdu umra/urdu Kare/urdu Ameen/urdu
VUKai4CZSNw,Pakistan ka sub sa barha chapri kon hai👇,yes,offensive,na,none,Pakistan/urdu ka/urdu sub/urdu sa/urdu barha/urdu chapri/urdu kon/urdu hai👇/urdu
BaMLBWWvNHA,"Bhai u earn my respect and a subscriber😊
Larkion ka bhai zulqarnain bhai
Bhai thanks for standing up for us 
How rajab speak to women😢  is what his reality is actually",no,none,na,joy,Bhai/urdu u/english earn/english my/english respect/english and/english a/english subscriber😊/english Larkion/urdu ka/urdu bhai/urdu zulqarnain/urdu bhai/urdu Bhai/urdu thanks/urdu for/english standing/english up/english for/english us/english How/english rajab/english speak/english to/english women😢/english is/english what/english his/english reality/english is/english actually/english
8ksTrbtyTco,Fake challenges. Last time ducky aur aroob ki dafa apny friends ko bula liya tha foos taste krny k ly. Is bar rhs Maha ko btaye bgr chef Le Aya. Chawal bnda.,no,none,na,none,Fake/urdu challenges./urdu Last/urdu time/urdu ducky/urdu aur/urdu aroob/urdu ki/urdu dafa/urdu apny/urdu friends/urdu ko/urdu bula/urdu liya/urdu tha/urdu foos/urdu taste/urdu krny/urdu k/urdu ly./urdu Is/urdu bar/urdu rhs/urdu Maha/urdu ko/urdu btaye/urdu bgr/urdu chef/urdu Le/urdu Aya./urdu Chawal/urdu bnda./urdu
BljaIOvFkcM,Allah Pak kashmiri bhaijo ki hiffazat farmay Ameen,no,none,na,sadness,Allah/urdu Pak/urdu kashmiri/urdu bhaijo/urdu ki/urdu hiffazat/urdu farmay/urdu Ameen/urdu
UiYpRBQ74fs,Main aaj k baad protocol nhi lon ga.,no,none,na,sadness,Main/urdu aaj/urdu k/urdu baad/urdu protocol/urdu nhi/urdu lon/urdu ga./urdu
XHQrr9fmTkc,Fatima api rabia hira api ki filam kau nahi a rahi😢❤😮😅ham intazar kar rahi hai 🎉😢😮,no,none,na,none,Fatima/urdu api/urdu rabia/urdu hira/urdu api/urdu ki/urdu filam/urdu kau/urdu nahi/urdu a/urdu rahi😢❤😮😅ham/urdu intazar/urdu kar/urdu rahi/urdu hai/urdu 🎉😢😮/urdu
8ksTrbtyTco,Oh my god donu ki wife's bht hi pohar Hain.... Kuch nhi ata siwaye sajny  sawarny k Allah ki Hafiz  ha in donu kaa..... Zerooo reward,yes,hate,na,none,Oh/urdu my/urdu god/urdu donu/urdu ki/urdu wife's/urdu bht/urdu hi/urdu pohar/urdu Hain..../urdu Kuch/urdu nhi/urdu ata/urdu siwaye/urdu sajny/urdu sawarny/urdu k/urdu Allah/urdu ki/urdu Hafiz/urdu ha/urdu in/urdu donu/urdu kaa...../urdu Zerooo/english reward/english
IMnXqYDHhZI,Kanwal Api ap bht pyari hen MASHAALLAH,no,none,na,none,Kanwal/urdu Api/urdu ap/urdu bht/urdu pyari/urdu hen/urdu MASHAALLAH/urdu
HeZ2VBdJeOk,Best beautiful good vilog bhai imran 🤲🏼🤲🏼🤲🏼🤲🏼🤲🏼🤲🏼🤲🏼🤲🏼🤲🏼🤲🏼🤲🏼🤲🏼🤲🏼🤲🏼🤲🏼🤲🏼🤲🏼🤲🏼🤲🏼🤲🏼🤲🏼🤲🏼🤲🏼🤲🏼,no,none,na,none,Best/english beautiful/english good/english vilog/urdu bhai/urdu imran/urdu 🤲🏼🤲🏼🤲🏼🤲🏼🤲🏼🤲🏼🤲🏼🤲🏼🤲🏼🤲🏼🤲🏼🤲🏼🤲🏼🤲🏼🤲🏼🤲🏼🤲🏼🤲🏼🤲🏼🤲🏼🤲🏼🤲🏼🤲🏼🤲🏼/urdu
IMnXqYDHhZI,Maza a ra kanwal api ko itna zyada vlog ma dekh k i love her,no,none,na,none,Maza/urdu a/urdu ra/urdu kanwal/urdu api/urdu ko/urdu itna/urdu zyada/urdu vlog/urdu ma/urdu dekh/urdu k/urdu i/english love/english her/english
gvG35CxYOLg,Me to easy sy kha lo gayee suchii me,no,none,na,none,Me/urdu to/urdu easy/urdu sy/urdu kha/urdu lo/urdu gayee/urdu suchii/urdu me/urdu
EyrNOfyxSBQ,Harr  kisi kay  in jesi kismat nahi hoti or ya allah in jesi kismat kisi ki na ho apnay deen or apnay allah sau durr hay bass mujra karna aata hay or young generation ko kia sikha rahi hay kay independent honay kay liye mujra karo or apnay dupattay uttar do jahil log,no,offensive,na,anger|sadness|fear,Harr/urdu kisi/urdu kay/urdu in/urdu jesi/urdu kismat/urdu nahi/urdu hoti/urdu or/urdu ya/urdu allah/urdu in/urdu jesi/urdu kismat/urdu kisi/urdu ki/urdu na/urdu ho/urdu apnay/urdu deen/urdu or/urdu apnay/urdu allah/urdu sau/urdu durr/urdu hay/urdu bass/urdu mujra/urdu karna/urdu aata/urdu hay/urdu or/urdu young/urdu generation/urdu ko/urdu kia/urdu sikha/urdu rahi/urdu hay/urdu kay/urdu independent/urdu honay/urdu kay/urdu liye/urdu mujra/urdu karo/urdu or/urdu apnay/urdu dupattay/urdu uttar/urdu do/urdu jahil/urdu log/urdu
nqbNLe84dpM,Inki 4 bheno k sat asy he hona chay hahahahaha,yes,offensive,na,anger,Inki/urdu 4/urdu bheno/urdu k/urdu sat/urdu asy/urdu he/urdu hona/urdu chay/urdu hahahahaha/urdu
nqbNLe84dpM,Api me ap ke boat bari fan ho,no,none,na,joy,Api/urdu me/urdu ap/urdu ke/urdu boat/urdu bari/urdu fan/urdu ho/urdu
nqbNLe84dpM,Many ab apka vlog ni deakhna ap  apni betika face ni deakti ha,no,none,na,sadness,Many/urdu ab/urdu apka/urdu vlog/urdu ni/urdu deakhna/urdu ap/urdu apni/urdu betika/urdu face/urdu ni/urdu deakti/urdu ha/urdu
BljaIOvFkcM,Imran Bhai app ki video direct play nh ho rai downland kr ka phr dakhna pad Rai ha,no,none,na,sadness,Imran/urdu Bhai/urdu app/urdu ki/urdu video/urdu direct/urdu play/urdu nh/urdu ho/urdu rai/urdu downland/urdu kr/urdu ka/urdu phr/urdu dakhna/urdu pad/urdu Rai/urdu ha/urdu
IMnXqYDHhZI,Hyee❤❤❤❤ Sachi kanwal is the best vloger mujhy ap ki collection bht achi lgi,no,none,na,joy,Hyee❤❤❤❤/urdu Sachi/urdu kanwal/urdu is/english the/english best/english vloger/english mujhy/urdu ap/urdu ki/urdu collection/urdu bht/urdu achi/urdu lgi/urdu
IMnXqYDHhZI,Bore velog...over ... zulqernain genuine person hai.suru say he achi ameer family say hai.kanwal ko late mila sab.ab bechari ko samnbhalny nahi ho rha.bongi.english to sai bolni nainaati.is ke sari family bongi aur paumdo,no,offensive,na,anger,Bore/urdu velog...over/urdu .../urdu zulqernain/urdu genuine/urdu person/urdu hai.suru/urdu say/urdu he/urdu achi/urdu ameer/urdu family/urdu say/urdu hai.kanwal/urdu ko/urdu late/urdu mila/urdu sab.ab/urdu bechari/urdu ko/urdu samnbhalny/urdu nahi/urdu ho/urdu rha.bongi.english/urdu to/urdu sai/urdu bolni/urdu nainaati.is/urdu ke/urdu sari/urdu family/urdu bongi/urdu aur/urdu paumdo/urdu
Erif7Vj9NSQ,Black is very beautiful beautifu Fatima ki aap bahut pyari hai,no,none,na,joy,Black/english is/english very/english beautiful/english beautifu/english Fatima/urdu ki/urdu aap/urdu bahut/urdu pyari/urdu hai/urdu
IMnXqYDHhZI,Awam pagal nai jo pichy parh jayegi,no,none,na,none,Awam/urdu pagal/urdu nai/urdu jo/urdu pichy/urdu parh/urdu jayegi/urdu
-w7eMfsuRgA,"Pore pakista ko semi caent banaden
Jo  Samoan  fouji ko miti hen pore Pakistan ko milen",no,none,na,none,Pore/urdu pakista/urdu ko/urdu semi/urdu caent/urdu banaden/urdu Jo/urdu Samoan/urdu fouji/urdu ko/urdu miti/urdu hen/urdu pore/urdu Pakistan/urdu ko/urdu milen/urdu
N-0DINjOMlY,"Saly na tumhy fikr hai na gashti knwal ko Tum dono srf passo k Liye bachi ko hfta hfta chor k hud gashti ko LY k nikl jty o , mujy TU lgta bachi b Teri ni salya",no,hate,na,anger,"Saly/urdu na/urdu tumhy/urdu fikr/urdu hai/urdu na/urdu gashti/urdu knwal/urdu ko/urdu Tum/urdu dono/urdu srf/urdu passo/urdu k/urdu Liye/urdu bachi/urdu ko/urdu hfta/urdu hfta/urdu chor/urdu k/urdu hud/urdu gashti/urdu ko/urdu LY/urdu k/urdu nikl/urdu jty/urdu o/urdu ,/urdu mujy/urdu TU/urdu lgta/urdu bachi/urdu b/urdu Teri/urdu ni/urdu salya/urdu"
gvG35CxYOLg,mery shoty Bhai NY mery Saath Beth Kar ye Vedio Dekhi or jab biriyani Khany k baad shaveer sir ki halat dekhi tuo kehta hy... api mien ye nhi khaonga mine bas biriyani ko meethi chatni k Saath khaounga  and i m still laughing ...hahahaha,no,none,na,joy,mery/urdu shoty/urdu Bhai/urdu NY/urdu mery/urdu Saath/urdu Beth/urdu Kar/urdu ye/urdu Vedio/urdu Dekhi/urdu or/urdu jab/urdu biriyani/urdu Khany/urdu k/urdu baad/urdu shaveer/urdu sir/urdu ki/urdu halat/urdu dekhi/urdu tuo/urdu kehta/urdu hy.../urdu api/urdu mien/urdu ye/urdu nhi/urdu khaonga/urdu mine/urdu bas/urdu biriyani/urdu ko/urdu meethi/urdu chatni/urdu k/urdu Saath/urdu khaounga/urdu and/urdu i/english m/english still/english laughing/english ...hahahaha/urdu
VUKai4CZSNw,Nobita ka house dikhao,no,none,na,joy|none,Nobita/urdu ka/urdu house/urdu dikhao/urdu
nqbNLe84dpM,Rabia Film kay bad blhot shohi ho gayi ha ap ko lag raha ha toh like karo,no,none,na,joy,Rabia/urdu Film/urdu kay/urdu bad/urdu blhot/urdu shohi/urdu ho/urdu gayi/urdu ha/urdu ap/urdu ko/urdu lag/urdu raha/urdu ha/urdu toh/urdu like/urdu karo/urdu
Erif7Vj9NSQ,Barat Ka Liya Black   Color  Le Fatima  Api,no,none,na,none,Barat/urdu Ka/urdu Liya/urdu Black/urdu Color/urdu Le/urdu Fatima/urdu Api/urdu
IMnXqYDHhZI,Mashallah aapi bahut accha hai vlog aap ka 😊❤️,no,none,na,joy,Mashallah/urdu aapi/urdu bahut/urdu accha/urdu hai/urdu vlog/urdu aap/urdu ka/urdu 😊❤️/urdu
WJxfQWiP9DQ,Sirf dehan badalnay k liey kashmir se awam ka ye batain horahy hain hona kuch nahi hai,no,none,na,anger|sadness,Sirf/urdu dehan/urdu badalnay/urdu k/urdu liey/urdu kashmir/urdu se/urdu awam/urdu ka/urdu ye/urdu batain/urdu horahy/urdu hain/urdu hona/urdu kuch/urdu nahi/urdu hai/urdu
IMnXqYDHhZI,MashaAllah MashaAllah MashaAllah MashaAllah MashaAllah MashaAllah MashaAllah Allah naseeb kry  hum girls ka qeemti asasa hai 😁,no,none,na,joy,MashaAllah/urdu MashaAllah/urdu MashaAllah/urdu MashaAllah/urdu MashaAllah/urdu MashaAllah/urdu MashaAllah/urdu Allah/urdu naseeb/urdu kry/urdu hum/urdu girls/urdu ka/urdu qeemti/urdu asasa/urdu hai/urdu 😁/urdu
BljaIOvFkcM,Sab ne mazey le liye hakoomat k mulk ka sawa stayanaas krney k baad inko yad aa gya keh insaaf ni hoa,no,offensive,na,anger|sadness,Sab/urdu ne/urdu mazey/urdu le/urdu liye/urdu hakoomat/urdu k/urdu mulk/urdu ka/urdu sawa/urdu stayanaas/urdu krney/urdu k/urdu baad/urdu inko/urdu yad/urdu aa/urdu gya/urdu keh/urdu insaaf/urdu ni/urdu hoa/urdu
gvG35CxYOLg,8:22 bhai rabies ka injection utna mahinga nahi hai waise. Mera matlab aap ko agar mera matlab aapko hai zarurat toh lagwalijie😅😅😅😅😅,yes,offensive,na,joy,8:22/urdu bhai/urdu rabies/urdu ka/urdu injection/urdu utna/urdu mahinga/urdu nahi/urdu hai/urdu waise./urdu Mera/urdu matlab/urdu aap/urdu ko/urdu agar/urdu mera/urdu matlab/urdu aapko/urdu hai/urdu zarurat/urdu toh/urdu lagwalijie😅😅😅😅😅/urdu
UiYpRBQ74fs,Sab ko pata hai In bhegrato Chor dakku ko lane wale military establishment hai,no,hate,na,anger|sadness,Sab/urdu ko/urdu pata/urdu hai/urdu In/urdu bhegrato/urdu Chor/urdu dakku/urdu ko/urdu lane/urdu wale/urdu military/urdu establishment/urdu hai/urdu
nqbNLe84dpM,Ye jolochip Peshawar me kaha se Mele gi??,no,none,na,none,Ye/urdu jolochip/urdu Peshawar/urdu me/urdu kaha/urdu se/urdu Mele/urdu gi??/urdu
XHQrr9fmTkc,Fatima appi agali bar red colour ka change karna❤❤❤❤❤,no,none,na,none,Fatima/urdu appi/urdu agali/urdu bar/urdu red/urdu colour/urdu ka/urdu change/urdu karna❤❤❤❤❤/urdu
-w7eMfsuRgA,Imran khan k tenure main president system ki baat nikli thi or sab Imran khan khilaf bol rahy thy k ye 1 men show karna chah raha hai,no,none,na,anger,Imran/urdu khan/urdu k/urdu tenure/urdu main/urdu president/urdu system/urdu ki/urdu baat/urdu nikli/urdu thi/urdu or/urdu sab/urdu Imran/urdu khan/urdu khilaf/urdu bol/urdu rahy/urdu thy/urdu k/urdu ye/urdu 1/urdu men/urdu show/urdu karna/urdu chah/urdu raha/urdu hai/urdu
IMnXqYDHhZI,Totally Landy k hen 😅,yes,offensive,na,none,Totally/english Landy/urdu k/urdu hen/urdu 😅/urdu
BmpRnfu16YA,Hayya ka home tour,no,none,na,none,Hayya/urdu ka/urdu home/urdu tour/urdu
eY0i4nBXqdY,Maine aapse Milana hai,no,none,na,joy,Maine/urdu aapse/urdu Milana/urdu hai/urdu
nqbNLe84dpM,Iqra api ap ak vlog panjabi me banay please🙏🙏🙏,no,none,na,joy,Iqra/urdu api/urdu ap/urdu ak/urdu vlog/urdu panjabi/urdu me/urdu banay/urdu please🙏🙏🙏/urdu
zXAAAXogJ78,Bhai aapko Kitna family Nahin bolna chahie tha rajapatti ko,no,none,na,sadness,Bhai/urdu aapko/urdu Kitna/urdu family/urdu Nahin/urdu bolna/urdu chahie/urdu tha/urdu rajapatti/urdu ko/urdu
IMnXqYDHhZI,Plz Positive comment API ny abi Shuru kiya h or wo bohat achi b lgti h vlog krti good 👍 luck api,no,none,na,joy,Plz/urdu Positive/urdu comment/urdu API/urdu ny/urdu abi/urdu Shuru/urdu kiya/urdu h/urdu or/urdu wo/urdu bohat/urdu achi/urdu b/urdu lgti/urdu h/urdu vlog/urdu krti/urdu good/urdu 👍/urdu luck/urdu api/urdu
IMnXqYDHhZI,Adha vilog fazool baton men guzar jata hai😢😢,no,none,na,sadness|none,Adha/urdu vilog/urdu fazool/urdu baton/urdu men/urdu guzar/urdu jata/urdu hai😢😢/urdu
eY0i4nBXqdY,Taxi ka uper is liya ja reha Q ka ap BHI texi 😂😂😅😅😅😅or kabooter ka pass jao ga ura ga hi dance thori kera ga Yar 😂😂😂😂😅😂😂😂😂😂😂,no,offensive,na,none,Taxi/urdu ka/urdu uper/urdu is/urdu liya/urdu ja/urdu reha/urdu Q/urdu ka/urdu ap/urdu BHI/urdu texi/urdu 😂😂😅😅😅😅or/urdu kabooter/urdu ka/urdu pass/urdu jao/urdu ga/urdu ura/urdu ga/urdu hi/urdu dance/urdu thori/urdu kera/urdu ga/urdu Yar/urdu 😂😂😂😂😅😂😂😂😂😂😂/urdu
eY0i4nBXqdY,26 minutes ki video he or 2600 bar business class bol chuki he (wow) ACHA tareeka he show off Karne ka🙄,yes,offensive,na,surprise,26/urdu minutes/urdu ki/urdu video/urdu he/urdu or/urdu 2600/urdu bar/urdu business/urdu class/urdu bol/urdu chuki/urdu he/urdu (wow)/urdu ACHA/urdu tareeka/urdu he/urdu show/urdu off/urdu Karne/urdu ka🙄/urdu
UiYpRBQ74fs,I mean yee Nawaz family and ppp family ko kuta kar Dea imran Khan ney 😂😂😂,no,offensive,na,anger|sadness,I/english mean/english yee/urdu Nawaz/urdu family/urdu and/urdu ppp/urdu family/urdu ko/urdu kuta/urdu kar/urdu Dea/urdu imran/urdu Khan/urdu ney/urdu 😂😂😂/urdu
BmpRnfu16YA,"Haram  ka pesa hota hai na jab to itne bare ghr he bante hen
Jiska halal ka pesa hota hai uske chote ghr hote hen lekin deen o emaan wale hote hen
Inke to haram k pese hote hen",yes,offensive,na,anger|none|sadness,Haram/urdu ka/urdu pesa/urdu hota/urdu hai/urdu na/urdu jab/urdu to/urdu itne/urdu bare/urdu ghr/urdu he/urdu bante/urdu hen/urdu Jiska/urdu halal/urdu ka/urdu pesa/urdu hota/urdu hai/urdu uske/urdu chote/urdu ghr/urdu hote/urdu hen/urdu lekin/urdu deen/urdu o/urdu emaan/urdu wale/urdu hote/urdu hen/urdu Inke/urdu to/urdu haram/urdu k/urdu pese/urdu hote/urdu hen/urdu
N-0DINjOMlY,Bhai u look good in the Porsche get one,no,none,na,joy,Bhai/urdu u/english look/english good/english in/english the/english Porsche/english get/english one/english
zfjRK9s0pjA,"Allah Pak sab ki betiyoun ko apney hifzo amaan main rakhey or sab ki betiyoun k naseeb achai kreay AMEEN Sumameen 
Allah Pak Iqra Api ko bhi sehat ata kreay or Iqra Api ki beti sehatmand pada ho AMEEN Sumameen ❤❤❤❤❤ Love sistrology ❤❤❤❤❤",no,none,na,joy,Allah/urdu Pak/urdu sab/urdu ki/urdu betiyoun/urdu ko/urdu apney/urdu hifzo/urdu amaan/urdu main/urdu rakhey/urdu or/urdu sab/urdu ki/urdu betiyoun/urdu k/urdu naseeb/urdu achai/urdu kreay/urdu AMEEN/urdu Sumameen/urdu Allah/urdu Pak/urdu Iqra/urdu Api/urdu ko/urdu bhi/urdu sehat/urdu ata/urdu kreay/urdu or/urdu Iqra/urdu Api/urdu ki/urdu beti/urdu sehatmand/urdu pada/urdu ho/urdu AMEEN/urdu Sumameen/urdu ❤❤❤❤❤/urdu Love/urdu sistrology/urdu ❤❤❤❤❤/urdu
WJxfQWiP9DQ,"Warning Warning  Warning *******    ******** ********
Iqrar ul hassain ko lunch keya jaraha hy abhi Genz k naam per Army involved hain is main",no,none,na,none,Warning/english Warning/english Warning/english *******/ambiguous ********/ambiguous ********/ambiguous Iqrar/urdu ul/urdu hassain/urdu ko/urdu lunch/urdu keya/urdu jaraha/urdu hy/urdu abhi/urdu Genz/urdu k/urdu naam/urdu per/urdu Army/urdu involved/urdu hain/urdu is/urdu main/urdu
UiYpRBQ74fs,"Rawalakot me 6 lakh vote. 😂😂.
Lakh di lanat aisy jhooto pe",yes,offensive,na,none,Rawalakot/urdu me/urdu 6/urdu lakh/urdu vote./urdu 😂😂./ambiguous Lakh/urdu di/urdu lanat/urdu aisy/urdu jhooto/urdu pe/urdu
VUKai4CZSNw,Mary vlogs kis kis ny dkhy hy.sab dost mary chenl ko b vist kro.i am new,no,none,na,none,Mary/urdu vlogs/urdu kis/urdu kis/urdu ny/urdu dkhy/urdu hy.sab/urdu dost/urdu mary/urdu chenl/urdu ko/urdu b/urdu vist/urdu kro.i/urdu am/english new/english
zfjRK9s0pjA,Allah pak aap ko or aap ki beti ko and areeb Bhai ko lambi Zindagi de ❤❤❤❤ Ameen or Sath sistrology house ko bi ❤❤❤❤🎉🎉🎉🎉🎉🎉,no,none,na,none,Allah/urdu pak/urdu aap/urdu ko/urdu or/urdu aap/urdu ki/urdu beti/urdu ko/urdu and/urdu areeb/urdu Bhai/urdu ko/urdu lambi/urdu Zindagi/urdu de/urdu ❤❤❤❤/urdu Ameen/urdu or/urdu Sath/urdu sistrology/urdu house/urdu ko/urdu bi/urdu ❤❤❤❤🎉🎉🎉🎉🎉🎉/urdu
BljaIOvFkcM,Allah Imran Khan ki hifazat farmaey ameen Allahi ameen 💞,no,none,na,none,Allah/urdu Imran/urdu Khan/urdu ki/urdu hifazat/urdu farmaey/urdu ameen/urdu Allahi/urdu ameen/urdu 💞/urdu
BaMLBWWvNHA,Ye saaf jhoot bolta hai bakes insan exposed zulqarnain bara tu ameer tha na,no,none,na,none,Ye/urdu saaf/urdu jhoot/urdu bolta/urdu hai/urdu bakes/urdu insan/urdu exposed/english zulqarnain/urdu bara/urdu tu/urdu ameer/urdu tha/urdu na/urdu
WJxfQWiP9DQ,Ujaadho tum aur ab ujaadh kr Reset krien? Kuch time pehly to paris bnana tha ap ne ab kya???,yes,offensive,na,none,Ujaadho/urdu tum/urdu aur/urdu ab/urdu ujaadh/urdu kr/urdu Reset/urdu krien?/urdu Kuch/urdu time/urdu pehly/urdu to/urdu paris/urdu bnana/urdu tha/urdu ap/urdu ne/urdu ab/urdu kya???/urdu
-w7eMfsuRgA,Allah Bara Khark kry in Handlears ka and is pdm ka and is system ka,no,offensive,na,anger|sadness,Allah/urdu Bara/urdu Khark/urdu kry/urdu in/urdu Handlears/urdu ka/urdu and/urdu is/urdu pdm/urdu ka/urdu and/urdu is/urdu system/urdu ka/urdu
zXAAAXogJ78,"a
Love you Bhai zulqarnain sikandar bhaii ❤❤❤❤❤❤",no,none,na,joy,a/urdu Love/urdu you/urdu Bhai/urdu zulqarnain/urdu sikandar/urdu bhaii/urdu ❤❤❤❤❤❤/urdu
BljaIOvFkcM,InshaAllah boht jald ye mulk mukamal tor pr banjar or khandar ban jay ga. idher peeny ko pani bhi nai milna. Zindge idher naapaid ho jay ge. Or ye qudrat ka azaab ho ga is qoum pe. Ye badbakht qoum bilkul essi qaabil hai.,no,offensive,na,anger|sadness|fear,InshaAllah/urdu boht/urdu jald/urdu ye/urdu mulk/urdu mukamal/urdu tor/urdu pr/urdu banjar/urdu or/urdu khandar/urdu ban/urdu jay/urdu ga./urdu idher/urdu peeny/urdu ko/urdu pani/urdu bhi/urdu nai/urdu milna./urdu Zindge/urdu idher/urdu naapaid/urdu ho/urdu jay/urdu ge./urdu Or/urdu ye/urdu qudrat/urdu ka/urdu azaab/urdu ho/urdu ga/urdu is/urdu qoum/urdu pe./urdu Ye/urdu badbakht/urdu qoum/urdu bilkul/urdu essi/urdu qaabil/urdu hai./urdu
VUKai4CZSNw,I Love Ducky Bhai Brand ❤❤❤❤❤,no,none,na,joy,I/urdu Love/urdu Ducky/urdu Bhai/urdu Brand/urdu ❤❤❤❤❤/urdu
-w7eMfsuRgA,Aap Iyyaka Nabudu Wa Iyyaka Nastayin sy shuru kiya karien Like Imran khan. It will have a great impact. we will include imran khan in your every Vlog by this. and keep him alive in our conversations. Bismillah ky baad Iyyaka Nabudu wa Iyyaka Nastayien zaroor bola karien @DRshehbazgill,no,none,na,none,Aap/urdu Iyyaka/urdu Nabudu/urdu Wa/urdu Iyyaka/urdu Nastayin/urdu sy/urdu shuru/urdu kiya/urdu karien/urdu Like/urdu Imran/urdu khan./urdu It/english will/english have/english a/english great/english impact./english we/english will/english include/english imran/english khan/english in/english your/english every/english Vlog/english by/english this./english and/english keep/english him/english alive/english in/english our/english conversations./english Bismillah/english ky/urdu baad/urdu Iyyaka/urdu Nabudu/urdu wa/urdu Iyyaka/ambiguous Nastayien/ambiguous zaroor/urdu bola/urdu karien/urdu @DRshehbazgill/ambiguous
Erif7Vj9NSQ,Ap sab main se sab se piyari Fatima API hai,no,none,na,none,Ap/urdu sab/urdu main/urdu se/urdu sab/urdu se/urdu piyari/urdu Fatima/urdu API/urdu hai/urdu
8ksTrbtyTco,Very disappointed team Jaffrey is very chalak uh know khud ka channel vou thk h bt khud ki task tym to tym khud he krra uffcourse tu he jitenga nh sb tere marzi see hora h guest ko bula kar khud he sb soch ra ullog ko moka he nai dera hai 😂,no,none,na,none,Very/english disappointed/english team/english Jaffrey/english is/english very/english chalak/urdu uh/urdu know/english khud/urdu ka/urdu channel/urdu vou/urdu thk/urdu h/urdu bt/urdu khud/urdu ki/urdu task/urdu tym/urdu to/urdu tym/urdu khud/urdu he/urdu krra/urdu uffcourse/english tu/urdu he/urdu jitenga/urdu nh/urdu sb/urdu tere/urdu marzi/urdu see/urdu hora/urdu h/urdu guest/urdu ko/urdu bula/urdu kar/urdu khud/urdu he/urdu sb/urdu soch/urdu ra/urdu ullog/urdu ko/urdu moka/urdu he/urdu nai/urdu dera/urdu hai/urdu 😂/urdu
WJxfQWiP9DQ,Tahir Abdulla sabka ticket holder okara ka qatal hva ha os k bare mn app ne koi awaz nahi othi please rease r voice for him thank na koi pTi ka koi uhde dar os ki wafat par nahi gya?,no,hate,na,none,Tahir/urdu Abdulla/urdu sabka/urdu ticket/urdu holder/urdu okara/urdu ka/urdu qatal/urdu hva/urdu ha/urdu os/urdu k/ambiguous bare/urdu mn/urdu app/urdu ne/urdu koi/urdu awaz/urdu nahi/urdu othi/urdu please/english rease/english r/english voice/english for/english him/english thank/english na/urdu koi/urdu pTi/urdu ka/urdu koi/urdu uhde/urdu dar/urdu os/urdu ki/urdu wafat/urdu par/urdu nahi/urdu gya?/urdu
zfjRK9s0pjA,Mashallah Khushi ki baat hai mashallah Khushi ki baat hai,no,none,na,none,Mashallah/urdu Khushi/urdu ki/urdu baat/urdu hai/urdu mashallah/urdu Khushi/urdu ki/urdu baat/urdu hai/urdu
Erif7Vj9NSQ,Hira tou hai he nhi voh kha hai ??,no,none,na,none,Hira/urdu tou/urdu hai/urdu he/urdu nhi/urdu voh/urdu kha/urdu hai/urdu ??/urdu
BljaIOvFkcM,Allah pak ws phojj ko esee ghraq kardee faroon kee phojj kee tarha Ameen suma ameen,no,offensive,na,anger,Allah/urdu pak/urdu ws/urdu phojj/urdu ko/urdu esee/urdu ghraq/urdu kardee/urdu faroon/urdu kee/urdu phojj/urdu kee/urdu tarha/urdu Ameen/urdu suma/urdu ameen/urdu
-w7eMfsuRgA,"Dr Gill, kia aapko nahi lagta Pakistan Army itni bewaqoof tu nahi ke kashmir mein jo ho raha hai wo karey ????? Kiya ye koi sazissh tu nahi ?  Kia Pakistan Genreals ne endurooni torr pe decide kr liya hai Occupied Kashmir ko khamoshi se India ko denay ka ?? Or ye decide kr liya hai ke Occupied Kashnir India ka or azad kashmir pakistan ka or sab bhool jein ?  tu iske liye Azad kashmir me ye zulm Goli chalaai ja rahi hai ?",yes,offensive,misinfo,fear,"Dr/urdu Gill,/urdu kia/urdu aapko/urdu nahi/urdu lagta/urdu Pakistan/urdu Army/urdu itni/urdu bewaqoof/urdu tu/urdu nahi/urdu ke/urdu kashmir/urdu mein/urdu jo/urdu ho/urdu raha/urdu hai/urdu wo/urdu karey/urdu ?????/urdu Kiya/urdu ye/urdu koi/urdu sazissh/urdu tu/urdu nahi/urdu ?/urdu Kia/urdu Pakistan/urdu Genreals/urdu ne/urdu endurooni/urdu torr/urdu pe/urdu decide/urdu kr/urdu liya/urdu hai/urdu Occupied/urdu Kashmir/urdu ko/urdu khamoshi/urdu se/urdu India/urdu ko/urdu denay/urdu ka/urdu ??/urdu Or/urdu ye/urdu decide/urdu kr/urdu liya/urdu hai/urdu ke/urdu Occupied/urdu Kashnir/urdu India/urdu ka/urdu or/urdu azad/urdu kashmir/urdu pakistan/urdu ka/urdu or/urdu sab/urdu bhool/urdu jein/urdu ?/urdu tu/urdu iske/urdu liye/urdu Azad/urdu kashmir/urdu me/urdu ye/urdu zulm/urdu Goli/urdu chalaai/urdu ja/urdu rahi/urdu hai/urdu ?/urdu"
HeZ2VBdJeOk,Hashmi itni jurrat se kaese bol rha he mulk me beth ke,no,none,na,surprise,Hashmi/urdu itni/urdu jurrat/urdu se/urdu kaese/urdu bol/urdu rha/urdu he/urdu mulk/urdu me/urdu beth/urdu ke/urdu
gvG35CxYOLg,Allah ka wasta Thora jaldi video dalo,no,none,na,none,Allah/urdu ka/urdu wasta/urdu Thora/urdu jaldi/urdu video/urdu dalo/urdu
XHQrr9fmTkc,Ap apni mother ka bhi chanel bna dein jis mn wo respies sikhaya krein uun girls ko bhttt fyida ho gaa jin ko koi sikhany wala nai plzzz,no,none,na,none,Ap/urdu apni/urdu mother/urdu ka/urdu bhi/urdu chanel/urdu bna/urdu dein/urdu jis/urdu mn/urdu wo/urdu respies/urdu sikhaya/urdu krein/urdu uun/urdu girls/urdu ko/urdu bhttt/urdu fyida/urdu ho/urdu gaa/urdu jin/urdu ko/urdu koi/urdu sikhany/urdu wala/urdu nai/urdu plzzz/urdu
8ksTrbtyTco,8:28 RHS: dekha kesi khi khi ki awazein arhin udhar SE hr CHEEZ hai inke paas hr CHEEZ 😂,no,none,na,none,8:28/urdu RHS:/urdu dekha/urdu kesi/urdu khi/urdu khi/urdu ki/urdu awazein/urdu arhin/urdu udhar/urdu SE/urdu hr/urdu CHEEZ/urdu hai/urdu inke/urdu paas/urdu hr/urdu CHEEZ/urdu 😂/urdu
IMnXqYDHhZI,Kawal chawal Tum gajab se jealous hoti ho na isliye uski kamyabi dekhkar Tum bardasht Nahin kar paati aur tadapna shuru ho jaati hai aur sath hi tumhara miyan Sahab baat ko badal deta hai,yes,hate,na,anger,Kawal/urdu chawal/urdu Tum/urdu gajab/urdu se/urdu jealous/urdu hoti/urdu ho/urdu na/urdu isliye/urdu uski/urdu kamyabi/urdu dekhkar/urdu Tum/urdu bardasht/urdu Nahin/urdu kar/urdu paati/urdu aur/urdu tadapna/urdu shuru/urdu ho/urdu jaati/urdu hai/urdu aur/urdu sath/urdu hi/urdu tumhara/urdu miyan/urdu Sahab/urdu baat/urdu ko/urdu badal/urdu deta/urdu hai/urdu
gvG35CxYOLg,"acha velog he pr itni 
jawani b achi ni hoti",no,none,na,none,acha/urdu velog/urdu he/urdu pr/urdu itni/urdu jawani/urdu b/urdu achi/urdu ni/urdu hoti/urdu
VUKai4CZSNw,E Tron KO modified lb karwane ha,no,none,na,none,E/urdu Tron/urdu KO/urdu modified/english lb/urdu karwane/urdu ha/urdu
hhFGhAo4ZfY,Bhai in videos mein maza nahi aata eating challenges kro ye to tum short wale challenge kr rahe ho,no,none,na,sadness,Bhai/urdu in/urdu videos/english mein/urdu maza/urdu nahi/urdu aata/urdu eating/urdu challenges/urdu kro/urdu ye/urdu to/urdu tum/urdu short/urdu wale/urdu challenge/english kr/urdu rahe/urdu ho/urdu
WJxfQWiP9DQ,Choro ki pics back screen pr show krna zroori nhi,no,none,na,none,Choro/urdu ki/urdu pics/urdu back/urdu screen/urdu pr/urdu show/urdu krna/urdu zroori/urdu nhi/urdu
N-0DINjOMlY,Ap Ney konsey mall sey shopping ki ha,no,none,na,none,Ap/urdu Ney/urdu konsey/urdu mall/urdu sey/urdu shopping/urdu ki/urdu ha/urdu
IMnXqYDHhZI,Ab Dil ni krta dekhny ko,no,none,na,sadness,Ab/urdu Dil/urdu ni/urdu krta/urdu dekhny/urdu ko/urdu
EyrNOfyxSBQ,so sad such hy ye log bina sochy ye krte bhot zabardast  movie 😢😢 main such main ro prhi,no,none,na,joy,so/urdu sad/urdu such/urdu hy/urdu ye/urdu log/urdu bina/urdu sochy/urdu ye/urdu krte/urdu bhot/urdu zabardast/urdu movie/urdu 😢😢/urdu main/urdu such/urdu main/urdu ro/urdu prhi/urdu
hhFGhAo4ZfY,Flip the bottle again karo wo maze ka hota hy,no,none,na,joy|none,Flip/english the/english bottle/english again/english karo/urdu wo/urdu maze/urdu ka/urdu hota/urdu hy/urdu
BaMLBWWvNHA,Tu khud video Banakar khush ho ja😅,yes,none,na,joy|none,Tu/urdu khud/urdu video/urdu Banakar/urdu khush/urdu ho/urdu ja😅/urdu
nqbNLe84dpM,Fatima bhot gussy min hi 😊😊😊ab is ky saye sy bhi drna 😢😢,yes,none,na,none|joy,Fatima/urdu bhot/urdu gussy/urdu min/urdu hi/urdu 😊😊😊ab/urdu is/urdu ky/urdu saye/urdu sy/urdu bhi/urdu drna/urdu 😢😢/urdu
4k0ZV0UFZSw,Wa alekum aslam Bhai Allah pak apni hifzoaman men rkhy Ameen sum Ameen ❤❤❤❤❤,no,none,na,none,Wa/urdu alekum/urdu aslam/urdu Bhai/urdu Allah/urdu pak/urdu apni/urdu hifzoaman/urdu men/urdu rkhy/urdu Ameen/urdu sum/urdu Ameen/urdu ❤❤❤❤❤/urdu
eY0i4nBXqdY,Aap log kabbi live q nahi atte plz aaa j,no,none,na,joy|none,Aap/urdu log/urdu kabbi/urdu live/urdu q/urdu nahi/urdu atte/urdu plz/urdu aaa/urdu j/urdu
gvG35CxYOLg,Ese km mat kia kro bhai awe mar gy to kia hoga 😂,yes,offensive,na,none,Ese/urdu km/urdu mat/urdu kia/urdu kro/urdu bhai/urdu awe/urdu mar/urdu gy/urdu to/urdu kia/urdu hoga/urdu 😂/urdu
N-0DINjOMlY,"Kanjars 
Beti bhi kanjri bnay gi",no,hate,na,anger,Kanjars/urdu Beti/urdu bhi/urdu kanjri/urdu bnay/urdu gi/urdu
Erif7Vj9NSQ,😂Tum boht gandi lag rahi ho,yes,offensive,na,anger|sadness,😂Tum/urdu boht/urdu gandi/urdu lag/urdu rahi/urdu ho/urdu
PKFU1F2QEMQ,Allah SWT aap KO dheron khushian naseeb fermaye Aameen,no,none,na,joy,Allah/urdu SWT/urdu aap/urdu KO/urdu dheron/urdu khushian/urdu naseeb/urdu fermaye/urdu Aameen/urdu
4k0ZV0UFZSw,Awam KO awaz othnay detay han,yes,none,na,none,Awam/urdu KO/urdu awaz/urdu othnay/urdu detay/urdu han/urdu
4k0ZV0UFZSw,😢😢😢Allah garatt kery mafia ko Ameen suma Ameen 😢😢,no,none,na,none,😢😢😢Allah/urdu garatt/urdu kery/urdu mafia/urdu ko/urdu Ameen/urdu suma/urdu Ameen/urdu 😢😢/urdu
WJxfQWiP9DQ,36 shaheed he or shangla disstt se taluq he sab ka,no,offensive,na,sadness|fear,36/urdu shaheed/urdu he/urdu or/urdu shangla/urdu disstt/urdu se/urdu taluq/urdu he/urdu sab/urdu ka/urdu
EyrNOfyxSBQ,Acha kia Good har baap ko aise he Kerna chahiye,no,offensive,na,sadness,Acha/urdu kia/urdu Good/urdu har/urdu baap/urdu ko/urdu aise/urdu he/urdu Kerna/urdu chahiye/urdu
8ksTrbtyTco,Aqra api aur areeb bhai sath vlog kab aayegaaa pleasee jaldi upload krdein eagerly waiting ❤,no,none,na,joy,Aqra/urdu api/urdu aur/urdu areeb/urdu bhai/urdu sath/urdu vlog/urdu kab/urdu aayegaaa/urdu pleasee/urdu jaldi/urdu upload/urdu krdein/urdu eagerly/urdu waiting/urdu ❤/urdu
BaMLBWWvNHA,ALLAH PAK AP KO AP KOA PERARI SI BETI KO SLAMT RAKHY AMEEN🤲,no,none,na,joy,ALLAH/urdu PAK/urdu AP/urdu KO/urdu AP/urdu KOA/urdu PERARI/urdu SI/urdu BETI/urdu KO/urdu SLAMT/urdu RAKHY/urdu AMEEN🤲/urdu
XHQrr9fmTkc,Fatima ki aap bahut acche ho aap majakiya majakiya,no,none,na,joy,Fatima/urdu ki/urdu aap/urdu bahut/urdu acche/urdu ho/urdu aap/urdu majakiya/urdu majakiya/urdu
VUKai4CZSNw,Hello ducky Bhai Japan ma ek restaurant aa Gujranwala in yashio,no,none,na,none,Hello/urdu ducky/urdu Bhai/urdu Japan/urdu ma/urdu ek/urdu restaurant/urdu aa/urdu Gujranwala/urdu in/urdu yashio/urdu
IMnXqYDHhZI,qabar mai jana hai  moote kaa koi nahi pata . sab donate kar doo otherwise saray ghar walay bantayien gaay appp khud baant doo. hope u dont mind,no,none,na,fear,qabar/urdu mai/urdu jana/urdu hai/urdu moote/urdu kaa/urdu koi/urdu nahi/urdu pata/urdu ./ambiguous sab/urdu donate/urdu kar/urdu doo/urdu otherwise/urdu saray/urdu ghar/urdu walay/urdu bantayien/urdu gaay/urdu appp/urdu khud/urdu baant/urdu doo./urdu hope/ambiguous u/ambiguous dont/ambiguous mind/ambiguous
zfjRK9s0pjA,Allah tallah iap key daughter ko havzo Amandan me rakjay imshallah,no,none,na,joy,Allah/urdu tallah/urdu iap/urdu key/urdu daughter/urdu ko/urdu havzo/urdu Amandan/urdu me/urdu rakjay/urdu imshallah/urdu
XHQrr9fmTkc,Is green colour food ka challenge karo please can I watch your all videos I am your use fan big fan please do green food challenge❤❤❤😊😊😊🎉🎉😢😢😢,no,none,na,joy,Is/urdu green/urdu colour/urdu food/urdu ka/urdu challenge/urdu karo/urdu please/english can/english I/english watch/english your/english all/english videos/english I/english am/english your/english use/english fan/english big/english fan/english please/english do/english green/english food/english challenge❤❤❤😊😊😊🎉🎉😢😢😢/english
UiYpRBQ74fs,1:45 hud 40 plus mardo and fir bolo 2 police wala injured huva hai 😢😢😢 toba karo g,yes,offensive,na,anger|sadness,1:45/urdu hud/urdu 40/urdu plus/urdu mardo/urdu and/urdu fir/urdu bolo/urdu 2/urdu police/urdu wala/urdu injured/urdu huva/urdu hai/urdu 😢😢😢/urdu toba/urdu karo/urdu g/urdu
BaMLBWWvNHA,Rajab ka name pa views lana wala lora 😂😂🖕🏻🖕🏻,yes,offensive,na,anger|sadness,Rajab/urdu ka/urdu name/urdu pa/urdu views/urdu lana/urdu wala/urdu lora/urdu 😂😂🖕🏻🖕🏻/urdu
UiYpRBQ74fs,Abi Pakistan me Haqoomat Asim Muneer ki Najaiz olad ki ha,yes,hate,na,anger,Abi/urdu Pakistan/urdu me/urdu Haqoomat/urdu Asim/urdu Muneer/urdu ki/urdu Najaiz/urdu olad/urdu ki/urdu ha/urdu
IMnXqYDHhZI,Kis bat Kar Rahi h..kanwal,no,none,na,none,Kis/urdu bat/urdu Kar/urdu Rahi/urdu h..kanwal/urdu
BmpRnfu16YA,Har baat per Fatima bhi kah rahe hain theek hai theek hai kis kisne note kiya,no,none,na,none,Har/urdu baat/urdu per/urdu Fatima/urdu bhi/urdu kah/urdu rahe/urdu hain/urdu theek/urdu hai/urdu theek/urdu hai/urdu kis/urdu kisne/urdu note/urdu kiya/urdu
nqbNLe84dpM,Anaviya ka face kab reveal ho ga,no,none,na,none,Anaviya/urdu ka/urdu face/urdu kab/urdu reveal/urdu ho/urdu ga/urdu
WJxfQWiP9DQ,Ye sub Imran Khan ki sachchaee or sabar ka Natija Hy. inshaAllah Imran Khan Azaad hojaengay. Ameen,no,none,na,none,Ye/urdu sub/urdu Imran/urdu Khan/urdu ki/urdu sachchaee/urdu or/urdu sabar/urdu ka/urdu Natija/urdu Hy./urdu inshaAllah/urdu Imran/urdu Khan/urdu Azaad/urdu hojaengay./urdu Ameen/urdu
N-0DINjOMlY,Kanwal appi ka vlog bna sa vlog ma bht zada entertainment hoti ha 😅,no,none,na,none|joy,Kanwal/urdu appi/urdu ka/urdu vlog/urdu bna/urdu sa/urdu vlog/urdu ma/urdu bht/urdu zada/urdu entertainment/urdu hoti/urdu ha/urdu 😅/urdu
zXAAAXogJ78,Horror prank karo zulqarnain Bhai ❤,no,none,na,joy,Horror/urdu prank/urdu karo/urdu zulqarnain/urdu Bhai/urdu ❤/urdu
BljaIOvFkcM,Sab janthy ha Bilawa air Moulana l ki waja sy tho ye najaiz Govt qabiz ha,no,hate,na,anger,Sab/urdu janthy/urdu ha/urdu Bilawa/urdu air/urdu Moulana/urdu l/urdu ki/urdu waja/urdu sy/urdu tho/urdu ye/urdu najaiz/urdu Govt/urdu qabiz/urdu ha/urdu
BljaIOvFkcM,Hamla ye b foji ne he kiya ho ga sub hamle ye khud he karte hain,no,none,na,anger|sadness,Hamla/urdu ye/urdu b/urdu foji/urdu ne/urdu he/urdu kiya/urdu ho/urdu ga/urdu sub/urdu hamle/urdu ye/urdu khud/urdu he/urdu karte/urdu hain/urdu
BaMLBWWvNHA,Koti maa ka bacha,no,hate,na,anger,Koti/urdu maa/urdu ka/urdu bacha/urdu
eY0i4nBXqdY,Fatima aapki naukrani aayesha aur hamari bahan Ayesha,no,none,na,joy|none,Fatima/urdu aapki/urdu naukrani/urdu aayesha/urdu aur/urdu hamari/urdu bahan/urdu Ayesha/urdu
zfjRK9s0pjA,Koi hai lekin yah Kaisa bacchon ke gane kabhi bhi nahin meri baat sunokoxolsojd87dojd,no,none,na,none,Koi/urdu hai/urdu lekin/urdu yah/urdu Kaisa/urdu bacchon/urdu ke/urdu gane/urdu kabhi/urdu bhi/urdu nahin/urdu meri/urdu baat/urdu sunokoxolsojd87dojd/ambiguous
eY0i4nBXqdY,Namaz kabhi AP me paree Nahi omra Karne ga Rahi ho😡😡😡😡😡😡😡😡😡😡😡😡😡😡😡😡😡😡😡😡😡😡😡😡😡😡😡😡😡😡😡😡😡😡😡😡😡😡😡😡😡😡😡😡😡😡😡😡😡😡😡😡😡😡😡😡😡😡😡😡😡😡😡😡😡😡😡😡😡😡😡😡😡😡😡😡😡😡😡😡😡😡😡😡😡😡😡😡😡😡😡😡😡😡😡😡😡😡😡😡😡😡😡😡😡😡😡😡😡😡😡😡😡😡😡😡😡😡😡😡😡😡😡😡😡😡😡😡😡😡😡😡😡😡😡😡😡😡😡😡😡😡😡😡😡😡😡😡😡😡😡😡😡😡😡😡😡😡😡😡😡😡😡😡😡😡😡😡😡😡😡😡😡😡😡😡😡😡😡😡😡😡😡😡😡😡😡😡😡😡😡😡😡😡😡😡😡😡😡😡😡😡😡😡😡😡😡😡😡😡😡😡😡😡😡😡😡😡😡😡😡😡😡😡😡😡😡😡😡😡😡😡😡😡😡😡😡😡😡😡😡😡😡😡😡😡😡😡😡😡😡😡😡😡😡😡😡😡😡😡😡😡😡😡😡😡😡😡😡😡😡😡😡😡😡😡😡😡😡😡😡😡😡😡😡😡😡😡😡😡😡😡😡😡😡😡😡😡😡😡😡,yes,offensive,na,anger|sadness,Namaz/urdu kabhi/urdu AP/urdu me/urdu paree/urdu Nahi/urdu omra/urdu Karne/urdu ga/urdu Rahi/urdu ho😡😡😡😡😡😡😡😡😡😡😡😡😡😡😡😡😡😡😡😡😡😡😡😡😡😡😡😡😡😡😡😡😡😡😡😡😡😡😡😡😡😡😡😡😡😡😡😡😡😡😡😡😡😡😡😡😡😡😡😡😡😡😡😡😡😡😡😡😡😡😡😡😡😡😡😡😡😡😡😡😡😡😡😡😡😡😡😡😡😡😡😡😡😡😡😡😡😡😡😡😡😡😡😡😡😡😡😡😡😡😡😡😡😡😡😡😡😡😡😡😡😡😡😡😡😡😡😡😡😡😡😡😡😡😡😡😡😡😡😡😡😡😡😡😡😡😡😡😡😡😡😡😡😡😡😡😡😡😡😡😡😡😡😡😡😡😡😡😡😡😡😡😡😡😡😡😡😡😡😡😡😡😡😡😡😡😡😡😡😡😡😡😡😡😡😡😡😡😡😡😡😡😡😡😡😡😡😡😡😡😡😡😡😡😡😡😡😡😡😡😡😡😡😡😡😡😡😡😡😡😡😡😡😡😡😡😡😡😡😡😡😡😡😡😡😡😡😡😡😡😡😡😡😡😡😡😡😡😡😡😡😡😡😡😡😡😡😡😡😡😡😡😡😡😡😡😡😡😡😡😡😡😡😡😡😡😡😡😡😡😡😡😡😡😡😡😡😡😡😡😡/ambiguous
4k0ZV0UFZSw,Kiya yeh  possible hai.. jo aap bolein likha aa jaey.. baz auqat awaz nahi chala saktay.. thanks,no,none,na,sadness|anger,Kiya/urdu yeh/urdu possible/urdu hai../urdu jo/urdu aap/urdu bolein/urdu likha/urdu aa/urdu jaey../urdu baz/urdu auqat/urdu awaz/urdu nahi/urdu chala/urdu saktay../urdu thanks/urdu
nqbNLe84dpM,Pyari lag rahi ho,no,none,na,joy,Pyari/urdu lag/urdu rahi/urdu ho/urdu
UiYpRBQ74fs,"Waleykum Assalam 
Allah Aap Ko Apni Hifazat Mei Rakhe Aameen",no,none,na,joy,Waleykum/urdu Assalam/urdu Allah/urdu Aap/urdu Ko/urdu Apni/urdu Hifazat/urdu Mei/urdu Rakhe/urdu Aameen/urdu
8ksTrbtyTco,Rhs ye si log ni hain 😢😢,no,none,na,none,Rhs/ambiguous ye/urdu si/urdu log/urdu ni/urdu hain/urdu 😢😢/urdu
VUKai4CZSNw,sabse pehley tu logon ko biomono k baray mein batana choro as it is a scam,no,none,na,sadness,sabse/urdu pehley/urdu tu/urdu logon/urdu ko/urdu biomono/urdu k/urdu baray/urdu mein/urdu batana/urdu choro/urdu as/english it/english is/english a/english scam/english
zfjRK9s0pjA,Mashalla allha app ko Khush rakha❤❤❤❤❤,no,none,na,joy|none,Mashalla/urdu allha/urdu app/urdu ko/urdu Khush/urdu rakha❤❤❤❤❤/urdu
VUKai4CZSNw,Ducky Bhai ap bht achy hn 💝❤️‍🩹,no,none,na,joy,Ducky/urdu Bhai/urdu ap/urdu bht/urdu achy/urdu hn/urdu 💝❤️‍🩹/urdu
gvG35CxYOLg,8.16 Wala bhot maze ka tha 👹🐕,no,none,na,joy,8.16/urdu Wala/urdu bhot/urdu maze/urdu ka/urdu tha/urdu 👹🐕/urdu
BaMLBWWvNHA,Tere uqat ye he he ki agar kese ki sat laro tu Jo batt kie hove ho wo zahir kare,no,none,na,anger,Tere/urdu uqat/urdu ye/urdu he/urdu he/urdu ki/urdu agar/urdu kese/urdu ki/urdu sat/urdu laro/urdu tu/urdu Jo/urdu batt/urdu kie/urdu hove/urdu ho/urdu wo/urdu zahir/urdu kare/urdu
nqbNLe84dpM,Assalamualaikum iqra aapi mujay app py areeb bhai ki Pasand ka dress bahut bahut acha laga mashallah iqra aapi aap ki look bahut bahut pyaari lag rahi hai mashallah kisi ki nazer na lage iqra aapi aap ko mashallah 🤲🤲🤲🤲🤲🤲🤲🤲🤲🤲🤲💖💖💖💖💙💙💙💙💙😍😍😍😍🥰🥰🥰🥰,no,none,na,joy,Assalamualaikum/urdu iqra/urdu aapi/urdu mujay/urdu app/urdu py/urdu areeb/urdu bhai/urdu ki/urdu Pasand/urdu ka/urdu dress/urdu bahut/urdu bahut/urdu acha/urdu laga/urdu mashallah/urdu iqra/urdu aapi/urdu aap/urdu ki/urdu look/urdu bahut/urdu bahut/urdu pyaari/urdu lag/urdu rahi/urdu hai/urdu mashallah/urdu kisi/urdu ki/urdu nazer/urdu na/urdu lage/urdu iqra/urdu aapi/urdu aap/urdu ko/urdu mashallah/urdu 🤲🤲🤲🤲🤲🤲🤲🤲🤲🤲🤲💖💖💖💖💙💙💙💙💙😍😍😍😍🥰🥰🥰🥰/ambiguous
gvG35CxYOLg,Ap ko marsha lag rahi hai  or mujhe moh Mai Pani arha hai🤤🤤😁,no,none,na,joy,Ap/urdu ko/urdu marsha/urdu lag/urdu rahi/urdu hai/urdu or/urdu mujhe/urdu moh/urdu Mai/urdu Pani/urdu arha/urdu hai🤤🤤😁/urdu
IMnXqYDHhZI,Kanwal mere husband ki trah khud e bol k apne pe logon ko idea dey den bolne ka log na bhi bolen sun k zaror bolen gay😂😂😂,no,none,na,joy|none,Kanwal/urdu mere/urdu husband/urdu ki/urdu trah/urdu khud/urdu e/urdu bol/urdu k/urdu apne/urdu pe/urdu logon/urdu ko/urdu idea/urdu dey/urdu den/urdu bolne/urdu ka/urdu log/urdu na/urdu bhi/urdu bolen/urdu sun/urdu k/urdu zaror/urdu bolen/urdu gay😂😂😂/urdu
BmpRnfu16YA,Zainab or is ki friends khusray,no,offensive,na,none,Zainab/urdu or/urdu is/urdu ki/urdu friends/urdu khusray/urdu
WJxfQWiP9DQ,"App inpe KABHHI B yaqeeen nhe kr sakte , Ye GirGat hen",no,none,na,none,"App/urdu inpe/urdu KABHHI/urdu B/urdu yaqeeen/urdu nhe/urdu kr/urdu sakte/urdu ,/urdu Ye/urdu GirGat/urdu hen/urdu"
8ksTrbtyTco,Please jaf ka phefune da da,no,none,na,none,Please/urdu jaf/urdu ka/urdu phefune/urdu da/urdu da/urdu
Erif7Vj9NSQ,Sabse pyari dikh rahi hai Fatima,no,none,na,none,Sabse/urdu pyari/urdu dikh/urdu rahi/urdu hai/urdu Fatima/urdu
eY0i4nBXqdY,Fatima api ma ape ki sab sa bade fan kho haya Noor 😊 me nga ape sab ma hira api Pasand ha or zainab sab sa bure😅,no,none,na,joy,Fatima/urdu api/urdu ma/urdu ape/urdu ki/urdu sab/urdu sa/urdu bade/urdu fan/urdu kho/urdu haya/urdu Noor/urdu 😊/urdu me/urdu nga/urdu ape/urdu sab/urdu ma/urdu hira/urdu api/urdu Pasand/urdu ha/urdu or/urdu zainab/urdu sab/urdu sa/urdu bure😅/urdu
4k0ZV0UFZSw,"Parliament may tu sare US , Israel aue per Asim Munir ke palto kote bayte hai",no,offensive,na,anger|sadness,"Parliament/urdu may/urdu tu/urdu sare/urdu US/urdu ,/urdu Israel/urdu aue/urdu per/urdu Asim/urdu Munir/urdu ke/urdu palto/urdu kote/urdu bayte/urdu hai/urdu"
N-0DINjOMlY,Life is unpredictable...bachi bht pyari hai..spoil na karain..,no,none,na,sadness,Life/english is/english unpredictable...bachi/english bht/urdu pyari/urdu hai..spoil/urdu na/urdu karain../urdu
BljaIOvFkcM,"W, salam bhai jaan ❤❤❤❤❤❤❤❤❤❤❤❤❤❤❤❤❤❤❤❤❤❤",no,none,na,joy,"W,/urdu salam/urdu bhai/urdu jaan/urdu ❤❤❤❤❤❤❤❤❤❤❤❤❤❤❤❤❤❤❤❤❤❤/urdu"
BmpRnfu16YA,Ayein to aap subha thi pr shayed vlog bnaty bnaty raat ho gyi aap ki mama ne aadha ghanta diya tha ......aadhy ghanty ka din 😳😃😉😁,no,none,na,surprise,Ayein/urdu to/urdu aap/urdu subha/urdu thi/urdu pr/urdu shayed/urdu vlog/urdu bnaty/urdu bnaty/urdu raat/urdu ho/urdu gyi/urdu aap/urdu ki/urdu mama/urdu ne/urdu aadha/urdu ghanta/urdu diya/urdu tha/urdu ......aadhy/urdu ghanty/urdu ka/urdu din/urdu 😳😃😉😁/urdu
BmpRnfu16YA,Haya ki marriage hui hai,no,none,na,none,Haya/urdu ki/urdu marriage/urdu hui/urdu hai/urdu
8ksTrbtyTco,Please do with Ducky bhai,no,none,na,none,Please/urdu do/urdu with/urdu Ducky/urdu bhai/urdu
BmpRnfu16YA,Iska matlab aap niche niche upar upar se,no,none,na,none,Iska/urdu matlab/urdu aap/urdu niche/urdu niche/urdu upar/urdu upar/urdu se/urdu
eY0i4nBXqdY,Assalam walekum Fatimaappi main aapke sare block dekhti hun mera naam bi Fatima hai aur main 10 ears ki hun main aapko like subscribe bhi Karti hun aur Maine aapki sari videos per like subscribe kiya hai mera naam bhi Fatima hai main aapki Tarah shrarti bhi hun tej bolane wali bhi ho  mujhe aap logon se milane ka itna shauk hai aur aapse sabse jyada please aapka bhi aaya Karen main aapse milungi please aap Karachi aapke Hyderabad aaya Karen main aapse milungi main aapki sabse Badi fan hun please hamen comment ko padega please Allah Hafiz❤❤❤❤❤❤❤🥰🥰🥰😍😍🥹🥹,no,none,na,joy|surprise|none,Assalam/urdu walekum/urdu Fatimaappi/urdu main/urdu aapke/urdu sare/urdu block/urdu dekhti/urdu hun/urdu mera/urdu naam/urdu bi/urdu Fatima/urdu hai/urdu aur/urdu main/urdu 10/urdu ears/urdu ki/urdu hun/urdu main/urdu aapko/urdu like/urdu subscribe/urdu bhi/urdu Karti/urdu hun/urdu aur/urdu Maine/urdu aapki/urdu sari/urdu videos/urdu per/urdu like/urdu subscribe/urdu kiya/urdu hai/urdu mera/urdu naam/urdu bhi/urdu Fatima/urdu hai/urdu main/urdu aapki/urdu Tarah/urdu shrarti/urdu bhi/urdu hun/urdu tej/urdu bolane/urdu wali/urdu bhi/urdu ho/urdu mujhe/urdu aap/urdu logon/urdu se/urdu milane/urdu ka/urdu itna/urdu shauk/urdu hai/urdu aur/urdu aapse/urdu sabse/urdu jyada/urdu please/urdu aapka/urdu bhi/urdu aaya/urdu Karen/urdu main/urdu aapse/urdu milungi/urdu please/urdu aap/urdu Karachi/urdu aapke/urdu Hyderabad/urdu aaya/urdu Karen/urdu main/urdu aapse/urdu milungi/urdu main/urdu aapki/urdu sabse/urdu Badi/urdu fan/urdu hun/urdu please/urdu hamen/urdu comment/urdu ko/urdu padega/urdu please/urdu Allah/urdu Hafiz❤❤❤❤❤❤❤🥰🥰🥰😍😍🥹🥹/urdu
IMnXqYDHhZI,Jb itny kapry new E pary pary choty hogye hn Tou itna pesa waste krny Ki zrurat Kya thi. Ajeeeb,no,none,na,none,Jb/urdu itny/urdu kapry/urdu new/urdu E/urdu pary/urdu pary/urdu choty/urdu hogye/urdu hn/urdu Tou/urdu itna/urdu pesa/urdu waste/urdu krny/urdu Ki/urdu zrurat/urdu Kya/urdu thi./urdu Ajeeeb/urdu
UiYpRBQ74fs,Doonoo parties ki leader's n  tambers n in kay chayllay  aisay  hi aa ay hain 😅,no,none,na,joy|none,Doonoo/urdu parties/urdu ki/urdu leader's/urdu n/urdu tambers/urdu n/urdu in/urdu kay/urdu chayllay/urdu aisay/urdu hi/urdu aa/urdu ay/urdu hain/urdu 😅/urdu
BljaIOvFkcM,"Bangalio,Pashtoono,balocho, k bad ab kashmir ki bari hy.😢😮😭 ya ghadari 1857 sy hay....",no,offensive,na,anger|sadness,"Bangalio,Pashtoono,balocho,/urdu k/urdu bad/urdu ab/urdu kashmir/urdu ki/urdu bari/urdu hy.😢😮😭/urdu ya/urdu ghadari/urdu 1857/urdu sy/urdu hay..../urdu"
UiYpRBQ74fs,To ab kia Karin ham AP majbur kar dia ha ab koi bi hatyar utha sakta ha nafrat bohat ziada ho chuki adaron say asam Munir intzamin say,yes,offensive,na,anger|sadness|fear,To/urdu ab/urdu kia/urdu Karin/urdu ham/urdu AP/urdu majbur/urdu kar/urdu dia/urdu ha/urdu ab/urdu koi/urdu bi/urdu hatyar/urdu utha/urdu sakta/urdu ha/urdu nafrat/urdu bohat/urdu ziada/urdu ho/urdu chuki/urdu adaron/urdu say/urdu asam/urdu Munir/urdu intzamin/urdu say/urdu
PKFU1F2QEMQ,Khul na Sim Sim to Kam nhi aha par nisi ne pic he chup ke kholdia,no,none,na,joy|none,Khul/urdu na/urdu Sim/urdu Sim/urdu to/urdu Kam/urdu nhi/urdu aha/urdu par/urdu nisi/urdu ne/urdu pic/urdu he/urdu chup/urdu ke/urdu kholdia/urdu
BaMLBWWvNHA,Good bhai Acha kiya is ny sb k bacho ko kherab kiya hy,no,none,na,none,Good/urdu bhai/urdu Acha/urdu kiya/urdu is/urdu ny/urdu sb/urdu k/urdu bacho/urdu ko/urdu kherab/urdu kiya/urdu hy/urdu
EyrNOfyxSBQ,AP agli film naqab h,no,none,na,none,AP/urdu agli/urdu film/urdu naqab/urdu h/urdu
BmpRnfu16YA,Mashallah haya ka ghr pyara Hai but sistrology house Ki bat hi kuch aur Hai Fatima api your house is best,no,none,na,joy,Mashallah/urdu haya/urdu ka/urdu ghr/urdu pyara/urdu Hai/urdu but/urdu sistrology/urdu house/urdu Ki/urdu bat/urdu hi/urdu kuch/urdu aur/urdu Hai/urdu Fatima/urdu api/urdu your/urdu house/urdu is/urdu best/urdu
BmpRnfu16YA,Aese hote hain ameer log dil ke bhi ameer or paise ke bhi ameer koi show off nahi,no,none,na,joy|surprise,Aese/urdu hote/urdu hain/urdu ameer/urdu log/urdu dil/urdu ke/urdu bhi/urdu ameer/urdu or/urdu paise/urdu ke/urdu bhi/urdu ameer/urdu koi/urdu show/urdu off/urdu nahi/urdu
ttL6k7wzGmQ,Zindabad imran Khan hum pora Aoam imran Khan ki sath hai,no,none,na,joy,Zindabad/urdu imran/urdu Khan/urdu hum/urdu pora/urdu Aoam/urdu imran/urdu Khan/urdu ki/urdu sath/urdu hai/urdu
zXAAAXogJ78,Rubab  ko please  liya  kara vlog  my,no,none,na,joy,Rubab/urdu ko/urdu please/urdu liya/urdu kara/urdu vlog/urdu my/urdu
BmpRnfu16YA,Fatima api ya pink Car ap logo ne new li h,no,none,na,none,Fatima/urdu api/urdu ya/urdu pink/urdu Car/urdu ap/urdu logo/urdu ne/urdu new/urdu li/urdu h/urdu
BaMLBWWvNHA,To Fir Tumhara 3 milian Kyon hai aur Rajab baithkar 9 milian Kabhi Tum Dil saaf Rakhta To Ham bhi Tujhe subscribe karte😂,yes,offensive,na,sadness,To/urdu Fir/urdu Tumhara/urdu 3/urdu milian/urdu Kyon/urdu hai/urdu aur/urdu Rajab/urdu baithkar/urdu 9/urdu milian/urdu Kabhi/urdu Tum/urdu Dil/urdu saaf/urdu Rakhta/urdu To/urdu Ham/urdu bhi/urdu Tujhe/urdu subscribe/urdu karte😂/urdu
ttL6k7wzGmQ,Allah app haleema sahaba ki hafzat or madad kry Ameen,no,none,na,none,Allah/urdu app/urdu haleema/urdu sahaba/urdu ki/urdu hafzat/urdu or/urdu madad/urdu kry/urdu Ameen/urdu
IMnXqYDHhZI,Kanwal asi Dayhan hai koi b kam kare gi usky bd mera hisa ......Fazoool 2 Din ky he ty shock uthar gaya dayhan ky,no,none,na,none,Kanwal/urdu asi/urdu Dayhan/urdu hai/urdu koi/urdu b/urdu kam/urdu kare/urdu gi/urdu usky/urdu bd/urdu mera/urdu hisa/urdu ......Fazoool/urdu 2/urdu Din/urdu ky/urdu he/urdu ty/urdu shock/urdu uthar/urdu gaya/urdu dayhan/urdu ky/urdu
ttL6k7wzGmQ,"Allah Pak Pakistan ko salamat rakhay ❤ aur yazidi zalmun ko halak karay ameen.
We stand with the great leader Murshad Imran Khan.❤",no,none,na,joy,Allah/urdu Pak/urdu Pakistan/urdu ko/urdu salamat/urdu rakhay/urdu ❤/urdu aur/urdu yazidi/urdu zalmun/urdu ko/urdu halak/urdu karay/urdu ameen./urdu We/english stand/english with/english the/english great/english leader/english Murshad/english Imran/english Khan.❤/english
BmpRnfu16YA,wow yaar aap ka bhi  ghr  masallah se  km ni ha but so beautiful,no,none,na,none,wow/urdu yaar/urdu aap/urdu ka/urdu bhi/urdu ghr/urdu masallah/urdu se/urdu km/urdu ni/urdu ha/urdu but/urdu so/urdu beautiful/urdu
XHQrr9fmTkc,Fatima faisal aap sufi lag rahe o lookup season 2 😂😂,no,none,na,none,Fatima/urdu faisal/urdu aap/urdu sufi/urdu lag/urdu rahe/urdu o/urdu lookup/urdu season/urdu 2/urdu 😂😂/urdu
zfjRK9s0pjA,Allah ap logo ko seht dye Ameen 😊😊😊😊,no,none,na,none|joy,Allah/urdu ap/urdu logo/urdu ko/urdu seht/urdu dye/urdu Ameen/urdu 😊😊😊😊/urdu
gvG35CxYOLg,BHAI CHILLI SAUSE PI JO,no,none,na,joy,BHAI/urdu CHILLI/urdu SAUSE/urdu PI/urdu JO/urdu
4k0ZV0UFZSw,Jab tak Israel hai yah kabi iran aur America kay muzakarat kamiyab nahi honay day gay,no,none,na,none,Jab/urdu tak/urdu Israel/urdu hai/urdu yah/urdu kabi/urdu iran/urdu aur/urdu America/urdu kay/urdu muzakarat/urdu kamiyab/urdu nahi/urdu honay/urdu day/urdu gay/urdu
EyrNOfyxSBQ,Kya yah Sach hai,no,none,na,surprise,Kya/urdu yah/urdu Sach/urdu hai/urdu
EyrNOfyxSBQ,Bohat achi movie ha 🥹🥰,no,none,na,joy,Bohat/urdu achi/urdu movie/urdu ha/urdu 🥹🥰/urdu
VUKai4CZSNw,Dacky bhai 🫡 happy ho na,no,none,na,none,Dacky/urdu bhai/urdu 🫡/urdu happy/urdu ho/urdu na/urdu
EyrNOfyxSBQ,film ka nam to garat ha lakin tum log ma garat nhi ha,no,offensive,na,none,film/urdu ka/urdu nam/urdu to/urdu garat/urdu ha/urdu lakin/urdu tum/urdu log/urdu ma/urdu garat/urdu nhi/urdu ha/urdu
WJxfQWiP9DQ,Noon ki ni chati halat trhk ho kiun.kay noom.leak khud chahati hay army kay janrail badnam hon awaam sara nazla army par dalti kiun kay lay kar any wali army hay,no,none,na,none,Noon/urdu ki/urdu ni/urdu chati/urdu halat/urdu trhk/urdu ho/urdu kiun.kay/urdu noom.leak/urdu khud/urdu chahati/urdu hay/urdu army/urdu kay/urdu janrail/urdu badnam/urdu hon/urdu awaam/urdu sara/urdu nazla/urdu army/urdu par/urdu dalti/urdu kiun/urdu kay/urdu lay/urdu kar/urdu any/urdu wali/urdu army/urdu hay/urdu
zfjRK9s0pjA,Fatima ka Sath horror prank,no,none,na,none,Fatima/urdu ka/urdu Sath/urdu horror/urdu prank/urdu
IMnXqYDHhZI,Knwal api aizal k kpry mujhy dy dyn,no,none,na,none,Knwal/urdu api/urdu aizal/urdu k/urdu kpry/urdu mujhy/urdu dy/urdu dyn/urdu
BaMLBWWvNHA,"500k views b nh aty tery , Rajab ki pic se almost 4M views 😂 that's the power of Rajab",no,hate,na,none,"500k/urdu views/urdu b/urdu nh/urdu aty/urdu tery/urdu ,/urdu Rajab/urdu ki/urdu pic/urdu se/urdu almost/urdu 4M/urdu views/urdu 😂/urdu that's/english the/english power/english of/english Rajab/english"
eY0i4nBXqdY,Humne bhi khaya hai bahut majedar hota hai,no,none,na,none,Humne/urdu bhi/urdu khaya/urdu hai/urdu bahut/urdu majedar/urdu hota/urdu hai/urdu
BaMLBWWvNHA,kutti ka bucha lanat tara ta suba sham,yes,hate,factual,anger,kutti/urdu ka/urdu bucha/urdu lanat/urdu tara/urdu ta/urdu suba/urdu sham/urdu
BljaIOvFkcM,Imran Riaz khan sir yehi as it is moqef Sindhion ka bhi hai farak Sirf ye hai k Sindhion k tamam tar wasael pr kàbza kia ja chukka hai jab k Kashmirion k Sath aesa krne ki Koshish ki ja Rahi hai lekn app ne Sindhion k Leye kabhi awaz nahi uthate,yes,none,na,none,Imran/urdu Riaz/urdu khan/urdu sir/urdu yehi/urdu as/english it/english is/english moqef/urdu Sindhion/urdu ka/urdu bhi/urdu hai/urdu farak/urdu Sirf/urdu ye/urdu hai/urdu k/urdu Sindhion/urdu k/urdu tamam/urdu tar/urdu wasael/urdu pr/urdu kàbza/urdu kia/urdu ja/urdu chukka/urdu hai/urdu jab/urdu k/urdu Kashmirion/urdu k/urdu Sath/urdu aesa/urdu krne/urdu ki/urdu Koshish/urdu ki/urdu ja/urdu Rahi/urdu hai/urdu lekn/urdu app/urdu ne/urdu Sindhion/urdu k/urdu Leye/urdu kabhi/urdu awaz/urdu nahi/urdu uthate/urdu
EyrNOfyxSBQ,Ab beghrat hamien gherat k bare me batye ge,no,none,na,none,Ab/urdu beghrat/urdu hamien/urdu gherat/urdu k/urdu bare/urdu me/urdu batye/urdu ge/urdu
BaMLBWWvNHA,Kehan vo 10 million wala kehan tum 3 million wale 😎🤣 rajab ke nam pe phale views leke ab Bhonk reha ha 😂 vo fitna ha to tum fit a pro max ho bhai,yes,none,na,anger,Kehan/urdu vo/urdu 10/urdu million/urdu wala/urdu kehan/urdu tum/urdu 3/urdu million/urdu wale/urdu 😎🤣/urdu rajab/urdu ke/urdu nam/urdu pe/urdu phale/urdu views/urdu leke/urdu ab/urdu Bhonk/urdu reha/urdu ha/urdu 😂/urdu vo/urdu fitna/urdu ha/urdu to/urdu tum/urdu fit/urdu a/urdu pro/urdu max/urdu ho/urdu bhai/urdu
FH8OUP2_sN4,Ducky bhai please come back 🙏 😢 😭,no,none,na,sadness,Ducky/urdu bhai/urdu please/urdu come/urdu back/urdu 🙏/urdu 😢/urdu 😭/urdu
nqbNLe84dpM,Jolo chip Kahan Sy liya hay,no,none,na,none,Jolo/urdu chip/urdu Kahan/urdu Sy/urdu liya/urdu hay/urdu
VUKai4CZSNw,Mana to subscribe be kia huwa ha phir be maza nhi a raha,no,none,na,sadness,Mana/urdu to/urdu subscribe/urdu be/urdu kia/urdu huwa/urdu ha/urdu phir/urdu be/urdu maza/urdu nhi/urdu a/urdu raha/urdu
BljaIOvFkcM,tu tou dallay PAKISTAN KA DUSHMAN BAN GAYA HAI,yes,hate,na,anger,tu/urdu tou/urdu dallay/urdu PAKISTAN/urdu KA/urdu DUSHMAN/urdu BAN/urdu GAYA/urdu HAI/urdu
UiYpRBQ74fs,Pagal ho raha hai power ky liye army chief,no,hate,na,anger,Pagal/urdu ho/urdu raha/urdu hai/urdu power/urdu ky/urdu liye/urdu army/urdu chief/urdu
zXAAAXogJ78,Y kutta khane ka damu ha JB hi 2no kha k kharab kar deye,no,hate,na,anger,Y/urdu kutta/urdu khane/urdu ka/urdu damu/urdu ha/urdu JB/urdu hi/urdu 2no/urdu kha/urdu k/urdu kharab/urdu kar/urdu deye/urdu
BmpRnfu16YA,WOW Content nhi  mila to Haya ke ghar a gai  AJ hum Haya ke ghar ka tour de ge,no,none,na,none,WOW/urdu Content/urdu nhi/urdu mila/urdu to/urdu Haya/urdu ke/urdu ghar/urdu a/urdu gai/urdu AJ/urdu hum/urdu Haya/urdu ke/urdu ghar/urdu ka/urdu tour/urdu de/urdu ge/urdu
N-0DINjOMlY,Sardi Sardi kerni  hai but kanwal bibi ne shawl nahi orhni 😂 Modren nahi lagay gi 😂,no,none,na,none,Sardi/urdu Sardi/urdu kerni/urdu hai/urdu but/urdu kanwal/urdu bibi/urdu ne/urdu shawl/urdu nahi/urdu orhni/urdu 😂/urdu Modren/urdu nahi/urdu lagay/urdu gi/urdu 😂/urdu
hhFGhAo4ZfY,App ka fram house ka vedio dena ...,no,none,na,none,App/urdu ka/urdu fram/urdu house/urdu ka/urdu vedio/urdu dena/urdu .../urdu
FH8OUP2_sN4,Maza a giya vlag ka 😊❤,no,none,na,none,Maza/urdu a/urdu giya/urdu vlag/urdu ka/urdu 😊❤/urdu
4k0ZV0UFZSw,Or usi paisay ki wajha sy aap Ishaq e Imran khan sy bahir bi nhi nikl pa rhy,no,none,misinfo,none,Or/urdu usi/urdu paisay/urdu ki/urdu wajha/urdu sy/urdu aap/urdu Ishaq/urdu e/urdu Imran/urdu khan/urdu sy/urdu bahir/urdu bi/urdu nhi/urdu nikl/urdu pa/urdu rhy/urdu
BaMLBWWvNHA,Wah zulqernan bhai wah ap na to kmal kr dia,no,none,na,none,Wah/urdu zulqernan/urdu bhai/urdu wah/urdu ap/urdu na/urdu to/urdu kmal/urdu kr/urdu dia/urdu
BljaIOvFkcM,Sub KO pta Pakistan kon loot k khaa Raha 78 Saal sy,no,offensive,factual,sadness,Sub/urdu KO/urdu pta/urdu Pakistan/urdu kon/urdu loot/urdu k/urdu khaa/urdu Raha/urdu 78/urdu Saal/urdu sy/urdu
IMnXqYDHhZI,Kesi oart hai Bhai apki bv ur AP k andr b gerat na ki koi cheez hai Kya ....bv kbi apny shohr ko aesy bol sakti hai Kya ur wo b in camera k tm bakws krny lag Gy ho...o Bhai mry Kay msg day rahy ho apny dekhny walon ko....ezat pesy k sath NHI Hoti yaad rakhna tm log pesy k leeya sari hadain hi par kr jaty ho ..,no,none,na,none,Kesi/urdu oart/urdu hai/urdu Bhai/urdu apki/urdu bv/urdu ur/urdu AP/urdu k/urdu andr/urdu b/urdu gerat/urdu na/urdu ki/urdu koi/urdu cheez/urdu hai/urdu Kya/urdu ....bv/urdu kbi/urdu apny/urdu shohr/urdu ko/urdu aesy/urdu bol/urdu sakti/urdu hai/urdu Kya/urdu ur/urdu wo/urdu b/urdu in/urdu camera/urdu k/urdu tm/urdu bakws/urdu krny/urdu lag/urdu Gy/urdu ho...o/urdu Bhai/urdu mry/urdu Kay/urdu msg/urdu day/urdu rahy/urdu ho/urdu apny/urdu dekhny/urdu walon/urdu ko....ezat/urdu pesy/urdu k/urdu sath/urdu NHI/urdu Hoti/urdu yaad/urdu rakhna/urdu tm/urdu log/urdu pesy/urdu k/urdu leeya/urdu sari/urdu hadain/urdu hi/urdu par/urdu kr/urdu jaty/urdu ho/urdu ../urdu
BaMLBWWvNHA,Tu apna views ka liya ik brand.  Sa ulag raha hai,no,none,na,fear,Tu/urdu apna/urdu views/urdu ka/urdu liya/urdu ik/urdu brand./urdu Sa/urdu ulag/urdu raha/urdu hai/urdu
HeZ2VBdJeOk,Imran riaz ap jaisa bagirat ni dekha me ny apni personal dhushmani ki waja sy har bar army ko target krta ho mard ky bacho ki tarha sach bhi bola kro har jagha pesh mat krwao awam ko fouj ky khilaf mat kro har time apni personal dhushmani nikal ty ho agr imran khan ajy phr ya fouj thek ho jy gi bagirat insan 10:06,yes,offensive,na,none,Imran/urdu riaz/urdu ap/urdu jaisa/urdu bagirat/urdu ni/urdu dekha/urdu me/urdu ny/urdu apni/urdu personal/urdu dhushmani/urdu ki/urdu waja/urdu sy/urdu har/urdu bar/urdu army/urdu ko/urdu target/urdu krta/urdu ho/urdu mard/urdu ky/urdu bacho/urdu ki/urdu tarha/urdu sach/urdu bhi/urdu bola/urdu kro/urdu har/urdu jagha/urdu pesh/urdu mat/urdu krwao/urdu awam/urdu ko/urdu fouj/urdu ky/urdu khilaf/urdu mat/urdu kro/urdu har/urdu time/urdu apni/urdu personal/urdu dhushmani/urdu nikal/urdu ty/urdu ho/urdu agr/urdu imran/urdu khan/urdu ajy/urdu phr/urdu ya/urdu fouj/urdu thek/urdu ho/urdu jy/urdu gi/urdu bagirat/urdu insan/urdu 10:06/urdu
EyrNOfyxSBQ,Ya full movie  hai 😂😂,no,none,na,none,Ya/urdu full/urdu movie/urdu hai/urdu 😂😂/urdu
BaMLBWWvNHA,We proud of you zulkar bhai ap ne dushman ko sahi sabak sikaya wo to zaleel insan ha or wo galiyan hi deserve krta ha,yes,offensive,factual,anger,We/urdu proud/urdu of/urdu you/urdu zulkar/urdu bhai/urdu ap/urdu ne/urdu dushman/urdu ko/urdu sahi/urdu sabak/urdu sikaya/urdu wo/urdu to/urdu zaleel/urdu insan/urdu ha/urdu or/urdu wo/urdu galiyan/urdu hi/urdu deserve/urdu krta/urdu ha/urdu
N-0DINjOMlY,I am from India 🇮🇳 zulqarnain please please 🙏 bhaghwan ka wasta koi baat nahi Mano aik baat zaroor Mano key zayada bachye nahi karna zayada bacho mein bhaghwan kharabi paaida kar deta hai bhaghwan key wastey 2 sey zayada bachye nahi paaida karna chahye 3 bachye key liye kanwal ko abortion karwana parye wasey bhi 3 bacha huwa tumhara bhaghwan us par kharabi paaida kar deta hai yahi reality hai trending in india 🇮🇳,no,offensive,na,fear,I/english am/english from/english India/english 🇮🇳/urdu zulqarnain/urdu please/urdu please/english 🙏/urdu bhaghwan/urdu ka/urdu wasta/urdu koi/urdu baat/urdu nahi/urdu Mano/urdu aik/urdu baat/urdu zaroor/urdu Mano/urdu key/urdu zayada/urdu bachye/urdu nahi/urdu karna/urdu zayada/urdu bacho/urdu mein/urdu bhaghwan/urdu kharabi/urdu paaida/urdu kar/urdu deta/urdu hai/urdu bhaghwan/urdu key/urdu wastey/urdu 2/urdu sey/urdu zayada/urdu bachye/urdu nahi/urdu paaida/urdu karna/urdu chahye/urdu 3/urdu bachye/urdu key/urdu liye/urdu kanwal/urdu ko/urdu abortion/urdu karwana/urdu parye/urdu wasey/urdu bhi/urdu 3/urdu bacha/urdu huwa/urdu tumhara/urdu bhaghwan/urdu us/urdu par/urdu kharabi/urdu paaida/urdu kar/urdu deta/urdu hai/urdu yahi/urdu reality/urdu hai/urdu trending/urdu in/urdu india/urdu 🇮🇳/urdu
BaMLBWWvNHA,Arey Pagal woh shiya h usko quraan ki kia hi izat Hogi bas apna khiyaal rakhna uski hasd Sy bch KY rehna ye Kuch bhi kr sakhta h,yes,offensive,na,anger|sadness,Arey/urdu Pagal/urdu woh/urdu shiya/urdu h/urdu usko/urdu quraan/urdu ki/urdu kia/urdu hi/urdu izat/urdu Hogi/urdu bas/urdu apna/urdu khiyaal/urdu rakhna/urdu uski/urdu hasd/urdu Sy/urdu bch/urdu KY/urdu rehna/urdu ye/urdu Kuch/urdu bhi/urdu kr/urdu sakhta/urdu h/urdu
4k0ZV0UFZSw,Haq ka seedha Rasta karbla karbla hai humari darsgaah krbla karbla mola Hussain a s zindabad Salam ya Hussain a s ❤❤❤❤❤❤,no,none,na,joy|fear,Haq/urdu ka/urdu seedha/urdu Rasta/urdu karbla/urdu karbla/urdu hai/urdu humari/urdu darsgaah/urdu krbla/urdu karbla/urdu mola/urdu Hussain/urdu a/urdu s/urdu zindabad/urdu Salam/urdu ya/urdu Hussain/urdu a/urdu s/urdu ❤❤❤❤❤❤/urdu
N-0DINjOMlY,V nice vlog.mubarik ho boht boht win krny ka.,no,none,na,joy,V/urdu nice/urdu vlog.mubarik/urdu ho/urdu boht/urdu boht/urdu win/urdu krny/urdu ka./urdu
EyrNOfyxSBQ,Kash ap k real father b gerat mand hoty,no,offensive,na,sadness|anger,Kash/urdu ap/urdu k/urdu real/urdu father/urdu b/urdu gerat/urdu mand/urdu hoty/urdu
eY0i4nBXqdY,Pyari lag rahi hai aap bhi Pyari lag rahi hai Mashallah,no,none,na,joy,Pyari/urdu lag/urdu rahi/urdu hai/urdu aap/urdu bhi/urdu Pyari/urdu lag/urdu rahi/urdu hai/urdu Mashallah/urdu
4k0ZV0UFZSw,Khan sahib k name lete ho to thaa.kute bilon ka name lete ho to sahib are you okay,no,none,na,sadness|anger,Khan/urdu sahib/urdu k/urdu name/urdu lete/urdu ho/urdu to/urdu thaa.kute/urdu bilon/urdu ka/urdu name/urdu lete/urdu ho/urdu to/urdu sahib/urdu are/english you/english okay/english
VUKai4CZSNw,Bahi pattlo ka nam lekr roast kro to many ham,no,none,na,joy|none,Bahi/urdu pattlo/urdu ka/urdu nam/urdu lekr/urdu roast/urdu kro/urdu to/urdu many/urdu ham/urdu
UiYpRBQ74fs,"Jinko awam sonna bhi nahi chahti ap unky clip lga dety hain. 
In loogon ki wja sy awam ny television dakhna chor diya hy.",no,offensive,na,anger,Jinko/urdu awam/urdu sonna/urdu bhi/urdu nahi/urdu chahti/urdu ap/urdu unky/urdu clip/urdu lga/urdu dety/urdu hain./urdu In/urdu loogon/urdu ki/urdu wja/urdu sy/urdu awam/urdu ny/urdu television/urdu dakhna/urdu chor/urdu diya/urdu hy./urdu
zfjRK9s0pjA,Ikra Kamal main aapki bahut badi fan hun aap rabiya ka Vaishnavi kar de main Mera Naam Reshma hai main aapse Milana chahti hun aap lahaur mein rahte Hain Ham Pakistan mein rahte hain thank u Veri Mach❤❤❤❤❤❤❤❤❤❤❤❤❤🎉🎉🎉🎉🎉😊😊😊😊😊,no,none,na,joy,Ikra/urdu Kamal/urdu main/urdu aapki/urdu bahut/urdu badi/urdu fan/urdu hun/urdu aap/urdu rabiya/urdu ka/urdu Vaishnavi/urdu kar/urdu de/urdu main/urdu Mera/urdu Naam/urdu Reshma/urdu hai/urdu main/urdu aapse/urdu Milana/urdu chahti/urdu hun/urdu aap/urdu lahaur/urdu mein/urdu rahte/urdu Hain/urdu Ham/urdu Pakistan/urdu mein/urdu rahte/urdu hain/urdu thank/urdu u/urdu Veri/urdu Mach❤❤❤❤❤❤❤❤❤❤❤❤❤🎉🎉🎉🎉🎉😊😊😊😊😊/urdu
FH8OUP2_sN4,Ducky bhai mere bachon ko apky bachon ka bht intezar hai.....,no,none,na,joy,Ducky/urdu bhai/urdu mere/urdu bachon/urdu ko/urdu apky/urdu bachon/urdu ka/urdu bht/urdu intezar/urdu hai...../urdu
-w7eMfsuRgA,Well done 👍👍👍 gill sab ap nay bohat zabardast batain ki hain,no,none,na,joy,Well/urdu done/urdu 👍👍👍/urdu gill/urdu sab/urdu ap/urdu nay/urdu bohat/urdu zabardast/urdu batain/urdu ki/urdu hain/urdu
gvG35CxYOLg,Aap ki shadi Aniqa se honi chahiye thi Aniqa aap se love krti hai mera dil kehta hai aap k sare vlogs daikh kr keh raha hun main 🥺,no,none,na,sadness,Aap/urdu ki/urdu shadi/urdu Aniqa/urdu se/urdu honi/urdu chahiye/urdu thi/urdu Aniqa/urdu aap/urdu se/urdu love/urdu krti/urdu hai/urdu mera/urdu dil/urdu kehta/urdu hai/urdu aap/urdu k/urdu sare/urdu vlogs/urdu daikh/urdu kr/urdu keh/urdu raha/urdu hun/urdu main/urdu 🥺/urdu
nqbNLe84dpM,Ye Rabia ko kia hova anty Kun LG ri a bacho wali masoomiat he khatam,no,none,na,none,Ye/urdu Rabia/urdu ko/urdu kia/urdu hova/urdu anty/urdu Kun/urdu LG/urdu ri/urdu a/urdu bacho/urdu wali/urdu masoomiat/urdu he/urdu khatam/urdu
FH8OUP2_sN4,Ducky bhai love you❤,no,none,na,joy,Ducky/urdu bhai/urdu love/urdu you❤/urdu
BaMLBWWvNHA,"tu khandani  hota tu
 tu b apni oqaat itni jaldi na dekata",yes,offensive,na,anger|sadness,tu/urdu khandani/urdu hota/urdu tu/urdu tu/urdu b/urdu apni/urdu oqaat/urdu itni/urdu jaldi/urdu na/urdu dekata/urdu
eY0i4nBXqdY,Hamara lia bhi dua karna ameen,no,none,na,joy|none,Hamara/urdu lia/urdu bhi/urdu dua/urdu karna/urdu ameen/urdu
N-0DINjOMlY,Play krti rehti ha sing krti rehti ha,no,none,na,joy,Play/urdu krti/urdu rehti/urdu ha/urdu sing/urdu krti/urdu rehti/urdu ha/urdu
BljaIOvFkcM,"Jarneyl apne maqsad k boht kareeb hain, jald unka mishion complete hone wala ha. Is bar mulk k beyshumar tukray hon ge.",no,hate,na,anger|sadness|fear,"Jarneyl/urdu apne/urdu maqsad/urdu k/urdu boht/urdu kareeb/urdu hain,/urdu jald/urdu unka/urdu mishion/urdu complete/urdu hone/urdu wala/urdu ha./urdu Is/urdu bar/urdu mulk/urdu k/urdu beyshumar/urdu tukray/urdu hon/urdu ge./urdu"
HeZ2VBdJeOk,Imran bhai slamt rhe bhai madina pak se khas Dua he ap k lye,no,none,na,joy,Imran/urdu bhai/urdu slamt/urdu rhe/urdu bhai/urdu madina/urdu pak/urdu se/urdu khas/urdu Dua/urdu he/urdu ap/urdu k/urdu lye/urdu
nqbNLe84dpM,Api inki halat dkh k to hamari halat khrb hogai or mano.to Mirchi kha k or bh pyri lgri th AJ,no,none,na,joy,Api/urdu inki/urdu halat/urdu dkh/urdu k/urdu to/urdu hamari/urdu halat/urdu khrb/urdu hogai/urdu or/urdu mano.to/urdu Mirchi/urdu kha/urdu k/urdu or/urdu bh/urdu pyri/urdu lgri/urdu th/urdu AJ/urdu
hhFGhAo4ZfY,Aaj na nano ka din kharab thaaa😂,yes,none,na,joy,Aaj/urdu na/urdu nano/urdu ka/urdu din/urdu kharab/urdu thaaa😂/urdu
VUKai4CZSNw,Aroob be bhi ducky k sath reh reh k chussen Marna Shuru kardi hen 😅,yes,none,na,joy,Aroob/urdu be/urdu bhi/urdu ducky/urdu k/urdu sath/urdu reh/urdu reh/urdu k/urdu chussen/urdu Marna/urdu Shuru/urdu kardi/urdu hen/urdu 😅/urdu
Erif7Vj9NSQ,Aap bahut acchi lagi bahut se bhi bahut jyada Had Se Bhi Jyada vaise Ki Tum Bhi bahut hi acchi hai acchi hai bahut acchi hai,no,none,na,joy,Aap/urdu bahut/urdu acchi/urdu lagi/urdu bahut/urdu se/urdu bhi/urdu bahut/urdu jyada/urdu Had/urdu Se/urdu Bhi/urdu Jyada/urdu vaise/urdu Ki/urdu Tum/urdu Bhi/urdu bahut/urdu hi/urdu acchi/urdu hai/urdu acchi/urdu hai/urdu bahut/urdu acchi/urdu hai/urdu
FH8OUP2_sN4,Kya bath ha ducky Bhai Kya videos banata ho ❤❤❤🎉🎉🎉,no,none,na,joy,Kya/urdu bath/urdu ha/urdu ducky/urdu Bhai/urdu Kya/urdu videos/urdu banata/urdu ho/urdu ❤❤❤🎉🎉🎉/urdu
BaMLBWWvNHA,Bhai fame Mang Raha hai rajab Bhai ka name sa,no,none,na,anger|sadness,Bhai/urdu fame/urdu Mang/urdu Raha/urdu hai/urdu rajab/urdu Bhai/urdu ka/urdu name/urdu sa/urdu
-w7eMfsuRgA,Awam soye hwe hi ghflat ke neend kuch karte he nhi,yes,offensive,na,sadness,Awam/urdu soye/urdu hwe/urdu hi/urdu ghflat/urdu ke/urdu neend/urdu kuch/urdu karte/urdu he/urdu nhi/urdu
FH8OUP2_sN4,Fat fat fat fat Ducky bhai ....lose weight plzzzzzzzzzzzzzzzzzzzzzzzzzzzzzzzzzzzzzzzzzzzz,yes,offensive,na,anger|sadness,Fat/urdu fat/urdu fat/urdu fat/urdu Ducky/urdu bhai/urdu ....lose/urdu weight/urdu plzzzzzzzzzzzzzzzzzzzzzzzzzzzzzzzzzzzzzzzzzzzz/urdu
BmpRnfu16YA,Han tum to gareeb thi pahla ukat nhi thi tum logo k,yes,offensive,na,sadness|anger,Han/urdu tum/urdu to/urdu gareeb/urdu thi/urdu pahla/urdu ukat/urdu nhi/urdu thi/urdu tum/urdu logo/urdu k/urdu
BaMLBWWvNHA,Shankar Narayan bhai Apne ke bacchon ko bahut bura kaha aisa Nahin kahana chahie tha vah itna bura bhi Nahin hai hamara raja bhai hai vah jyada hi achcha hai Raju bhai ki pareshani log dekhte hain kyunki vah aapke dost hai isliye main aapko ham log dekhti hun Varna main aapko block Nahin dekhna chahti sabse chhota hai jab se aap mujhe bhai ko yah kaha tha Nahin to apna kahe to achcha hoga,yes,offensive,na,anger|sadness,Shankar/urdu Narayan/urdu bhai/urdu Apne/urdu ke/urdu bacchon/urdu ko/urdu bahut/urdu bura/urdu kaha/urdu aisa/urdu Nahin/urdu kahana/urdu chahie/urdu tha/urdu vah/urdu itna/urdu bura/urdu bhi/urdu Nahin/urdu hai/urdu hamara/urdu raja/urdu bhai/urdu hai/urdu vah/urdu jyada/urdu hi/urdu achcha/urdu hai/urdu Raju/urdu bhai/urdu ki/urdu pareshani/urdu log/urdu dekhte/urdu hain/urdu kyunki/urdu vah/urdu aapke/urdu dost/urdu hai/urdu isliye/urdu main/urdu aapko/urdu ham/urdu log/urdu dekhti/urdu hun/urdu Varna/urdu main/urdu aapko/urdu block/urdu Nahin/urdu dekhna/urdu chahti/urdu sabse/urdu chhota/urdu hai/urdu jab/urdu se/urdu aap/urdu mujhe/urdu bhai/urdu ko/urdu yah/urdu kaha/urdu tha/urdu Nahin/urdu to/urdu apna/urdu kahe/urdu to/urdu achcha/urdu hoga/urdu
BaMLBWWvNHA,Tu kitna ghutiya hai rey zulqarnain 😂,yes,hate,na,anger,Tu/urdu kitna/urdu ghutiya/urdu hai/urdu rey/urdu zulqarnain/urdu 😂/urdu
PKFU1F2QEMQ,MashaAllah Allah rehna basna baratna naseeb karay har buri nazar se bachayen Aameen.,no,none,na,joy,MashaAllah/urdu Allah/urdu rehna/urdu basna/urdu baratna/urdu naseeb/urdu karay/urdu har/urdu buri/urdu nazar/urdu se/urdu bachayen/urdu Aameen./urdu
BaMLBWWvNHA,"Bhai ap ny bilkul si Faisala kia ha Al mil apni sister pash Karyn Rajab ko 
Acha Tum kah rahy ho ka Rajab Bhai Mary kabil nahi ha apny subscriber to Dekho or apny Dekho acha ap lag rahy ho ka Rajab Bhai khandani nahi ha to ap kon sa khandani hyn pehli bat ma nai manta ka Rajab Bhai ko ap ny passy deya tha Un ki baray par or age deya b hyn to fosroo ko btany ki kia zaroorat ha bataow ap na ya bat khandani bandy wali ki ha kia btaow o hoo sorry ma tumhyn ap kah kar Bula Raha tha oy bat sun loly😅",no,hate,na,anger|sadness,Bhai/urdu ap/urdu ny/urdu bilkul/urdu si/urdu Faisala/urdu kia/urdu ha/urdu Al/urdu mil/urdu apni/urdu sister/urdu pash/urdu Karyn/urdu Rajab/urdu ko/urdu Acha/urdu Tum/urdu kah/urdu rahy/urdu ho/urdu ka/urdu Rajab/urdu Bhai/urdu Mary/urdu kabil/urdu nahi/urdu ha/urdu apny/urdu subscriber/urdu to/urdu Dekho/urdu or/urdu apny/urdu Dekho/urdu acha/urdu ap/urdu lag/urdu rahy/urdu ho/urdu ka/urdu Rajab/urdu Bhai/urdu khandani/urdu nahi/urdu ha/urdu to/urdu ap/urdu kon/urdu sa/urdu khandani/urdu hyn/urdu pehli/urdu bat/urdu ma/urdu nai/urdu manta/urdu ka/urdu Rajab/urdu Bhai/urdu ko/urdu ap/urdu ny/urdu passy/urdu deya/urdu tha/urdu Un/urdu ki/urdu baray/urdu par/urdu or/urdu age/urdu deya/urdu b/urdu hyn/urdu to/urdu fosroo/urdu ko/urdu btany/urdu ki/urdu kia/urdu zaroorat/urdu ha/urdu bataow/urdu ap/urdu na/urdu ya/urdu bat/urdu khandani/urdu bandy/urdu wali/urdu ki/urdu ha/urdu kia/urdu btaow/urdu o/urdu hoo/urdu sorry/urdu ma/urdu tumhyn/urdu ap/urdu kah/urdu kar/urdu Bula/urdu Raha/urdu tha/urdu oy/urdu bat/urdu sun/urdu loly😅/urdu
Erif7Vj9NSQ,Yar ya vlog itni dafa dekhna Ka bad bhi dobra kon Dekh rha ha 2k26 ma  date.12 june😮😅,no,none,na,joy|surprise,Yar/urdu ya/urdu vlog/urdu itni/urdu dafa/urdu dekhna/urdu Ka/urdu bad/urdu bhi/urdu dobra/urdu kon/urdu Dekh/urdu rha/urdu ha/urdu 2k26/urdu ma/urdu date.12/urdu june😮😅/urdu
VUKai4CZSNw,Welcome to Japan ducky bhai & Aroob beauty 😂🇯🇵🫡,no,none,na,joy,Welcome/urdu to/urdu Japan/urdu ducky/urdu bhai/urdu &/urdu Aroob/urdu beauty/urdu 😂🇯🇵🫡/ambiguous
HeZ2VBdJeOk,Is armi chief ko do ghut Pani Mai dobke marjana chaheye Imran Khan ki dar sai ishteshna Lena buzdili hai,yes,hate,na,anger|sadness,Is/urdu armi/urdu chief/urdu ko/urdu do/urdu ghut/urdu Pani/urdu Mai/urdu dobke/urdu marjana/urdu chaheye/urdu Imran/urdu Khan/urdu ki/urdu dar/urdu sai/urdu ishteshna/urdu Lena/urdu buzdili/urdu hai/urdu
FH8OUP2_sN4,Duck bhai miss you,no,none,na,joy,Duck/urdu bhai/urdu miss/urdu you/urdu
8ksTrbtyTco,shahveer yai ju bhi is ku sharam nahi aati israel products ku promote karta hai ye .....Tum Jase logo ku sharam nhi hai or cheezu ku israel products ku promote karte ho ...... sirf khane ke liye hi bana hai ....May Allah guide us all ameen,no,offensive,na,anger|sadness,shahveer/urdu yai/urdu ju/urdu bhi/urdu is/urdu ku/urdu sharam/urdu nahi/urdu aati/urdu israel/urdu products/urdu ku/urdu promote/urdu karta/urdu hai/urdu ye/urdu .....Tum/urdu Jase/urdu logo/urdu ku/urdu sharam/urdu nhi/urdu hai/urdu or/urdu cheezu/urdu ku/urdu israel/urdu products/urdu ku/urdu promote/urdu karte/urdu ho/urdu ....../urdu sirf/urdu khane/urdu ke/urdu liye/urdu hi/urdu bana/urdu hai/urdu ....May/urdu Allah/urdu guide/urdu us/urdu all/urdu ameen/urdu
BljaIOvFkcM,"ab to har namaaz me bhi in haraam khor Generals, Politicians, Judges k khilaf Dua mangtey hen, Allah Tala jald sakht azaab dey de in haraam khoron ko. Ameen",no,hate,na,anger|sadness,"ab/urdu to/urdu har/urdu namaaz/urdu me/urdu bhi/urdu in/urdu haraam/urdu khor/urdu Generals,/urdu Politicians,/urdu Judges/urdu k/urdu khilaf/urdu Dua/urdu mangtey/urdu hen,/urdu Allah/urdu Tala/urdu jald/urdu sakht/urdu azaab/urdu dey/urdu de/urdu in/urdu haraam/urdu khoron/urdu ko./urdu Ameen/urdu"
8ksTrbtyTco,Bht hi lame... Yaha mulk me khane ko nhi gareeb day by day muskil me ja rha hai aur aap jaso ky maze hi khtm nhi ho rhye...,no,offensive,na,anger,Bht/urdu hi/urdu lame.../urdu Yaha/urdu mulk/urdu me/urdu khane/urdu ko/urdu nhi/urdu gareeb/urdu day/urdu by/urdu day/urdu muskil/urdu me/urdu ja/urdu rha/urdu hai/urdu aur/urdu aap/urdu jaso/urdu ky/urdu maze/urdu hi/urdu khtm/urdu nhi/urdu ho/urdu rhye.../urdu
N-0DINjOMlY,Pen nu lan ee airpod. Tu phodiya daya phali vari ly nii,no,hate,na,anger,Pen/urdu nu/urdu lan/urdu ee/urdu airpod./urdu Tu/urdu phodiya/urdu daya/urdu phali/urdu vari/urdu ly/urdu nii/urdu
nqbNLe84dpM,Areeb bahi ki dress ma Pasand Kamal ha or too or areeb bahi ki ap Pasand bhi Kamal ko❤❤,no,none,na,joy,Areeb/urdu bahi/urdu ki/urdu dress/urdu ma/urdu Pasand/urdu Kamal/urdu ha/urdu or/urdu too/urdu or/urdu areeb/urdu bahi/urdu ki/urdu ap/urdu Pasand/urdu bhi/urdu Kamal/urdu ko❤❤/urdu
BmpRnfu16YA,2:01ujhe BHI ese Karne se aati hai 😅,no,none,na,joy,2:01ujhe/urdu BHI/urdu ese/urdu Karne/urdu se/urdu aati/urdu hai/urdu 😅/urdu
EyrNOfyxSBQ,"Hira don't know how to act 3/10, she needs to improve acting skill,itny loud expression aur tone ki zarort nhi. Be natural 

Baqi rabia did good 7/10 aur natural ho skti hai


Video direction is fab 9/10",no,none,na,none,"Hira/urdu don't/english know/english how/english to/english act/english 3/10,/urdu she/english needs/english to/urdu improve/english acting/english skill,itny/english loud/english expression/english aur/english tone/urdu ki/urdu zarort/urdu nhi./urdu Be/english natural/english Baqi/urdu rabia/urdu did/urdu good/urdu 7/10/urdu aur/urdu natural/urdu ho/urdu skti/urdu hai/urdu Video/urdu direction/urdu is/urdu fab/urdu 9/10/urdu"
IMnXqYDHhZI,Apky views millions main pehly dim he ajty thy kia ab apka content log nhi dekhty.,no,none,na,surprise,Apky/urdu views/urdu millions/urdu main/urdu pehly/urdu dim/urdu he/urdu ajty/urdu thy/urdu kia/urdu ab/urdu apka/urdu content/urdu log/urdu nhi/urdu dekhty./urdu
IMnXqYDHhZI,Knwal to AP sa larny k elawa Kuch nae ata.,no,offensive,na,sadness,Knwal/urdu to/urdu AP/urdu sa/urdu larny/urdu k/urdu elawa/urdu Kuch/urdu nae/urdu ata./urdu
PKFU1F2QEMQ,Mashallah Mashallah bht piyara hai aap ka ghr aur mujhy tou First floor means k Sehan wala Portion bht ziyada psnd aya hai kiun k iss tarah ki jagah mere dreams main aa chuki hai issi liye mujhy bht ziyada psnd aya hai aap k ghr ka upper wala portion Mashallah Mashallah Allah Naseeb kre Ameen Sumameen😊😊😊😍😍❤❤❤,no,none,na,joy,Mashallah/urdu Mashallah/urdu bht/urdu piyara/urdu hai/urdu aap/urdu ka/urdu ghr/urdu aur/urdu mujhy/urdu tou/urdu First/urdu floor/urdu means/urdu k/urdu Sehan/urdu wala/urdu Portion/urdu bht/urdu ziyada/urdu psnd/urdu aya/urdu hai/urdu kiun/urdu k/urdu iss/urdu tarah/urdu ki/urdu jagah/urdu mere/urdu dreams/urdu main/urdu aa/urdu chuki/urdu hai/urdu issi/urdu liye/urdu mujhy/urdu bht/urdu ziyada/urdu psnd/urdu aya/urdu hai/urdu aap/urdu k/urdu ghr/urdu ka/urdu upper/urdu wala/urdu portion/urdu Mashallah/urdu Mashallah/urdu Allah/urdu Naseeb/urdu kre/urdu Ameen/urdu Sumameen😊😊😊😍😍❤❤❤/urdu
VUKai4CZSNw,My ny unsubscribe kr lia zyada maza araha try kro sb😂,yes,none,na,joy,My/urdu ny/urdu unsubscribe/urdu kr/urdu lia/urdu zyada/urdu maza/urdu araha/urdu try/urdu kro/urdu sb😂/urdu
VUKai4CZSNw,1rst time tmhari video dekhi but bilkull Tatti hou tum or tmhari bekaar ki overacting. Ptta nahi log itny lallu Q hein jo tmhen follow krty hein,yes,hate,na,anger,1rst/urdu time/urdu tmhari/urdu video/urdu dekhi/urdu but/urdu bilkull/urdu Tatti/urdu hou/urdu tum/urdu or/urdu tmhari/urdu bekaar/urdu ki/urdu overacting./urdu Ptta/urdu nahi/urdu log/urdu itny/urdu lallu/urdu Q/urdu hein/urdu jo/urdu tmhen/urdu follow/urdu krty/urdu hein/urdu
VUKai4CZSNw,Bhi ap har bat pe qasam na khaya karo,no,none,na,fear|none,Bhi/urdu ap/urdu har/urdu bat/urdu pe/urdu qasam/urdu na/urdu khaya/urdu karo/urdu
VUKai4CZSNw,Plzz ducky Bhai army support me,no,none,na,joy|none,Plzz/urdu ducky/urdu Bhai/urdu army/english support/english me/english
XHQrr9fmTkc,API  fatima please 🙏 Iqra API ko kahe ke anaviya ka face reveal karde  please 🥺,no,none,na,none,API/urdu fatima/urdu please/urdu 🙏/urdu Iqra/urdu API/urdu ko/urdu kahe/urdu ke/urdu anaviya/urdu ka/urdu face/urdu reveal/urdu karde/urdu please/urdu 🥺/urdu
N-0DINjOMlY,Aizel ko Dekh k aisa lagta hai jese kanwal abnormal ho gyi hai😂😂,no,offensive,na,none,Aizel/urdu ko/urdu Dekh/urdu k/urdu aisa/urdu lagta/urdu hai/urdu jese/urdu kanwal/urdu abnormal/urdu ho/urdu gyi/urdu hai😂😂/urdu
UiYpRBQ74fs,Jo haq mein ho ga wohiii shaheed h r zalim murdaar hota h,no,none,na,sadness,Jo/urdu haq/urdu mein/urdu ho/urdu ga/urdu wohiii/urdu shaheed/urdu h/urdu r/urdu zalim/urdu murdaar/urdu hota/urdu h/urdu
BmpRnfu16YA,Mera ghar bhi haya jaisa hai❤,no,none,na,joy,Mera/urdu ghar/urdu bhi/urdu haya/urdu jaisa/urdu hai❤/urdu
HeZ2VBdJeOk,PTI ko strongly Government se demand kerna chye ke Frangic Audit ker wae aur jo esme jo involved hon UN per Article 6 lagaya hae.,no,none,na,sadness,PTI/urdu ko/urdu strongly/urdu Government/urdu se/urdu demand/urdu kerna/urdu chye/urdu ke/urdu Frangic/urdu Audit/urdu ker/urdu wae/urdu aur/urdu jo/urdu esme/urdu jo/urdu involved/urdu hon/urdu UN/urdu per/urdu Article/urdu 6/urdu lagaya/urdu hae./urdu
WJxfQWiP9DQ,y sb ky SB jahal hy,yes,offensive,na,anger,y/urdu sb/urdu ky/urdu SB/urdu jahal/urdu hy/urdu
zfjRK9s0pjA,Allah Allah Har Bate ke bare Zindagi Kara Ameen,no,none,na,none|joy,Allah/urdu Allah/urdu Har/urdu Bate/urdu ke/urdu bare/urdu Zindagi/urdu Kara/urdu Ameen/urdu
Erif7Vj9NSQ,Red Acha lage ga,no,none,na,joy,Red/urdu Acha/urdu lage/urdu ga/urdu
XHQrr9fmTkc,"""Mera naam bhi aap ki tarah Fatima hai. Aap rozana vlogging karti hain, to kya aap thak nahi jaatin? Is energy ka secret kya hai?""""Please reply api ya Q&A mein mera naam lein",no,none,na,joy,"""Mera/urdu naam/urdu bhi/urdu aap/urdu ki/urdu tarah/urdu Fatima/urdu hai./urdu Aap/urdu rozana/urdu vlogging/urdu karti/urdu hain,/urdu to/urdu kya/urdu aap/urdu thak/urdu nahi/urdu jaatin?/urdu Is/urdu energy/urdu ka/urdu secret/urdu kya/urdu hai?""""Please/urdu reply/urdu api/urdu ya/urdu Q&A/urdu mein/urdu mera/urdu naam/urdu lein/urdu"
