video_id,comment_text,sarcasm,hate_speech,misinformation,emotion,code_switch_tags
UiYpRBQ74fs,Mirpor ma bht shid kye ha hmary sab ke vduo ma ha en k kha ha ye kshmiri kuo nzar ni aty jab Marty ha kashmri ni Marty en ke armi sida fir Marti ha kashmruo ko ye,no,hate,na,anger,Mirpor/ambiguous ma/urdu bht/urdu shid/urdu kye/urdu ha/urdu hmary/urdu sab/urdu ke/urdu vduo/urdu ma/urdu ha/urdu en/urdu k/urdu kha/urdu ha/urdu ye/urdu kshmiri/urdu kuo/urdu nzar/urdu ni/urdu aty/urdu jab/urdu Marty/ambiguous ha/urdu kashmri/urdu ni/urdu Marty/ambiguous en/urdu ke/urdu armi/urdu sida/urdu fir/urdu Marti/ambiguous ha/urdu kashmruo/urdu ko/urdu ye/urdu
IMnXqYDHhZI,Jhailll fzool m cheek q rii h ap bhen,yes,offensive,na,anger,urdu/ambiguous urdu/ambiguous urdu/ambiguous urdu/ambiguous urdu/ambiguous urdu/ambiguous urdu/ambiguous urdu/ambiguous urdu/ambiguous
BmpRnfu16YA,Yaar haya to bohat Rich hein lekin ghar aye mehmano ko aik glass pani tak na pocha,yes,offensive,na,anger,Yaar/urdu haya/urdu to/urdu bohat/urdu Rich/english hein/urdu lekin/urdu ghar/urdu aye/urdu mehmano/urdu ko/urdu aik/urdu glass/english pani/urdu tak/urdu na/urdu pocha/urdu
UiYpRBQ74fs,😢😢😢 Allah Pakistan ko Apne hafzu aman mein rakhen Ameen Ameen Ameen llanat hi Ashe hakumat par 😢😢😢😢,no,offensive,na,sadness|anger,ambiguous/ambiguous Allah/urdu Pakistan/urdu ko/urdu Apne/urdu hafzu/urdu aman/urdu mein/urdu rakhen/urdu Ameen/urdu Ameen/urdu Ameen/urdu llanat/urdu hi/urdu Ashe/urdu hakumat/urdu par/urdu ambiguous/ambiguous
IMnXqYDHhZI,Mjy suchi zulqarnain bhai ke vloging psnd hits different ❤,no,none,na,joy,Mjy/urdu suchi/urdu zulqarnain/urdu bhai/urdu ke/urdu vloging/english psnd/urdu hits/english different/english ❤/ambiguous
BmpRnfu16YA,AJ ap bhot payari lag Rahi ha Moja sab bhano ma sa sab sa achi lagti hein ma ap ki bohotttttttt bari fan hu🎉🎉🎉🎉❤❤❤😊😊😊😊,no,none,na,joy,AJ/urdu ap/urdu bhot/urdu payari/urdu lag/urdu Rahi/urdu ha/urdu Moja/urdu sab/urdu bhano/urdu ma/urdu sa/urdu sab/urdu sa/urdu achi/urdu lagti/urdu hein/urdu ma/urdu ap/urdu ki/urdu bohotttttttt/urdu bari/urdu fan/english hu/urdu
PKFU1F2QEMQ,Aur syster main padhi likhi Nahin mujhse JCB video banti hai main banakar YouTube per Dal deti hun acchi Nahin banti mujhse lekin main koshish Karti Hun ki acchi bnao,no,none,na,joy,Aur/urdu syster/english main/urdu padhi/urdu likhi/urdu Nahin/urdu mujhse/urdu JCB/english video/english banti/urdu hai/urdu main/urdu banakar/urdu YouTube/english per/urdu Dal/urdu deti/urdu hun/urdu acchi/urdu Nahin/urdu banti/urdu mujhse/urdu lekin/urdu main/urdu koshish/urdu Karti/urdu Hun/urdu ki/urdu acchi/urdu bnao/urdu
VUKai4CZSNw,Tati bhai ki aise ki tase pajal human  lafanjo human Tati bhai pajal bhai no dolti humman,no,none,na,none,Tati/urdu bhai/urdu ki/urdu aise/urdu ki/urdu tase/urdu pajal/urdu human/english lafanjo/urdu human/english Tati/urdu bhai/urdu pajal/urdu bhai/urdu no/urdu dolti/urdu humman/english
VUKai4CZSNw,Bohat zayada move hota h apka camera sir me dard hogaya 1st time dekha tha vlog bad very bad,no,offensive,na,anger|sadness,Bohat/urdu zayada/urdu move/english hota/urdu h/urdu apka/urdu camera/english sir/urdu me/urdu dard/urdu hogaya/urdu 1st/english time/english dekha/urdu tha/urdu vlog/english bad/english very/english bad/english
VUKai4CZSNw,Duky apni khubsurt bevi ki chutr ki numaesh kr k pse kama rha bahrwe k pas or chaara nh khud tu suwar k mun san ha 😂,yes,offensive,na,joy|anger,Duky/ambiguous apni/urdu khubsurt/urdu bevi/urdu ki/urdu chutr/urdu ki/urdu numaesh/urdu kr/urdu k/urdu pse/urdu kama/urdu rha/urdu bahrwe/urdu k/urdu pas/urdu or/english chaara/urdu nh/urdu khud/urdu tu/urdu suwar/urdu k/urdu mun/urdu san/urdu ha/urdu 😂/ambiguous
zXAAAXogJ78,Hash brown KAHA say Liya hai please batya,no,none,na,none,Hash/english brown/english KAHA/urdu say/urdu Liya/urdu hai/urdu please/english batya/urdu
-w7eMfsuRgA,Awam ko chaheye k ary. Geo. Dunya news ko mary,no,offensive,na,anger,Awam/urdu ko/urdu chaheye/urdu k/urdu ary./english Geo./english Dunya/urdu news/english ko/urdu mary/urdu
IMnXqYDHhZI,Zulqarnain bhai kindly ap khod krr ln vlog 🙏🙏🙏,no,none,na,none,Zulqarnain/urdu bhai/urdu kindly/english ap/urdu khod/urdu krr/urdu ln/urdu vlog/english 🙏🙏🙏/ambiguous
IMnXqYDHhZI,Waise khana bht sari same h dono country me par india me bhi bht zyada alag alag items ke khana h Or mazedaar bhi h..par aapi aap khane ko ajeebogareeb bol rhi h ? Khane ko aise nhi kehte h aapi,no,offensive,na,anger,urdu/urdu urdu/urdu urdu/urdu urdu/urdu english/english urdu/urdu urdu/urdu english/english urdu/urdu urdu/urdu english/english urdu/urdu urdu/urdu urdu/urdu urdu/urdu urdu/urdu urdu/urdu english/english urdu/urdu urdu/urdu urdu/urdu english/english urdu/urdu urdu/urdu urdu/urdu urdu/urdu urdu/urdu urdu/urdu urdu/urdu urdu/urdu urdu/urdu english/english urdu/urdu urdu/urdu urdu/urdu urdu/urdu urdu/urdu urdu/urdu urdu/urdu
WJxfQWiP9DQ,Awam jab tak gulami main soi rahegi log ese hi mertey rahainge 🔥🔥🔥,no,none,na,anger|sadness,Awam/urdu jab/urdu tak/urdu gulami/urdu main/urdu soi/urdu rahegi/urdu log/urdu ese/urdu hi/urdu mertey/urdu rahainge/urdu 🔥🔥🔥/ambiguous
EyrNOfyxSBQ,Yar bhot achi film hai ❤plzz plz part 2,no,none,na,joy,Yar/urdu bhot/urdu achi/urdu film/english hai/urdu ❤plzz/english plz/english part/english 2/english
VUKai4CZSNw,Ap ki ami koi koi bemari ha 😢,no,none,na,sadness,Ap/urdu ki/urdu ami/urdu koi/urdu koi/urdu bemari/urdu ha/urdu 😢/ambiguous
BmpRnfu16YA,Haya ka baba Kya kam karta ga mashallah atna pyara gher,no,none,na,joy,Haya/ambiguous ka/urdu baba/urdu Kya/urdu kam/urdu karta/urdu ga/urdu mashallah/urdu atna/urdu pyara/urdu gher/urdu
8ksTrbtyTco,"Shame on you honestly, carrefour's name is given by BDS in their boycott list. you cannot even boycott those 7 things? Kisi cheez ki kami hey kya?",no,offensive,na,anger,Shame/english on/english you/english honestly/english carrefour's/english name/english is/english given/english by/english BDS/english in/english their/english boycott/english list/english you/english cannot/english even/english boycott/english those/english 7/english things/english Kisi/urdu cheez/urdu ki/urdu kami/urdu hey/urdu kya/urdu
hhFGhAo4ZfY,Waqas Bhai qari sahab ko to challenge Mein Lekar Aaya Karo,yes,none,na,joy,Waqas/ambiguous Bhai/urdu qari/urdu sahab/urdu ko/urdu to/urdu challenge/english Mein/urdu Lekar/urdu Aaya/urdu Karo/urdu
VUKai4CZSNw,Ducky bhai baby shippu kahan gaya❤😢,no,none,na,sadness,english/english urdu/urdu english/english urdu/ambiguous urdu/urdu urdu/urdu
eY0i4nBXqdY,Saudia Arabia mein Meri khala bhi Rehti hein😊,no,none,na,joy,english/english english/english urdu/urdu urdu/urdu urdu/urdu urdu/urdu urdu/urdu urdu/urdu
UiYpRBQ74fs,Maryuim & bilawal 👢 🥾  boot ko izat do😂😂😅,yes,offensive,na,joy,Maryuim/ambiguous &/english bilawal/ambiguous 👢/ambiguous 🥾/ambiguous boot/urdu ko/urdu izat/urdu do/urdu
BaMLBWWvNHA,"aj pta chla ----
rajab, zulqarnain 🍒 k utha kr agy aya 
our ab ic video myn zulqarnain ny 🍒 bhatti k mun myn deye 
😂😂😂😂😂😂😂😂",yes,none,na,joy|surprise,aj/urdu pta/urdu chla/urdu ---/ambiguous rajab/urdu zulqarnain/urdu 🍒/ambiguous k/urdu utha/urdu kr/urdu agy/urdu aya/urdu our/english ab/urdu ic/english video/english myn/urdu zulqarnain/urdu ny/urdu 🍒/ambiguous bhatti/urdu k/urdu mun/urdu myn/urdu deye/urdu 😂/ambiguous
VUKai4CZSNw,My ny unsubscribe kr lia zyada maza araha try kro sb😂,yes,none,na,joy,My/english ny/urdu unsubscribe/english kr/urdu lia/urdu zyada/urdu maza/urdu araha/urdu try/english kro/urdu sb/urdu
N-0DINjOMlY,Yaar plz yai Editing Change karo yai Vlog hai awar Editing Challenge Wala Karty hai Maza nahi Araha Pehly Wala Editing theek tha,no,none,na,anger,Yaar/urdu plz/english yai/urdu Editing/english Change/english karo/urdu yai/urdu Vlog/english hai/urdu awar/urdu Editing/english Challenge/english Wala/urdu Karty/urdu hai/urdu Maza/urdu nahi/urdu Araha/urdu Pehly/urdu Wala/urdu Editing/english theek/urdu tha/urdu
FH8OUP2_sN4,Ducky Bhai bachi imprees  karta Howa 😅,yes,none,na,joy|surprise,Ducky/ambiguous Bhai/urdu bachi/urdu imprees/english karta/urdu Howa/urdu 😅/ambiguous
VUKai4CZSNw,"Duki bhi gab ap jaan ma land hoa to muga train to bustan wala seen yad a gia. Sosen or pragnant duki pounch gia 😂🎉😊, ap zombies attack krain ga agar ya seen ap add karta maza a gata, watch this seen.",yes,none,na,joy|surprise,Duki/urdu bhi/urdu gab/urdu ap/urdu jaan/urdu ma/urdu land/english hoa/urdu to/urdu muga/urdu train/english to/urdu bustan/urdu wala/urdu seen/english yad/urdu a/urdu gia/urdu Sosen/urdu or/english pragnant/english duki/urdu pounch/urdu gia/urdu ambiguous/ambiguous ap/urdu zombies/english attack/english krain/urdu ga/urdu agar/urdu ya/urdu seen/english ap/urdu add/english karta/urdu maza/urdu a/urdu gata/urdu watch/english this/english seen/english
VUKai4CZSNw,Bhi apki video dekhta hoon to ya kuch ata ha 8:11,yes,none,na,surprise,Bhi/urdu apki/urdu video/english dekhta/urdu hoon/urdu to/urdu ya/urdu kuch/urdu ata/urdu ha/urdu 8:11/ambiguous
BljaIOvFkcM,Aap yeh sunchain is sub Kay badlay  unhonay muqtadra ko kya diya hoga,yes,none,na,anger,Aap/urdu yeh/urdu sunchain/urdu is/urdu sub/urdu Kay/urdu badlay/urdu unhonay/urdu muqtadra/urdu ko/urdu kya/urdu diya/urdu hoga/urdu
nqbNLe84dpM,Areeb Bhai hama da ham pora kha la ga,no,none,na,joy,Areeb/urdu Bhai/urdu hama/urdu da/urdu ham/urdu pora/urdu kha/urdu la/urdu ga/urdu
BmpRnfu16YA,Please like and subscribe hum chota YouTubers ki bi sport kar do,no,none,na,none,Please/english like/english and/english subscribe/english hum/urdu chota/urdu YouTubers/english ki/urdu bi/urdu sport/english kar/urdu do/urdu
UiYpRBQ74fs,Imran Riaz Khan bhai you forgot the system in airport in Pakistan because living for 6 months in UK.,yes,none,na,none,Imran/urdu Riaz/urdu Khan/urdu bhai/urdu you/english forgot/english the/english system/english in/english airport/english in/english Pakistan/urdu because/english living/english for/english 6/ambiguous months/english in/english UK/english
N-0DINjOMlY,Namaz ki taleem dene wale dekho jo puri duniya mai bv ko sare uriyan phira k fakhar mehsoos krte hen 😢,yes,offensive,na,anger|sadness,Namaz/urdu ki/urdu taleem/urdu dene/urdu wale/urdu dekho/urdu jo/urdu puri/urdu duniya/urdu mai/urdu bv/english ko/urdu sare/urdu uriyan/urdu phira/urdu k/urdu fakhar/urdu mehsoos/urdu krte/urdu hen/urdu 😢/ambiguous
XHQrr9fmTkc,Agr ap Sach me larka Hoti toh nazary hi hoty,yes,offensive,na,anger,Agr/urdu ap/urdu Sach/urdu me/urdu larka/urdu Hoti/urdu toh/urdu nazary/urdu hi/urdu hoty/urdu
WJxfQWiP9DQ,Sub kindly Dua Kiya krain Imran khan k liey,no,none,na,none,urdu/ambiguous kindly/english Dua/urdu Kiya/urdu krain/urdu Imran/urdu khan/urdu k/urdu liey/urdu
nqbNLe84dpM,Ikra abhi aap aana beta face kyon Nahin dikhati,yes,offensive,na,anger,Ikra/ambiguous abhi/urdu aap/urdu aana/urdu beta/urdu face/english kyon/urdu Nahin/urdu dikhati/urdu
BljaIOvFkcM,ALLAH PAKISTAN 🇵🇰 KI HIFAZAT KRE.AMEEN,no,none,na,joy,ALLAH/urdu PAKISTAN/urdu 🇵🇰/ambiguous KI/urdu HIFAZAT/urdu KRE.AMEEN/urdu
FH8OUP2_sN4,Ducky Bhai we want met with you❤,no,none,na,joy,Ducky/ambiguous Bhai/urdu we/english want/english met/english with/english you/english
XHQrr9fmTkc,Hay Patna Faisal main aapki bahut badi fan hun please blog mein Mera comment pade,no,none,na,joy,Hay/urdu Patna/urdu Faisal/urdu main/urdu aapki/urdu bahut/urdu badi/urdu fan/english hun/urdu please/english blog/english mein/urdu Mera/urdu comment/english pade/urdu
IMnXqYDHhZI,Lekin kanwal aftab mai brand ki shokhi ni hy,no,none,na,none,Lekin/urdu kanwal/urdu aftab/urdu mai/urdu brand/english ki/urdu shokhi/urdu ni/urdu hy/urdu
BaMLBWWvNHA,Bai ma Quetta sa tik kha AP na❤❤❤❤❤❤,no,none,na,joy,Bai/urdu ma/urdu Quetta/urdu sa/urdu tik/urdu kha/urdu AP/english na/urdu
8ksTrbtyTco,Ye pikory he hoty hy ap ghalat hy wo tek bol rahi hy,yes,none,na,anger,Ye/urdu pikory/urdu he/urdu hoty/urdu hy/urdu ap/urdu ghalat/urdu hy/urdu wo/urdu tek/urdu bol/urdu rahi/urdu hy/urdu
HeZ2VBdJeOk,Pakistan nay bee aik super computer bana lia ha jis kee speed 2.5ha wo computer england check karanay Kay liya beja gia ha us ka naam imran Riaz ha😅😅😅,yes,none,misinfo,joy|surprise,Pakistan/ambiguous nay/urdu bee/urdu aik/urdu super/english computer/english bana/urdu lia/urdu ha/urdu jis/urdu kee/urdu speed/english 2.5ha/ambiguous wo/urdu computer/english england/english check/english karanay/urdu Kay/urdu liya/urdu beja/urdu gia/urdu ha/urdu us/urdu ka/urdu naam/urdu imran/english Riaz/english ha/urdu
hhFGhAo4ZfY,Assalamualaikum...Waqas Bhai ye khany ki behurmarti hai plz ye nahi kijiega Kitna niche bhi gira hai,no,offensive,na,anger,Assalamualaikum.../ambiguous Waqas/urdu Bhai/urdu ye/urdu khany/urdu ki/urdu behurmarti/urdu hai/urdu plz/english ye/urdu nahi/urdu kijiega/urdu Kitna/urdu niche/urdu bhi/urdu gira/urdu hai/urdu
IMnXqYDHhZI,Nokar kaise ry sakta kanwal ky hota koi kam karty nahi bhar gomna ly jao Yai zulqarnan ky dost boy's ky sat b bhar jana sy inker nahi karty ....Apne apko larky smjhty hai 50 saal kee dayhan,yes,offensive,na,anger,urdu/urdu english/english urdu/urdu urdu/urdu urdu/urdu urdu/urdu urdu/urdu urdu/urdu urdu/urdu urdu/urdu urdu/urdu urdu/urdu urdu/urdu urdu/urdu urdu/urdu urdu/urdu urdu/urdu urdu/urdu urdu/urdu english/english urdu/urdu urdu/urdu urdu/urdu urdu/urdu urdu/urdu urdu/urdu urdu/urdu urdu/urdu urdu/urdu urdu/urdu urdu/urdu urdu/urdu english/english urdu/urdu urdu/urdu urdu/urdu
N-0DINjOMlY,Azal k liye 100 gift challenge Kara mere kehna pa,no,none,na,joy,Azal/urdu k/urdu liye/urdu 100/english gift/english challenge/english Kara/urdu mere/urdu kehna/urdu pa/urdu
IMnXqYDHhZI,Ap dono apnea ap ko mukmal sahmjne lage ha,no,none,na,none,Ap/urdu dono/urdu apnea/urdu ap/urdu ko/urdu mukmal/urdu sahmjne/urdu lage/urdu ha/urdu
EyrNOfyxSBQ,Hazrat Muhammad swa Allah paak hazrat Muhammad swa k sadqy hamein maaf farmye ameeen,no,none,na,none,Hazrat/urdu Muhammad/ambiguous swa/urdu Allah/urdu paak/urdu hazrat/urdu Muhammad/ambiguous swa/urdu k/urdu sadqy/urdu hamein/urdu maaf/urdu farmye/urdu ameeen/urdu
-w7eMfsuRgA,"ALLAH APSE BOHUT BIG KAAM LE RAHA HAI, TOP JOB.",no,none,na,joy,ALLAH/urdu APSE/urdu BOHUT/urdu BIG/english KAAM/urdu LE/urdu RAHA/urdu HAI/urdu TOP/english JOB/english
BmpRnfu16YA,Matlab Matlab Kyaa Ghar Hai Maza Mashallah Maza Maza Gaya😉,yes,none,na,joy|surprise,Matlab/urdu Matlab/urdu Kyaa/urdu Ghar/urdu Hai/urdu Maza/urdu Mashallah/urdu Maza/urdu Maza/urdu Gaya/urdu
eY0i4nBXqdY,Mashallah 🥹😭🌷.🇸🇦.    Yaar aapko Khush rakhe,no,none,na,joy,urdu/urdu Mashallah/urdu Yaar/urdu aapko/urdu Khush/urdu rakhe/urdu
zfjRK9s0pjA,Are bhai aap bahut acche hain ya Allah aapki beti ko salamat rakhe,no,none,na,joy,Are/urdu bhai/urdu aap/urdu bahut/urdu acche/urdu hain/urdu ya/urdu Allah/ambiguous aapki/urdu beti/urdu ko/urdu salamat/urdu rakhe/urdu
VUKai4CZSNw,"Tu kanjar he ya shareef he Kisi baazaari khandaan Ka Lagta he , kameeney poori vedio me oye hoye oye hoye oye hoye hoye hoye macha rakhi he , saaley suwwar baat to dhang sey Kar kameeney",yes,offensive,na,anger,"Tu/urdu kanjar/urdu he/urdu ya/urdu shareef/urdu he/urdu Kisi/urdu baazaari/urdu khandaan/urdu Ka/urdu Lagta/urdu he/urdu ,/ambiguous kameeney/urdu poori/urdu vedio/urdu me/urdu oye/urdu hoye/urdu oye/urdu hoye/urdu oye/urdu hoye/urdu hoye/urdu hoye/urdu macha/urdu rakhi/urdu he/urdu ,/ambiguous saaley/urdu suwwar/urdu baat/urdu to/urdu dhang/urdu sey/urdu Kar/urdu kameeney/urdu"
BmpRnfu16YA,Fatima apni best friend ka home tour,no,none,na,none,urdu/urdu apni/urdu best/english friend/english ka/urdu home/english tour/english
FH8OUP2_sN4,6 sal sy subscribe Kiya howa hai❤,no,none,na,joy,ambiguous/ambiguous sal/urdu sy/urdu subscribe/english Kiya/urdu howa/urdu hai/urdu
nqbNLe84dpM,AJ ka vlog kab aye ga,no,none,na,none,english/ambiguous urdu/urdu english/english urdu/urdu urdu/urdu urdu/urdu
PKFU1F2QEMQ,Mashallah bht pyara h ap ka ghr❤,no,none,na,joy,Mashallah/urdu bht/urdu pyara/urdu h/urdu ap/urdu ka/urdu ghr/urdu
zfjRK9s0pjA,Allah pack ap ko sahat da,no,none,na,joy,Allah/urdu pack/english ap/urdu ko/urdu sahat/urdu da/urdu
VUKai4CZSNw,Hahaha jedar dekho tum nazar ari ho,yes,none,na,joy,Hahaha/ambiguous jedar/urdu dekho/urdu tum/urdu nazar/urdu ari/urdu ho/urdu
BaMLBWWvNHA,Tum Sab Laure Ho Gandi Ghalazat Ho Bivi Behnon Ki Nacha K Unki Gaand Seene Dikha K Paise Kamate Ho Aur Safaid Posh Ban Jate Ho Hazar Baar Laanat,no,hate,na,anger,Tum/urdu Sab/urdu Laure/urdu Ho/urdu Gandi/urdu Ghalazat/urdu Ho/urdu Bivi/urdu Behnon/urdu Ki/urdu Nacha/urdu K/urdu Unki/urdu Gaand/urdu Seene/urdu Dikha/urdu K/urdu Paise/urdu Kamate/urdu Ho/urdu Aur/urdu Safaid/urdu Posh/urdu Ban/urdu Jate/urdu Ho/urdu Hazar/urdu Baar/urdu Laanat/urdu
BaMLBWWvNHA,Zulqar nin qasam SI me tujhe janta nhe tha Rajab bahi ki tarf SI jan ne laga tha mere kyal si ap ka fame sirf rajab bahi ki taraf Mila he,no,none,na,anger,Zulqar/ambiguous nin/urdu qasam/urdu SI/ambiguous me/urdu tujhe/urdu janta/urdu nhe/urdu tha/urdu Rajab/ambiguous bahi/urdu ki/urdu tarf/urdu SI/ambiguous jan/urdu ne/urdu laga/urdu tha/urdu mere/urdu kyal/urdu si/urdu ap/urdu ka/urdu fame/english sirf/urdu rajab/ambiguous bahi/urdu ki/urdu taraf/urdu Mila/urdu he/urdu
UiYpRBQ74fs,Sir itni khol khol kr baatay bata rahayho jaise quran batata hy phir b y koum bhair nahi nikalti kia hogaya hy inko kia koi mard ka bacha nahi hy is duniya me afsoos,yes,offensive,na,anger|sadness,Sir/english itni/urdu khol/urdu khol/urdu kr/urdu baatay/urdu bata/urdu rahayho/urdu jaise/urdu quran/urdu batata/urdu hy/urdu phir/urdu b/urdu y/urdu koum/urdu bhair/urdu nahi/urdu nikalti/urdu kia/urdu hogaya/urdu hy/urdu inko/urdu kia/urdu koi/urdu mard/urdu ka/urdu bacha/urdu nahi/urdu hy/urdu is/urdu duniya/urdu me/urdu afsoos/urdu
nqbNLe84dpM,Maza agaya is vlog ko dhek kr,no,none,na,joy,Maza/urdu agaya/urdu is/english vlog/english ko/urdu dhek/urdu kr/urdu
gvG35CxYOLg,Aap ki shadi Aniqa se honi chahiye thi Aniqa aap se love krti hai mera dil kehta hai aap k sare vlogs daikh kr keh raha hun main 🥺,no,none,na,sadness,Aap/urdu ki/urdu shadi/urdu Aniqa/ambiguous se/urdu honi/urdu chahiye/urdu thi/urdu Aniqa/ambiguous aap/urdu se/urdu love/english krti/urdu hai/urdu mera/urdu dil/urdu kehta/urdu hai/urdu aap/urdu k/urdu sare/urdu vlogs/english daikh/urdu kr/urdu keh/urdu raha/urdu hun/urdu main/urdu 🥺/ambiguous
BljaIOvFkcM,"Hum kashmiri apni families say dour hain, na internet chall raha ha aur   ab sim  network b band ker diya ha, , imran bahi apki news ka wait hota ha taky kashmir ki koi update mill saky",no,none,na,sadness|fear,Hum/urdu kashmiri/urdu apni/urdu families/english say/urdu dour/urdu hain/urdu na/urdu internet/english chall/urdu raha/urdu ha/urdu aur/urdu ab/urdu sim/english network/english b/urdu band/urdu ker/urdu diya/urdu ha/urdu imran/urdu bahi/urdu apki/urdu news/english ka/urdu wait/english hota/urdu ha/urdu taky/urdu kashmir/urdu ki/urdu koi/urdu update/english mill/urdu saky/urdu
zfjRK9s0pjA,Areeb Bhai iqra API ma kaya hal hai,no,none,na,none,Areeb/urdu Bhai/urdu iqra/urdu API/english ma/urdu kaya/urdu hal/urdu hai/urdu
Erif7Vj9NSQ,Fatima api aap ki cast kya hai 😁,no,hate,na,none,Fatima/ambiguous api/urdu aap/urdu ki/urdu cast/english kya/urdu hai/urdu 😁/ambiguous
gvG35CxYOLg,Mujy abhi pta chala k comant oy 2 bar tap krny Sy like hota hy😮,no,none,na,surprise,Mujy/urdu abhi/urdu pta/urdu chala/urdu k/urdu comant/english oy/urdu 2/ambiguous bar/urdu tap/urdu krny/urdu Sy/urdu like/english hota/urdu hy/urdu
BmpRnfu16YA,fatima hira or iqra ki dost ka home tour,no,none,na,none,fatima/ambiguous hira/ambiguous or/english iqra/ambiguous ki/urdu dost/urdu ka/urdu home/english tour/english
N-0DINjOMlY,Ami Abu Ke liye bhi Kuch lee Atae,no,none,na,joy,Ami/urdu Abu/urdu Ke/urdu liye/urdu bhi/urdu Kuch/urdu lee/urdu Atae/urdu
XHQrr9fmTkc,Fatima api app jalley bana k thra sa thanda kara par wo thora pani jassa h or wo juice ke bottle may dal ka prank,yes,none,na,joy|surprise,Fatima/urdu api/urdu app/english jalley/urdu bana/urdu k/urdu thra/urdu sa/urdu thanda/urdu kara/urdu par/urdu wo/urdu thora/urdu pani/urdu jassa/urdu h/urdu or/urdu wo/urdu juice/english ke/urdu bottle/english may/urdu dal/urdu ka/urdu prank/english
EyrNOfyxSBQ,Ye buht ache vidio Hy ly mujhy bhi Rona araha hy😢🥺,no,none,na,sadness|joy,Ye/urdu buht/urdu ache/urdu vidio/urdu Hy/urdu ly/urdu mujhy/urdu bhi/urdu Rona/urdu araha/urdu hy/urdu
FH8OUP2_sN4,Bhout acha trip rha ap logon ka .bhout piyari hamari bhan h Aroob.or dacky Bhai ki kiya bat h .hamesha khus rhao ..❤❤❤❤,no,none,na,joy,Bhout/urdu acha/urdu trip/english rha/urdu ap/urdu logon/urdu ka/urdu .bhout/urdu piyari/urdu hamari/urdu bhan/urdu h/urdu Aroob.or/ambiguous dacky/urdu Bhai/urdu ki/urdu kiya/urdu bat/urdu h/urdu .hamesha/urdu khus/urdu rhao/urdu ..❤❤❤❤/ambiguous
zfjRK9s0pjA,Kabhi bhi paida ho Gaya❤❤❤❤❤❤❤❤❤❤❤❤❤❤❤,no,none,na,joy,Kabhi/urdu bhi/urdu paida/urdu ho/urdu Gaya/urdu
VUKai4CZSNw,Bhi usman se milo japan,no,none,na,none,Bhi/urdu usman/ambiguous se/urdu milo/urdu japan/english
zfjRK9s0pjA,Baba banne wale abhi to baba banne a rahe hain,yes,none,na,joy,Baba/urdu banne/urdu wale/urdu abhi/urdu to/urdu baba/urdu banne/urdu a/urdu rahe/urdu hain/urdu
hhFGhAo4ZfY,Bacho ko na laya karo,no,none,na,anger,Bacho/urdu ko/urdu na/urdu laya/urdu karo/urdu
VUKai4CZSNw,Krdiya subscribe tu Khush rah bhalu,yes,none,na,joy,Krdiya/urdu subscribe/english tu/urdu Khush/urdu rah/urdu bhalu/urdu
zfjRK9s0pjA,I can understand this situation Arwen bhai,no,none,na,none,I/english can/english understand/english this/english situation/english Arwen/ambiguous bhai/urdu
-w7eMfsuRgA,"Tmam tar gernaleee  tout journalist ko Akela Akela pakry aur unko Andy tmatar Mary, tab ye insan k bachy bnengy ....",yes,offensive,na,anger,urdu/urdu urdu/urdu urdu/urdu urdu/urdu urdu/urdu urdu/urdu urdu/urdu urdu/urdu urdu/urdu urdu/urdu urdu/urdu urdu/ambiguous urdu/urdu urdu/urdu urdu/urdu urdu/urdu urdu/urdu urdu/urdu urdu/urdu urdu/urdu urdu/urdu
eY0i4nBXqdY,Inshallah mashallah subhanallah bahut Purana hai❤😊,no,none,na,joy,urdu/urdu urdu/urdu urdu/urdu urdu/urdu urdu/urdu urdu/urdu
BljaIOvFkcM,Imran Bhai app ki video direct play nh ho rai downland kr ka phr dakhna pad Rai ha,no,none,na,none,Imran/ambiguous Bhai/urdu app/english ki/urdu video/english direct/english play/english nh/urdu ho/urdu rai/urdu downland/english kr/urdu ka/urdu phr/urdu dakhna/urdu pad/urdu Rai/urdu ha/urdu
BmpRnfu16YA,Please API Fatima apnay gher ka home tour kervaday,no,none,na,none,Please/english API/english Fatima/ambiguous apnay/urdu gher/urdu ka/urdu home/english tour/english kervaday/urdu
8ksTrbtyTco,Its like watching master chef India 😅. Nice content shahveer bhai👍,yes,none,na,joy|surprise,Its/english like/english watching/english master/english chef/english India/english 😅./ambiguous Nice/english content/english shahveer/urdu bhai👍/urdu
hhFGhAo4ZfY,"❤Nex
T video fast  food
food ki ho",no,none,na,joy,ambiguous/ambiguous T/english video/english fast/english food/english food/english ki/urdu ho/urdu
BaMLBWWvNHA,First of all aapka koi Haq nahi banta kisike baare me bura bhala kehne ki pehle khud ke andar jhaako ke aap kese ho uske baad dusro ko bola karo,no,offensive,na,anger,First/english of/english all/english aapka/urdu koi/urdu Haq/urdu nahi/urdu banta/urdu kisike/urdu baare/urdu me/urdu bura/urdu bhala/urdu kehne/urdu ki/urdu pehle/urdu khud/urdu ke/urdu andar/urdu jhaako/urdu ke/urdu aap/urdu kese/urdu ho/urdu uske/urdu baad/urdu dusro/urdu ko/urdu bola/urdu karo/urdu
VUKai4CZSNw,DUCKY BHAI FOR HIS NHI FOR HER DAUGHTER ☺,no,none,na,joy,DUCKY/ambiguous BHAI/urdu FOR/english HIS/english NHI/urdu FOR/english HER/english DAUGHTER/english ☺/ambiguous
VUKai4CZSNw,1:56 bag👜 to pregnant🤰🤰 ho gya but Aroob na hoi gosra ducky ya khosri Aroob mn to alhumdolila 12 October 2015 mn shadi hoi 27 October first pird day or 2 November 2015 ko pahli bat pregnant hoi byti phli dosri byti 2 sal bad or phir byta 4 sal bad mash allah,no,none,na,joy,ambiguous/ambiguous bag/english to/urdu pregnant/english ho/urdu gya/urdu but/english Aroob/urdu na/urdu hoi/urdu gosra/urdu ducky/english ya/urdu khosri/urdu Aroob/urdu mn/urdu to/urdu alhumdolila/urdu 12/ambiguous October/english 2015/ambiguous mn/urdu shadi/urdu hoi/urdu 27/ambiguous October/english first/english pird/urdu day/english or/urdu 2/ambiguous November/english 2015/ambiguous ko/urdu pahli/urdu bat/urdu pregnant/english hoi/urdu byti/urdu phli/urdu dosri/urdu byti/urdu 2/ambiguous sal/urdu bad/urdu or/urdu phir/urdu byta/urdu 4/ambiguous sal/urdu bad/urdu mash/urdu allah/urdu
XHQrr9fmTkc,Hayee Fatima api kitni pyari lag rahi ha ❤❤❤MashaAllah MashaAllah❤❤❤❤,no,none,na,joy,Hayee/urdu Fatima/ambiguous api/urdu kitni/urdu pyari/urdu lag/urdu rahi/urdu ha/urdu MashaAllah/urdu MashaAllah/urdu
BaMLBWWvNHA,Tum rajab family ka lan bi ni put skta,no,offensive,na,anger,Tum/urdu rajab/urdu family/english ka/urdu lan/urdu bi/urdu ni/urdu put/urdu skta/urdu
-w7eMfsuRgA,Pak k ullama intehai buzdil beky howay Hai,no,hate,na,anger,urdu/urdu Pak/urdu k/urdu ullama/urdu intehai/urdu buzdil/urdu beky/urdu howay/urdu Hai/urdu
XHQrr9fmTkc,Please is  Ke Niche Kuchh Likhna please Fatima api,no,none,na,none,Please/english is/english Ke/urdu Niche/urdu Kuchh/urdu Likhna/urdu please/english Fatima/ambiguous api/urdu
HeZ2VBdJeOk,"Free all illegal prisoners , zulm aur zalim ko khatum karna ha",no,offensive,na,anger,"Free/english all/english illegal/english prisoners/english ,/ambiguous zulm/urdu aur/urdu zalim/urdu ko/urdu khatum/urdu karna/urdu ha/urdu"
N-0DINjOMlY,Bss apni beti key gifts laaye hain..rubab key abbu aaye thy dubai sey tou kanwal madam ney apni marzi key gifts select kiye they,yes,none,na,none,Bss/urdu apni/urdu beti/urdu key/urdu gifts/english laaye/urdu hain..rubab/urdu key/urdu abbu/urdu aaye/urdu thy/urdu dubai/english sey/urdu tou/urdu kanwal/urdu madam/english ney/urdu apni/urdu marzi/urdu key/urdu gifts/english select/english kiye/urdu they/urdu
IMnXqYDHhZI,Bas itna show off krna zaruri nai hota content to ha koi nai baji k pas,no,offensive,na,anger,Bas/urdu itna/urdu show/english off/english krna/urdu zaruri/urdu nai/urdu hota/urdu content/english to/urdu ha/urdu koi/urdu nai/urdu baji/urdu k/urdu pas/urdu
4k0ZV0UFZSw,Phly Pakistan to wapis aa jao janab apko muhabat sirf paisay sy hy,yes,none,na,anger|sadness,Phly/ambiguous Pakistan/english to/urdu wapis/urdu aa/urdu jao/urdu janab/urdu apko/urdu muhabat/urdu sirf/urdu paisay/urdu sy/urdu hy/urdu
PKFU1F2QEMQ,Mashallah mashallah Allah pak hamsha khush rakha AP logon ko or Allah pak hamay bhi tofiq da hamara bhi ASA hi bhot payra ghr  bana,no,none,na,joy,Mashallah/urdu mashallah/urdu Allah/urdu pak/urdu hamsha/urdu khush/urdu rakha/urdu AP/urdu logon/urdu ko/urdu or/urdu Allah/urdu pak/urdu hamay/urdu bhi/urdu tofiq/urdu da/urdu hamara/urdu bhi/urdu ASA/ambiguous hi/urdu bhot/urdu payra/urdu ghr/urdu bana/urdu
eY0i4nBXqdY,Zanib ki leg ko moch ay thi,no,none,na,none,Zanib/ambiguous ki/urdu leg/english ko/urdu moch/urdu ay/urdu thi/urdu
zXAAAXogJ78,Mashallah Mashallah Kanwal jab Se Haj Kiya Hai Kamal per Mashallah bahut Roop aaya Hai Allah hamesha Aisa Hi rakhe tumko dressing bahut acchi karti ho ab❤❤,no,none,na,joy,Mashallah/urdu Mashallah/urdu Kanwal/urdu jab/urdu Se/urdu Haj/urdu Kiya/urdu Hai/urdu Kamal/urdu per/urdu Mashallah/urdu bahut/urdu Roop/urdu aaya/urdu Hai/urdu Allah/urdu hamesha/urdu Aisa/urdu Hi/urdu rakhe/urdu tumko/urdu dressing/english bahut/urdu acchi/urdu karti/urdu ho/urdu ab/urdu
gvG35CxYOLg,Shahveer Bhai need to eat sweet to sweetest things like sweet noodles sweet pizza every thing sweet,yes,none,na,joy,Shahveer/urdu Bhai/urdu need/english to/english eat/english sweet/english to/english sweetest/english things/english like/english sweet/english noodles/english sweet/english pizza/english every/english thing/english sweet/english
BaMLBWWvNHA,Namaz ki wajah sy like kiya bro,yes,none,na,joy,Namaz/urdu ki/urdu wajah/urdu sy/urdu like/english kiya/urdu bro/english
zXAAAXogJ78,Food challenge bohat acha tha plz ye har video me continue rakahin ❤,no,none,na,joy,Food/english challenge/english bohat/urdu acha/urdu tha/urdu plz/english ye/urdu har/urdu video/english me/urdu continue/english rakahin/urdu ❤/ambiguous
BaMLBWWvNHA,Rajab is king darasal rajab sab su agy nikal gaya hai na isiliya zilqarnain tumhe mout arahi hai apki itni oqat nahi hai k tum usy paisy dy sako allhumdulillah ❤ allah ny usko nawaza hai,yes,offensive,na,anger|joy,urdu/urdu english/english english/english urdu/urdu urdu/urdu urdu/urdu urdu/urdu urdu/urdu urdu/urdu urdu/urdu urdu/urdu urdu/urdu urdu/urdu urdu/urdu urdu/urdu urdu/urdu urdu/urdu urdu/urdu urdu/urdu urdu/urdu urdu/urdu urdu/urdu urdu/urdu urdu/urdu urdu/urdu urdu/urdu urdu/urdu urdu/urdu ambiguous/ambiguous urdu/urdu urdu/urdu urdu/urdu urdu/urdu urdu/urdu
BaMLBWWvNHA,Rajab brand brand hai,yes,none,na,none,Rajab/urdu brand/english brand/english hai/urdu
BljaIOvFkcM,"Ya Allah Pak Army establishment ko Tabaah o Barbaad kar  Aameen...

Dekho kaise din aagaye,  4 saal pehle main Pak Army ke liye apni jaan bhi de sakta tha  aaj Baddua maang raha hoon...",yes,offensive,na,anger|sadness,Ya/urdu Allah/urdu Pak/urdu Army/english establishment/english ko/urdu Tabaah/urdu o/urdu Barbaad/urdu kar/urdu Aameen/urdu Dekho/urdu kaise/urdu din/urdu aagaye/urdu 4/ambiguous saal/urdu pehle/urdu main/urdu Pak/urdu Army/english ke/urdu liye/urdu apni/urdu jaan/urdu bhi/urdu de/urdu sakta/urdu tha/urdu aaj/urdu Baddua/urdu maang/urdu raha/urdu hoon/urdu
zXAAAXogJ78,Rizq zaya krna to koi inse sekhy bhla ye kasa mzaq hai rizq k Sath,yes,none,na,anger,Rizq/urdu zaya/urdu krna/urdu to/urdu koi/urdu inse/urdu sekhy/urdu bhla/urdu ye/urdu kasa/urdu mzaq/urdu hai/urdu rizq/urdu k/urdu Sath/urdu
VUKai4CZSNw,3:39 bon Rami ha ducky Yar tu to 😂😂😂,yes,none,na,joy|surprise,3:39/ambiguous bon/urdu Rami/urdu ha/urdu ducky/english Yar/urdu tu/urdu to/urdu 😂😂😂/ambiguous
EyrNOfyxSBQ,Film shot thi par acting bhat achi thi ❤,yes,none,na,joy,Film/english shot/english thi/urdu par/urdu acting/english bhat/urdu achi/urdu thi/urdu ❤/ambiguous
IMnXqYDHhZI,Kawal baji mujy kapry or joty chahiya Kya ap hamy dy dy gi,yes,none,na,joy,Kawal/urdu baji/urdu mujy/urdu kapry/urdu or/english joty/urdu chahiya/urdu Kya/urdu ap/urdu hamy/urdu dy/urdu dy/urdu gi/urdu
IMnXqYDHhZI,Emaan ki nakal kar rahi hia😂😂😂Jo rajab family karay gie wo ya karay gay😂😂,yes,offensive,na,joy,Emaan/urdu ki/urdu nakal/urdu kar/urdu rahi/urdu hia/urdu Jo/urdu rajab/urdu family/english karay/urdu gie/urdu wo/urdu ya/urdu karay/urdu gay/urdu
EyrNOfyxSBQ,"Ap logo ne Allah ka name hazrat Muhammad ky nam ko kia samajh rakha h hr comment py hr post py ye likh dety hn ye  likhen gy tw sawab mily ga or dekhty hn kon kon mohobbat krta h hr post hr comment py ye likha hota h kia pagal wagal ho Tum loog jahil loog Mazak samjha wa h nabi  or Allah ky nam ko nauozo billah 
Jahil loog 
Likes ky chakkr mn 😡😡😡😡😡",yes,offensive,na,anger,urdu/urdu english/english urdu/urdu english/english urdu/urdu english/english english/english english/english urdu/urdu english/english urdu/urdu urdu/urdu urdu/urdu urdu/urdu english/english urdu/urdu urdu/urdu english/english urdu/urdu urdu/urdu urdu/urdu urdu/urdu urdu/urdu urdu/urdu urdu/urdu urdu/urdu urdu/urdu urdu/urdu urdu/urdu urdu/urdu urdu/urdu urdu/urdu english/english urdu/urdu english/english urdu/urdu urdu/urdu urdu/urdu urdu/urdu urdu/urdu urdu/urdu urdu/urdu urdu/urdu urdu/urdu urdu/urdu urdu/urdu urdu/urdu urdu/urdu urdu/urdu urdu/urdu urdu/urdu urdu/urdu urdu/urdu urdu/urdu urdu/urdu urdu/urdu urdu/urdu urdu/urdu english/english urdu/urdu urdu/urdu urdu/urdu ambiguous/ambiguous
4k0ZV0UFZSw,Tock daffers pump ka boycott kar dain,no,none,na,anger,urdu/ambiguous urdu/ambiguous english/english urdu/urdu english/english urdu/urdu urdu/urdu
EyrNOfyxSBQ,*Khud Beghairat Aur Film Ghairat Ke Upar Wah* 🌚,yes,offensive,na,anger,Khud/urdu Beghairat/urdu Aur/urdu Film/english Ghairat/urdu Ke/urdu Upar/urdu Wah/urdu 🌚/ambiguous
gvG35CxYOLg,itni spicy cheezay khaney sey impress hukr mey subscribe kr diya bhai apko 😁,no,none,na,joy|surprise,itni/urdu spicy/english cheezay/urdu khaney/urdu sey/urdu impress/english hukr/urdu mey/urdu subscribe/english kr/urdu diya/urdu bhai/urdu apko/urdu 😁/ambiguous
IMnXqYDHhZI,Phuky jat nu katora labya pani pi pi aphriya yaha sai pata lagta hy tum kitni fakeerni thi pukhy di ti raji ty khe wadan lagi,yes,offensive,na,anger,Phuky/urdu jat/urdu nu/urdu katora/urdu labya/urdu pani/urdu pi/urdu pi/urdu aphriya/urdu yaha/urdu sai/urdu pata/urdu lagta/urdu hy/urdu tum/urdu kitni/urdu fakeerni/urdu thi/urdu pukhy/urdu di/urdu ti/urdu raji/urdu ty/urdu khe/urdu wadan/urdu lagi/urdu
VUKai4CZSNw,"Yaha biwi ko nanga nachana 

ziyada paisay mily gain , besharammm",yes,offensive,na,anger,"Yaha/urdu biwi/urdu ko/urdu nanga/urdu nachana/urdu ziyada/urdu paisay/urdu mily/urdu gain/urdu ,/ambiguous besharammm/urdu"
zfjRK9s0pjA,Fatima ka Sath horror prank,no,none,na,surprise,Fatima/urdu ka/urdu Sath/urdu horror/english prank/english
FH8OUP2_sN4,"Done bhai everything is done 
Subscribe like share 
Everything is done
I think your health is not done 
Because of China trip",yes,offensive,na,anger|sadness,Done/english bhai/urdu everything/english is/english done/english Subscribe/english like/english share/english Everything/english is/english done/english I/english think/english your/english health/english is/english not/english done/english Because/english of/english China/english trip/english
IMnXqYDHhZI,Kanwal ky baap ny iss Liya chor diya hou gy zabaaan ke waja sy or Kanwal b apne husband ko khush nahi rak sakty,no,offensive,na,anger|sadness,Kanwal/ambiguous ky/urdu baap/urdu ny/urdu iss/urdu Liya/urdu chor/urdu diya/urdu hou/urdu gy/urdu zabaaan/urdu ke/urdu waja/urdu sy/urdu or/urdu Kanwal/ambiguous b/urdu apne/urdu husband/english ko/urdu khush/urdu nahi/urdu rak/urdu sakty/urdu
-w7eMfsuRgA,Imran khan k tenure main president system ki baat nikli thi or sab Imran khan khilaf bol rahy thy k ye 1 men show karna chah raha hai,no,none,na,anger,Imran/ambiguous khan/urdu k/urdu tenure/english main/urdu president/english system/english ki/urdu baat/urdu nikli/urdu thi/urdu or/urdu sab/urdu Imran/ambiguous khan/urdu khilaf/urdu bol/urdu rahy/urdu thy/urdu k/urdu ye/urdu 1/english men/urdu show/english karna/urdu chah/urdu raha/urdu hai/urdu
N-0DINjOMlY,"Saly na tumhy fikr hai na gashti knwal ko Tum dono srf passo k Liye bachi ko hfta hfta chor k hud gashti ko LY k nikl jty o , mujy TU lgta bachi b Teri ni salya",yes,offensive,na,anger,"Saly/urdu na/urdu tumhy/urdu fikr/urdu hai/urdu na/urdu gashti/urdu knwal/urdu ko/urdu Tum/urdu dono/urdu srf/urdu passo/urdu k/urdu Liye/urdu bachi/urdu ko/urdu hfta/urdu hfta/urdu chor/urdu k/urdu hud/urdu gashti/urdu ko/urdu LY/ambiguous k/urdu nikl/urdu jty/urdu o/urdu ,/ambiguous mujy/urdu TU/urdu lgta/urdu bachi/urdu b/urdu Teri/urdu ni/urdu salya/urdu"
BmpRnfu16YA,ya allah sad ke walideen ko hajj aor umree ke taufeeq da,no,none,na,sadness,ya/urdu allah/urdu sad/english ke/urdu walideen/urdu ko/urdu hajj/urdu aor/urdu umree/urdu ke/urdu taufeeq/urdu da/urdu
8ksTrbtyTco,Pasta bahir ka Rasta 😅😊😂😂😢😂😅😊❤,yes,none,na,joy|sadness,english/english urdu/urdu urdu/urdu urdu/urdu ambiguous/ambiguous
nqbNLe84dpM,Areeb ki toh har thumbnail Mai moun khula hi hota hai,yes,none,na,joy,Areeb/ambiguous ki/urdu toh/urdu har/urdu thumbnail/english Mai/urdu moun/urdu khula/urdu hi/urdu hota/urdu hai/urdu
zfjRK9s0pjA,Areeb Bhai mubark ❤ho❤❤❤❤❤❤❤,no,none,na,joy,Areeb/urdu Bhai/urdu mubark/urdu ho/urdu
BljaIOvFkcM,bari bari sb ki bari!!!!!!!!!!!!!!!,yes,none,na,anger,bari/urdu bari/urdu sb/english ki/urdu bari/urdu
PKFU1F2QEMQ,Wounderful.  Khubsurat.  Ghar.  Hai.,no,none,na,joy,Wounderful./english Khubsurat./urdu Ghar./urdu Hai./urdu
8ksTrbtyTco,Bht acha computation tha nice job both team done good work,no,none,na,joy,Bht/urdu acha/urdu computation/english tha/urdu nice/english job/english both/english team/english done/english good/english work/english
-w7eMfsuRgA,"Shurbaz se Ardali Wala title na Cheenain, Turkey k Chief of Army ka Naam Kiya hy ?",yes,offensive,na,anger,Shurbaz/urdu se/urdu Ardali/urdu Wala/urdu title/english na/urdu Cheenain/urdu Turkey/english k/urdu Chief/english of/english Army/english ka/urdu Naam/urdu Kiya/urdu hy/urdu ?/ambiguous
BmpRnfu16YA,Fatima api ab ap na ayesha api ka kamra dikhana ha please please,no,none,na,joy,Fatima/urdu api/urdu ab/urdu ap/urdu na/urdu ayesha/urdu api/urdu ka/urdu kamra/urdu dikhana/urdu ha/urdu please/english please/english
-w7eMfsuRgA,Haq Saach kaha Hai Maulana Ishaq sab NY .. aur is BAAT Ka hukam Hai Kay aap apney liye aacha Faisal Kar sako aur aacha leader chun sakin,no,none,na,joy,Haq/urdu Saach/urdu kaha/urdu Hai/urdu Maulana/urdu Ishaq/urdu sab/urdu NY/english ../ambiguous aur/urdu is/urdu BAAT/urdu Ka/urdu hukam/urdu Hai/urdu Kay/urdu aap/urdu apney/urdu liye/urdu aacha/urdu Faisal/urdu Kar/urdu sako/urdu aur/urdu aacha/urdu leader/english chun/urdu sakin/urdu
zXAAAXogJ78,Ma sha Allah Aizal cutie princess 👸 Zulqarnain bhai very funny vlog 😂😂😂😂,no,none,na,joy,Ma/urdu sha/urdu Allah/urdu Aizal/ambiguous cutie/english princess/english 👸/ambiguous Zulqarnain/urdu bhai/urdu very/english funny/english vlog/english
FH8OUP2_sN4,Ducky bhai may ny apko subscribe ni kia hua or apki waja se may apni real life may dheet hogya hu ab kisi kii baat se koi fark ni prta 1 kaan se sunn k dosry kaan se bahir 😂😂😂 Thanks!!!!,yes,none,na,joy,Ducky/ambiguous bhai/urdu may/urdu ny/urdu apko/urdu subscribe/english ni/urdu kia/urdu hua/urdu or/english apki/urdu waja/urdu se/urdu may/urdu apni/urdu real/english life/english may/urdu dheet/urdu hogya/urdu hu/urdu ab/urdu kisi/urdu kii/urdu baat/urdu se/urdu koi/urdu fark/urdu ni/urdu prta/urdu 1/ambiguous kaan/urdu se/urdu sunn/urdu k/urdu dosry/urdu kaan/urdu se/urdu bahir/urdu 😂😂😂/ambiguous Thanks!!!!/english
nqbNLe84dpM,Ye wala challenge iqra api nai nai kia,no,none,na,surprise,Ye/urdu wala/urdu challenge/english iqra/ambiguous api/urdu nai/urdu nai/urdu kia/urdu
EyrNOfyxSBQ,sab se axhi acting chand marne wale chacha ne ki,yes,none,na,joy,sab/urdu se/urdu axhi/urdu acting/english chand/urdu marne/urdu wale/urdu chacha/urdu ne/urdu ki/urdu
IMnXqYDHhZI,Ham bhi apke vlogs dekhte hin,no,none,na,joy,Ham/urdu bhi/urdu apke/urdu vlogs/english dekhte/urdu hin/urdu
hhFGhAo4ZfY,cheating kar rahy ho table pr maro bachu k hath pr attach kar rahy ho jb wo ky chuky hoty 3:48,yes,none,na,anger,cheating/english kar/urdu rahy/urdu ho/urdu table/english pr/urdu maro/urdu bachu/urdu k/urdu hath/urdu pr/urdu attach/english kar/urdu rahy/urdu ho/urdu jb/urdu wo/urdu ky/urdu chuky/urdu hoty/urdu 3:48/ambiguous
VUKai4CZSNw,Haraamzaada Kya dikhaa raha hai apni tatti logon ko stop watching this bullsh*t our youth is getting ruined because of this man I request u all to stop watching this obscene nonsense pls !!!!!,no,offensive,na,anger,Haraamzaada/urdu Kya/urdu dikhaa/urdu raha/urdu hai/urdu apni/urdu tatti/urdu logon/urdu ko/urdu stop/english watching/english this/english bullsh*t/english our/english youth/english is/english getting/english ruined/english because/english of/english this/english man/english I/english request/english u/english all/english to/english stop/english watching/english this/english obscene/english nonsense/english pls/english !/english !/english !/english !/english !/english
BmpRnfu16YA,Sach mai hotel lag raha hai 😮,yes,none,na,surprise,Sach/urdu mai/urdu hotel/english lag/urdu raha/urdu hai/urdu 😮/ambiguous
BmpRnfu16YA,Aoa Fatima api mera roza hai😢,no,none,na,sadness,urdu/urdu Fatima/ambiguous api/urdu mera/urdu roza/urdu hai/urdu
N-0DINjOMlY,Kanwal mrsan ha pori bgrt kahe ke pysy KY liya ye aurt kch be kry ge,yes,offensive,na,anger,Kanwal/ambiguous mrsan/urdu ha/urdu pori/urdu bgrt/urdu kahe/urdu ke/urdu pysy/urdu KY/urdu liya/urdu ye/urdu aurt/urdu kch/urdu be/urdu kry/urdu ge/urdu
PKFU1F2QEMQ,Api ghar kdr hai ap ka,no,none,na,none,urdu/ambiguous urdu/urdu urdu/urdu urdu/urdu urdu/urdu urdu/urdu
HeZ2VBdJeOk,Foj na hamasha Pakistani awwam ka sath dokha dia.,no,offensive,na,anger,urdu/urdu na/urdu hamasha/urdu Pakistani/english awwam/urdu ka/urdu sath/urdu dokha/urdu dia/urdu
4k0ZV0UFZSw,ASAL ME SAR PAKISTANIO   KA        ZAMEEEEEEEEEEEEEEEER     PICHLY SATTAR SALO SE      ARMY  NE PDM KE ZARIYE    ((((((((( MURDA  KARDIYA HE )))))),yes,hate,misinfo,anger,ASAL/urdu ME/urdu SAR/urdu PAKISTANIO/urdu KA/urdu ZAMEEEEEEEEEEEEEEEER/urdu PICHLY/urdu SATTAR/urdu SALO/urdu SE/urdu ARMY/english NE/urdu PDM/english KE/urdu ZARIYE/urdu ((((((((((/ambiguous MURDA/urdu KARDIYA/urdu HE/urdu ))))))/ambiguous
PKFU1F2QEMQ,i like your vlog very kuyun k ap detail ho,no,none,na,joy,i/english like/english your/english vlog/english very/english kuyun/urdu k/urdu ap/urdu detail/english ho/urdu
XHQrr9fmTkc,Please please ap green color  ka challenge  kara,no,none,na,joy,Please/english please/english ap/urdu green/english color/english ka/urdu challenge/english kara/urdu
gvG35CxYOLg,Kisi dosry zrurt mnd ko bhi challenge dy kr usy bhi jeetny ka moqa den,no,none,na,none,Kisi/urdu dosry/urdu zrurt/urdu mnd/urdu ko/urdu bhi/urdu challenge/english dy/urdu kr/urdu usy/urdu bhi/urdu jeetny/urdu ka/urdu moqa/urdu den/urdu
zfjRK9s0pjA,Areeb bhai hum ap ko acha word ma yad rake ga ❤😢,no,none,na,sadness,Areeb/urdu bhai/urdu hum/urdu ap/urdu ko/urdu acha/urdu word/english ma/urdu yad/urdu rake/urdu ga/urdu ❤😢/ambiguous
FH8OUP2_sN4,Ducky bhai ne kesi shakal banai thapar khate hoe aroob se 😂😮😂,yes,none,na,joy|surprise,Ducky/ambiguous bhai/urdu ne/urdu kesi/urdu shakal/urdu banai/urdu thapar/urdu khate/urdu hoe/urdu aroob/urdu se/urdu
gvG35CxYOLg,Hace mucho calor fuera means Bahir bohot garmi hai,no,none,na,none,Hace/ambiguous mucho/ambiguous calor/ambiguous fuera/ambiguous means/english Bahir/urdu bohot/urdu garmi/urdu hai/urdu
EyrNOfyxSBQ,"Wah yar bht acha topic Allah sab bheno k naseeb achy kry 13:31 😢
Allah ho Akbar",no,none,na,joy|sadness,Wah/urdu yar/urdu bht/urdu acha/urdu topic/english Allah/urdu sab/urdu bheno/urdu k/urdu naseeb/urdu achy/urdu kry/urdu 13:31/ambiguous 😢/ambiguous Allah/urdu ho/urdu Akbar/urdu
XHQrr9fmTkc,Hira Api kabhi kabhi masoom lagti hain🤭,yes,none,na,joy|surprise,Hira/ambiguous Api/urdu kabhi/urdu kabhi/urdu masoom/urdu lagti/urdu hain/urdu
BaMLBWWvNHA,2:05 Hahahaha main ny abhi tumhari poory chanel ki videos py ghor kia to pata chala kisi videos ko itny likes views nhi aye jitny iss video par aa gye ... Rajab theek kehta hai uska naam use kr ky log views lety hain or tm ny bhe yehi kia....jab bad mein us sy sulah hi krni thi to ye topi drama krny ki kya zrorat thi 😅 gandu log ho tm log,yes,offensive,na,anger|surprise,ambiguous/ambiguous english/english urdu/urdu urdu/urdu urdu/urdu urdu/urdu urdu/urdu english/english urdu/urdu urdu/urdu urdu/urdu urdu/urdu urdu/urdu urdu/urdu urdu/urdu urdu/urdu urdu/urdu english/english english/english urdu/urdu urdu/urdu urdu/urdu urdu/urdu urdu/urdu urdu/urdu urdu/urdu urdu/urdu ambiguous/ambiguous urdu/urdu urdu/urdu urdu/urdu urdu/urdu urdu/urdu urdu/urdu urdu/urdu urdu/urdu urdu/urdu urdu/urdu english/english urdu/urdu urdu/urdu urdu/urdu urdu/urdu urdu/urdu urdu/urdu urdu/urdu urdu/urdu urdu/urdu urdu/urdu urdu/urdu urdu/urdu urdu/urdu urdu/urdu urdu/urdu urdu/urdu urdu/urdu urdu/urdu urdu/urdu ambiguous/ambiguous urdu/urdu english/english urdu/urdu urdu/urdu
IMnXqYDHhZI,kanwal api apna new gar kab dekhay gy ap plz tell me🥰🥰,no,none,na,joy,kanwal/ambiguous api/urdu apna/urdu new/english gar/urdu kab/urdu dekhay/urdu gy/urdu ap/urdu plz/english tell/english me/english
HeZ2VBdJeOk,Imran bhai slamt rhe bhai madina pak se khas Dua he ap k lye,no,none,na,joy,Imran/ambiguous bhai/urdu slamt/urdu rhe/urdu bhai/urdu madina/urdu pak/urdu se/urdu khas/urdu Dua/urdu he/urdu ap/urdu k/urdu lye/urdu
IMnXqYDHhZI,Mashallah Allah pak ap dono ko ek sath khush rekha inshallah ameen sum ameen Mashallah se Alhumadullah se cute couple,no,none,na,joy,Mashallah/urdu Allah/urdu pak/urdu ap/urdu dono/urdu ko/urdu ek/urdu sath/urdu khush/urdu rekha/urdu inshallah/urdu ameen/urdu sum/ambiguous ameen/urdu Mashallah/urdu se/urdu Alhumadullah/urdu se/urdu cute/english couple/english
-w7eMfsuRgA,Nizam badalne se kiya Hoga,yes,none,na,anger,Nizam/urdu badalne/urdu se/urdu kiya/urdu Hoga/urdu
BljaIOvFkcM,Bhai ab app Saaf alfaz main bOla karo Kay Haram khore fauj Mar rhi hai awam ko,yes,offensive,na,anger,Bhai/urdu ab/urdu app/urdu Saaf/urdu alfaz/urdu main/urdu bOla/urdu karo/urdu Kay/urdu Haram/urdu khore/urdu fauj/urdu Mar/urdu rhi/urdu hai/urdu awam/urdu ko/urdu
EyrNOfyxSBQ,Ktni achi video ap ne unpredictable ❤,no,none,na,joy|surprise,Ktni/urdu achi/urdu video/english ap/urdu ne/urdu unpredictable/english ❤/ambiguous
hhFGhAo4ZfY,ye challange bilkul b acha nai tha tum logo ny rizq zaya kiya ha boht is mai,yes,none,na,anger,ye/urdu challange/english bilkul/urdu b/urdu acha/urdu nai/urdu tha/urdu tum/urdu logo/urdu ny/urdu rizq/urdu zaya/urdu kiya/urdu ha/urdu boht/urdu is/urdu mai/urdu
WJxfQWiP9DQ,Imran bahi tajer asim munir ke nakame per talie baj rey tey,yes,none,na,anger,Imran/ambiguous bahi/urdu tajer/urdu asim/ambiguous munir/ambiguous ke/urdu nakame/urdu per/urdu talie/urdu baj/urdu rey/urdu tey/urdu
hhFGhAo4ZfY,"""Wo Alag hi level Ka Hassan Tha.....😂""",yes,none,na,joy|surprise,Wo/urdu Alag/urdu hi/urdu level/english Ka/urdu Hassan/ambiguous Tha/urdu
FH8OUP2_sN4,Man vlog tb hi dakhti hu jb ducky bhai kahi travel kar ta ha 😂,yes,none,na,joy,Man/ambiguous vlog/english tb/urdu hi/urdu dakhti/urdu hu/urdu jb/urdu ducky/english bhai/urdu kahi/urdu travel/english kar/urdu ta/urdu ha/urdu 😂/ambiguous
8ksTrbtyTco,ye kesa challenge hai jab shopping start hogai toh khud ko pta tha twist usko pata nhi tha burger challenge😂😂😂,yes,none,na,joy|surprise,ye/urdu kesa/urdu challenge/english hai/urdu jab/urdu shopping/english start/english hogai/urdu toh/urdu khud/urdu ko/urdu pta/urdu tha/urdu twist/english usko/urdu pata/urdu nhi/urdu tha/urdu burger/english challenge/english
EyrNOfyxSBQ,"Hira lag rahi hai

Ziyada piyari to",yes,none,na,joy,Hira/urdu lag/urdu rahi/urdu hai/urdu Ziyada/urdu piyari/urdu to/urdu
zXAAAXogJ78,Plz mujhe b dedo shoes or bag api,yes,none,na,joy,Plz/english mujhe/urdu b/urdu dedo/urdu shoes/english or/english bag/english api/urdu
ttL6k7wzGmQ,"❤❤❤❤❤
M Shahid PTI Good 
Inshallah agla inqlaab Pakistan mein ek mah ke andar Marne ke Liye taiyar hai jitna chaho julm Karo julm sahne ke liye taiyar hai magar aapki film ka and ho chuka hai inshallah Allah aapki Nahin hamari madad karega inshallah",yes,offensive,na,anger|fear,❤❤❤❤❤/ambiguous M/english Shahid/urdu PTI/english Good/english Inshallah/urdu agla/urdu inqlaab/urdu Pakistan/urdu mein/urdu ek/urdu mah/urdu ke/urdu andar/urdu Marne/urdu ke/urdu Liye/urdu taiyar/urdu hai/urdu jitna/urdu chaho/urdu julm/urdu Karo/urdu julm/urdu sahne/urdu ke/urdu liye/urdu taiyar/urdu hai/urdu magar/urdu aapki/urdu film/urdu ka/urdu and/english ho/urdu chuka/urdu hai/urdu inshallah/urdu Allah/urdu aapki/urdu Nahin/urdu hamari/urdu madad/urdu karega/urdu inshallah/urdu
-w7eMfsuRgA,Form 47 jaali hukumat pe laanat Bay shumaar,no,offensive,na,anger,english/english urdu/urdu urdu/urdu urdu/urdu urdu/urdu urdu/urdu english/english urdu/urdu
XHQrr9fmTkc,Fatima api mujha ap ka vlog asha lagta ha ap blue 💙 challenge karo api reply,no,none,na,joy,Fatima/ambiguous api/urdu mujha/urdu ap/urdu ka/urdu vlog/english asha/urdu lagta/urdu ha/urdu ap/urdu blue/english 💙/ambiguous challenge/english karo/urdu api/urdu reply/english
8ksTrbtyTco,Shahveer bhai zaid bhai ke sath bhi cooking challenge kary please ❤❤,no,none,na,joy,Shahveer/ambiguous bhai/urdu zaid/ambiguous bhai/urdu ke/urdu sath/urdu bhi/urdu cooking/english challenge/english kary/urdu please/english ❤❤/ambiguous
PKFU1F2QEMQ,Selling kitne ki hoi,no,none,na,none,Selling/english kitne/urdu ki/urdu hoi/urdu
WJxfQWiP9DQ,"Asam Kisi ko kuch krny nai dy rha,",no,none,na,anger,urdu/urdu urdu/urdu urdu/urdu urdu/urdu urdu/urdu urdu/urdu urdu/urdu urdu/urdu
XHQrr9fmTkc,Wesy e baradashat ni Hoti tumari shakal upar sy getup kr lyti ho,yes,offensive,na,anger,Wesy/urdu e/urdu baradashat/urdu ni/urdu Hoti/urdu tumari/urdu shakal/urdu upar/urdu sy/urdu getup/english kr/urdu lyti/urdu ho/urdu
BmpRnfu16YA,Allah mujhe bhi de dei please please 😢❤,no,none,na,sadness,Allah/urdu mujhe/urdu bhi/urdu de/urdu dei/urdu please/english please/english 😢❤/ambiguous
eY0i4nBXqdY,Allah kboll kry meri liya dua krna k allah hajj KR wayi,no,none,na,joy,Allah/urdu kboll/urdu kry/urdu meri/urdu liya/urdu dua/urdu krna/urdu k/urdu allah/urdu hajj/urdu KR/urdu wayi/urdu
VUKai4CZSNw,Ducky ki family me AK baby any wala ha,no,none,na,joy,ambiguous/ambiguous urdu/urdu urdu/urdu urdu/urdu ambiguous/ambiguous urdu/urdu urdu/urdu urdu/urdu urdu/urdu
BaMLBWWvNHA,We proud of you zulkar bhai ap ne dushman ko sahi sabak sikaya wo to zaleel insan ha or wo galiyan hi deserve krta ha,no,offensive,na,joy|anger,We/english proud/english of/english you/english zulkar/ambiguous bhai/urdu ap/urdu ne/urdu dushman/urdu ko/urdu sahi/urdu sabak/urdu sikaya/urdu wo/urdu to/urdu zaleel/urdu insan/urdu ha/urdu or/urdu wo/urdu galiyan/urdu hi/urdu deserve/english krta/urdu ha/urdu
-w7eMfsuRgA,Mayor ka b theak hay,yes,none,na,none,Mayor/english ka/urdu b/urdu theak/urdu hay/urdu
FH8OUP2_sN4,Bhaiya ka tatti video,yes,none,na,anger,Bhaiya/urdu ka/urdu tatti/urdu video/english
PKFU1F2QEMQ,MashAllah Allah ap sab KO ap k ghr KO salamt rkhy Ameen Suma Ameen ❤❤❤❤,no,none,na,joy,MashAllah/urdu Allah/urdu ap/urdu sab/urdu KO/urdu ap/urdu k/urdu ghr/urdu KO/urdu salamt/urdu rkhy/urdu Ameen/urdu Suma/ambiguous Ameen/urdu ❤❤❤❤/ambiguous
Erif7Vj9NSQ,Ap loog kitne jahil ho Muslims hi ho na,yes,hate,na,anger,Ap/urdu loog/urdu kitne/urdu jahil/urdu ho/urdu Muslims/english hi/urdu ho/urdu na/urdu
gvG35CxYOLg,Shaveer bhai one chip challenge kar re plzzzzz and red buldak ramen please 😢❤,no,none,na,joy|sadness,Shaveer/urdu bhai/urdu one/english chip/english challenge/english kar/urdu re/urdu plzzzzz/ambiguous and/english red/english buldak/urdu ramen/english please/english
Erif7Vj9NSQ,Atma per red colour ka,no,none,na,none,urdu/urdu per/urdu red/english colour/english ka/urdu
IMnXqYDHhZI,Assalam o Alaikum Meri ek request thi ptani ap comments prhti Hain ya ni mne ye kehna tha k Meri ek choti si byti hai agr Ap apni byti k dresses mjhe send kr dein to bht mehrbni hogi,no,none,na,none,urdu/urdu urdu/urdu urdu/urdu urdu/urdu urdu/urdu urdu/urdu urdu/urdu urdu/ambiguous urdu/urdu english/english urdu/urdu urdu/urdu urdu/urdu urdu/urdu urdu/urdu urdu/urdu urdu/urdu urdu/urdu urdu/urdu urdu/urdu urdu/urdu urdu/urdu urdu/urdu urdu/urdu urdu/urdu urdu/urdu urdu/urdu urdu/urdu english/english urdu/urdu urdu/urdu urdu/urdu urdu/urdu urdu/urdu urdu/urdu urdu/urdu urdu/urdu
zXAAAXogJ78,Rubab  ko please  liya  kara vlog  my,no,none,na,none,Rubab/urdu ko/urdu please/english liya/urdu kara/urdu vlog/english my/english
gvG35CxYOLg,Kyu itne cute bnde ko itna tng kr rhe ho yaar,yes,none,na,surprise,Kyu/urdu itne/urdu cute/english bnde/urdu ko/urdu itna/urdu tng/urdu kr/urdu rhe/urdu ho/urdu yaar/urdu
4k0ZV0UFZSw,1 KALAY BAKRAY KA SADQA...  BUS.... PAKISTAN AZAD.... ONLY SOLUTION,yes,none,na,anger,1/ambiguous KALAY/urdu BAKRAY/urdu KA/urdu SADQA.../urdu BUS.../urdu PAKISTAN/urdu AZAD.../urdu ONLY/english SOLUTION/english
BmpRnfu16YA,Is se beautiful  to mera house h❤,no,none,na,joy,Is/urdu se/urdu beautiful/english to/urdu mera/urdu house/english h/urdu
BmpRnfu16YA,"Haya ka nice home❤🎉,🌸♥️",no,none,na,joy,Haya/ambiguous ka/urdu nice/english home/english
VUKai4CZSNw,ducky bhai nobita ka ghar dekhao plz,no,none,na,none,ducky/english bhai/urdu nobita/ambiguous ka/urdu ghar/urdu dekhao/urdu plz/english
nqbNLe84dpM,API Rabia API na bhot bhot achi film banai ha   ..ma to AP ki duah man nahi hooooo na☺️☺️🌹,no,none,na,joy,API/ambiguous Rabia/urdu API/ambiguous na/urdu bhot/urdu bhot/urdu achi/urdu film/english banai/urdu ha/urdu ..ma/urdu to/urdu AP/english ki/urdu duah/urdu man/urdu nahi/urdu hooooo/urdu na/urdu
HeZ2VBdJeOk,"FOJ, MAFIA QBZA GROP HY",no,none,na,none,FOJ/ambiguous MAFIA/english QBZA/ambiguous GROP/ambiguous HY/urdu
WJxfQWiP9DQ,Pakistan ka business tagaru ke hawale karo berkon mein jao pls trand chalao,yes,none,na,anger,Pakistan/urdu ka/urdu business/english tagaru/urdu ke/urdu hawale/urdu karo/urdu berkon/urdu mein/urdu jao/urdu pls/english trand/urdu chalao/urdu
BaMLBWWvNHA,Tackle tum to Chup hi ker jao 😅 tum Bas jealous ho rajab se 😎😎,yes,offensive,na,joy|anger,english/english urdu/urdu urdu/urdu urdu/urdu urdu/urdu urdu/urdu urdu/urdu ambiguous/ambiguous urdu/urdu urdu/urdu english/english urdu/urdu urdu/urdu urdu/urdu ambiguous/ambiguous
BaMLBWWvNHA,"Bhai u earn my respect and a subscriber😊
Larkion ka bhai zulqarnain bhai
Bhai thanks for standing up for us 
How rajab speak to women😢  is what his reality is actually",no,none,na,joy|sadness,Bhai/urdu u/english earn/english my/english respect/english and/english a/english subscriber/english Larkion/urdu ka/urdu bhai/urdu zulqarnain/urdu bhai/urdu Bhai/urdu thanks/english for/english standing/english up/english for/english us/english How/english rajab/urdu speak/english to/english women/english is/english what/english his/english reality/english is/english actually/english
VUKai4CZSNw,Borde ko to kar nhe saka paragnit or khud ko kar Rha ha bhie paragnit,no,none,na,anger,Borde/urdu ko/urdu to/urdu kar/urdu nhe/urdu saka/urdu paragnit/english or/english khud/urdu ko/urdu kar/urdu Rha/urdu ha/urdu bhie/urdu paragnit/english
BaMLBWWvNHA,Tum dono ki biwiyon ko main ghori bna k chodoun,no,hate,na,anger,Tum/urdu dono/urdu ki/urdu biwiyon/urdu ko/urdu main/urdu ghori/urdu bna/urdu k/urdu chodoun/urdu
UiYpRBQ74fs,Imran bai akhery bath bod zabardast ki apny ❤,no,none,na,joy,Imran/ambiguous bai/urdu akhery/urdu bath/urdu bod/urdu zabardast/urdu ki/urdu apny/urdu ❤/ambiguous
4k0ZV0UFZSw,Gulam Kom Ka koi mustaqbel Nahi hota jago awam Imran khan pher Nahi Mela ga 😭😭🤲🤲😭,yes,none,na,anger|sadness,Gulam/urdu Kom/urdu Ka/urdu koi/urdu mustaqbel/urdu Nahi/urdu hota/urdu jago/urdu awam/urdu Imran/urdu khan/urdu pher/urdu Nahi/urdu Mela/urdu ga/urdu
BaMLBWWvNHA,Jealous ho raha hai zulqrnaian bhai q KY us KY 9 milon ho gy hai,yes,none,na,anger,Jealous/english ho/urdu raha/urdu hai/urdu zulqrnaian/ambiguous bhai/urdu q/urdu KY/urdu us/urdu KY/urdu 9/ambiguous milon/urdu ho/urdu gy/urdu hai/urdu
PKFU1F2QEMQ,Ma Sha Allah bht Khushi hui ap ne ghr bna lia,no,none,na,joy,Ma/urdu Sha/urdu Allah/urdu bht/urdu Khushi/urdu hui/urdu ap/urdu ne/urdu ghr/urdu bna/urdu lia/urdu
nqbNLe84dpM,Papiya ki mamma ka naam kya hai❤,no,none,na,none,Papiya/ambiguous ki/urdu mamma/urdu ka/urdu naam/urdu kya/urdu hai/urdu
8ksTrbtyTco,Judges ko kasy pta chala k konsa kis ka hai..challenge k start se lga k  gar bar hai..chiz same kasy bana skhty main to end tk yehi sochti re😢,yes,none,na,sadness|surprise,Judges/english ko/urdu kasy/urdu pta/urdu chala/urdu k/urdu konsa/urdu kis/urdu ka/urdu hai..challenge/urdu k/urdu start/english se/urdu lga/urdu k/urdu gar/urdu bar/urdu hai..chiz/urdu same/english kasy/urdu bana/urdu skhty/urdu main/urdu to/urdu end/english tk/urdu yehi/urdu sochti/urdu re/urdu
BljaIOvFkcM,Yahi dehshat gardi Mureed kay main bhi ki gai thi us waqt tum sub logon ki bolti bund thi or aaj tak band ha,yes,none,na,anger,Yahi/urdu dehshat/urdu gardi/urdu Mureed/urdu kay/urdu main/urdu bhi/urdu ki/urdu gai/urdu thi/urdu us/urdu waqt/urdu tum/urdu sub/urdu logon/urdu ki/urdu bolti/urdu bund/urdu thi/urdu or/urdu aaj/urdu tak/urdu band/urdu ha/urdu
Erif7Vj9NSQ,Black sabse achcha colour hai,no,none,na,none,Black/english sabse/urdu achcha/urdu colour/english hai/urdu
IMnXqYDHhZI,Kawal daily vlog nahi kar sakte qk kawal ka mood daily acha nhi rehta is lia zulqnain hi Sahi ha,no,none,na,none,Kawal/ambiguous daily/english vlog/english nahi/urdu kar/urdu sakte/urdu qk/urdu kawal/ambiguous ka/urdu mood/english daily/english acha/urdu nhi/urdu rehta/urdu is/urdu lia/urdu zulqnain/ambiguous hi/urdu Sahi/urdu ha/urdu
BaMLBWWvNHA,Ye hamari new generation ki tbahi kr raha ha rajab bhatti😂😂😂😂,yes,none,na,joy,Ye/urdu hamari/urdu new/english generation/english ki/urdu tbahi/urdu kr/urdu raha/urdu ha/urdu rajab/urdu bhatti/urdu
FH8OUP2_sN4,Wow squid game wala I don't believe😯😮😮,yes,none,na,surprise,Wow/english squid/english game/english wala/urdu I/english don't/english believe/english
BmpRnfu16YA,Sem Tu sem my home middle class😂😂😂😂😂😂😂😂😂😂,yes,none,na,joy,Sem/ambiguous Tu/urdu sem/urdu my/english home/english middle/english class/english
N-0DINjOMlY,Kawal jaty huy BHt happy Hoti ha aty huy pher uska mun bana rehta ha 😂😂😂😂😂😂,yes,none,na,joy|surprise,Kawal/urdu jaty/urdu huy/urdu BHt/urdu happy/english Hoti/urdu ha/urdu aty/urdu huy/urdu pher/urdu uska/urdu mun/urdu bana/urdu rehta/urdu ha/urdu 😂😂😂😂😂😂/ambiguous
zXAAAXogJ78,😂😂😂😂😂😂boht funny vilog tha,no,none,na,joy,urdu/urdu funny/english vilog/urdu tha/urdu
-w7eMfsuRgA,"JazakAllah JazakAllah JazakAllah JazakAllah JazakAllah JazakAllah JazakAllah JazakAllah JazakAllah JazakAllah JazakAllah JazakAllah JazakAllah JazakAllah JazakAllah JazakAllah JazakAllah JazakAllah 
JazakAllah 
JazakAllah 
JazakAllah 
Allah Paak Sab Ke Liye Aasaniya Farmahain Aasaniya Farmahain Aasaniya Farmahain Aasaniya Farmahain Ameen Ameen Ameen Sum Ameen 
Allah Paak Aap Ko Khush Rakhen Hamesha Hamesha Hamesha Ameen Ameen Ameen Sum Ameen 
Allah Paak Aap Ko Khush Rakhen Hamesha Hamesha Hamesha Ameen Ameen Ameen Sum Ameen 
Allah Paak Aap Ko Khush Rakhen Hamesha Hamesha Hamesha Ameen Ameen Ameen Sum Ameen 
Allah Paak Aap Ko Nazr E Bad Say Bachayen Hamesha Hamesha Hamesha Ameen Ameen Ameen Sum Ameen 
Allah Paak Aap Ko Nazr E Bad Say Bachayen Hamesha Hamesha Hamesha Ameen Ameen Ameen Sum Ameen 
Allah Paak Aap Ko Nazr E Bad Say Bachayen Hamesha Hamesha Hamesha Ameen Ameen Ameen Sum Ameen 
Allah Paak Aap Ko Nazr E Bad Say Bachayen Hamesha Hamesha Hamesha Ameen Ameen Ameen Sum Ameen 
Allah Paak Aap Ko Nazr E Bad Say Bachayen Hamesha Hamesha Hamesha Ameen Ameen Ameen Sum Ameen 
Allah Paak Aap Ko Nazr E Bad Say Bachayen Hamesha Hamesha Hamesha Ameen Ameen Ameen Sum Ameen 
Rab Kay Amaan Mein Rahain Hamesha Hamesha Hamesha Ameen Ameen Ameen Sum Ameen 
Rab Kay Amaan Mein Rahain Hamesha Hamesha Hamesha Ameen Ameen Ameen Sum Ameen 
Rab Kay Amaan Mein Rahain Hamesha Hamesha Hamesha Ameen Ameen Ameen Ameen Sum Ameen",,,,,
eY0i4nBXqdY,Ap Kaha sa hai api,no,none,na,none,urdu/urdu urdu/urdu urdu/urdu urdu/urdu urdu/ambiguous
gvG35CxYOLg,Baqi log spicy khate hi nhi r ap unke sath spicest ka muqabla kr rhe ho? Obviously unhe lge ga extra,yes,none,na,surprise,Baqi/urdu log/urdu spicy/english khate/urdu hi/urdu nhi/urdu r/urdu ap/urdu unke/urdu sath/urdu spicest/english ka/urdu muqabla/urdu kr/urdu rhe/urdu ho/urdu Obviously/english unhe/urdu lge/urdu ga/urdu extra/english
BmpRnfu16YA,App is vedio ma apii iqra ki tarha lag rahi ho❤❤,no,none,na,joy,App/english is/english vedio/urdu ma/urdu apii/urdu iqra/urdu ki/urdu tarha/urdu lag/urdu rahi/urdu ho/urdu
gvG35CxYOLg,Don't do this bhai..you are very precious for us ..plzz never do again ..ap ko pain m dekh by God rona aa rha😢😢,no,none,na,sadness|fear,Don't/english do/english this/english bhai/urdu you/english are/english very/english precious/english for/english us/english plzz/english never/english do/english again/english ap/urdu ko/urdu pain/urdu m/urdu dekh/urdu by/english God/english rona/urdu aa/urdu rha/urdu
BmpRnfu16YA,Happy Fatima aap bahut sundar ho,no,none,na,joy,Happy/english Fatima/ambiguous aap/urdu bahut/urdu sundar/urdu ho/urdu
nqbNLe84dpM,Api Rabia Faisal ki film par 7m hogaie ❤❤❤❤,no,none,na,joy,Api/urdu Rabia/ambiguous Faisal/ambiguous ki/urdu film/english par/urdu 7m/english hogaie/urdu ❤❤❤❤/ambiguous
nqbNLe84dpM,Iqra api yeh to buhat khatarnak challenge tha lakin maza agaya 😂,no,none,na,joy|surprise,Iqra/ambiguous api/urdu yeh/urdu to/urdu buhat/urdu khatarnak/urdu challenge/english tha/urdu lakin/urdu maza/urdu agaya/urdu 😂/ambiguous
BaMLBWWvNHA,Basomar Lanat ho tum par or tumhari biwi par 🖐🏻🖐🏻rajab brand ha brand tumhari okat kya ha rajab ka aoga,no,hate,na,anger,urdu/urdu urdu/urdu urdu/urdu urdu/urdu urdu/urdu urdu/urdu urdu/urdu urdu/urdu urdu/urdu urdu/urdu english/english urdu/urdu english/english urdu/urdu urdu/urdu urdu/urdu urdu/urdu urdu/urdu urdu/urdu urdu/urdu
BaMLBWWvNHA,Sastay vloger to ap ho Jin ka 3.29 million subscribers just 😮😮,yes,none,na,surprise|joy,Sastay/urdu vloger/urdu to/urdu ap/urdu ho/urdu Jin/urdu ka/urdu 3.29/ambiguous million/english subscribers/english just/english
gvG35CxYOLg,Asslamu alikum i am ur biggest fan from pk i want to earn a money from internet i need a money i do my baclor now a days can u suggest me u now internet batter than me plzzz shahveer bhai I want to become a indepandance girl help,no,none,na,joy|fear,Asslamu/urdu alikum/urdu i/english am/english ur/english biggest/english fan/english from/english pk/english i/english want/english to/english earn/english a/english money/english from/english internet/english i/english need/english a/english money/english i/english do/english my/english baclor/urdu now/english a/english days/english can/english u/english suggest/english me/english u/english now/english internet/english batter/english than/english me/english plzzz/ambiguous shahveer/urdu bhai/urdu I/english want/english to/english become/english a/english indepandance/english girl/english help/english
zXAAAXogJ78,6:34 brother jo sound effects ap na use keya ha thats used for sucking not eating,no,none,na,none,ambiguous/ambiguous brother/english jo/urdu sound/english effects/english ap/urdu na/urdu use/english keya/urdu ha/urdu thats/english used/english for/english sucking/english not/english eating/english
WJxfQWiP9DQ,Kuch nI imran Sab sirf Draya he k aps me na woo waoo kro bs or kuch ni hona 2 partiyan 2 lraky bs,yes,none,na,anger,Kuch/urdu nI/urdu imran/urdu Sab/urdu sirf/urdu Draya/urdu he/urdu k/urdu aps/urdu me/urdu na/urdu woo/urdu waoo/urdu kro/urdu bs/urdu or/urdu kuch/urdu ni/urdu hona/urdu 2/english partiyan/urdu 2/english lraky/urdu bs/urdu
IMnXqYDHhZI,Pese b to ate ha vlog sy,yes,none,na,none,Pese/urdu b/urdu to/urdu ate/urdu ha/urdu vlog/english sy/urdu
8ksTrbtyTco,Besharmi isrehell brnd ko promote wesy ab to lanant hi hai ap logo par ok ab to sal hi hony wala h waha bacho ko marty huy sharm mager tum ko ati nahi,no,hate,na,anger,Besharmi/urdu isrehell/english brnd/english ko/urdu promote/english wesy/urdu ab/urdu to/urdu lanant/urdu hi/urdu hai/urdu ap/urdu logo/urdu par/urdu ok/english ab/urdu to/urdu sal/urdu hi/urdu hony/urdu wala/urdu h/urdu waha/urdu bacho/urdu ko/urdu marty/urdu huy/urdu sharm/urdu mager/urdu tum/urdu ko/urdu ati/urdu nahi/urdu
8ksTrbtyTco,Yh kaha ka challenge hy bhai.  One side game hy. Shaver win. 😅😅😅😅 No way maha ki cooking kamal h. Sbko pta h.,yes,none,na,joy|surprise,Yh/urdu kaha/urdu ka/urdu challenge/english hy/urdu bhai/urdu One/english side/english game/english hy/urdu Shaver/english win/english 😅😅😅😅/ambiguous No/english way/english maha/urdu ki/urdu cooking/english kamal/urdu h/urdu Sbko/urdu pta/urdu h/urdu
zfjRK9s0pjA,Allah ap logo ko seht dye Ameen 😊😊😊😊,no,none,na,joy,Allah/urdu ap/urdu logo/urdu ko/urdu seht/urdu dye/urdu Ameen/urdu 😊😊😊😊/ambiguous
eY0i4nBXqdY,Humne bhi khaya hai bahut majedar hota hai,no,none,na,joy,Humne/urdu bhi/urdu khaya/urdu hai/urdu bahut/urdu majedar/urdu hota/urdu hai/urdu
gvG35CxYOLg,Mexican Roti k under chatni dal k bna diya,yes,none,na,surprise,Mexican/english Roti/urdu k/urdu under/english chatni/urdu dal/urdu k/urdu bna/urdu diya/urdu
eY0i4nBXqdY,Aisa lag rha hai mr. Bean dekh rhi hoo 😂,yes,none,na,joy|surprise,Aisa/urdu lag/urdu rha/urdu hai/urdu mr./english Bean/english dekh/urdu rhi/urdu hoo/urdu 😂/ambiguous
IMnXqYDHhZI,Muja pata ha Rajab but ap bolo ta,yes,none,na,none,Muja/urdu pata/urdu ha/urdu Rajab/urdu but/english ap/urdu bolo/urdu ta/urdu
eY0i4nBXqdY,Mera naam Sidra hai,no,none,na,none,Mera/urdu naam/urdu Sidra/ambiguous hai/urdu
Erif7Vj9NSQ,Asslam o alaikum Fatima ma boht ghreeb ho plz Mari help kr do Allah ne apko boht diya ha or dai Allah apko Mari mama boht preshan hain smjh ni a rhi Kya kro shrm bhi a rhi ha 😭,no,none,na,sadness|fear,Asslam/urdu o/urdu alaikum/urdu Fatima/urdu ma/urdu boht/urdu ghreeb/urdu ho/urdu plz/english Mari/urdu help/english kr/urdu do/urdu Allah/urdu ne/urdu apko/urdu boht/urdu diya/urdu ha/urdu or/urdu dai/urdu Allah/urdu apko/urdu Mari/urdu mama/urdu boht/urdu preshan/urdu hain/urdu smjh/urdu ni/urdu a/urdu rhi/urdu Kya/urdu kro/urdu shrm/urdu bhi/urdu a/urdu rhi/urdu ha/urdu 😭/ambiguous
hhFGhAo4ZfY,Batameezu 2 choty bachoon KO tw khany nai Diya yeh jiska channel hn oska pait bary ga tw choty bachoon KO khany Dy ga,yes,none,na,anger,Batameezu/urdu 2/ambiguous choty/urdu bachoon/urdu KO/urdu tw/urdu khany/urdu nai/urdu Diya/urdu yeh/urdu jiska/urdu channel/english hn/urdu oska/urdu pait/urdu bary/urdu ga/urdu tw/urdu choty/urdu bachoon/urdu KO/urdu khany/urdu Dy/urdu ga/urdu
N-0DINjOMlY,Salam to u guys alhamdu guys u are blessed with money but millions out there are not as fortunate as u kawal u don’t need to advertise the face your daughter has many toys a gift is a gift a toy is a toy stay humble always bhai nva boast about anything take a  leaf out of bhai way of living,no,offensive,na,anger|sadness,Salam/urdu to/english u/english guys/english alhamdu/urdu guys/english u/english are/english blessed/english with/english money/english but/english millions/english out/english there/english are/english not/english as/english fortunate/english as/english u/english kawal/urdu u/english don't/english need/english to/english advertise/english the/english face/english your/english daughter/english has/english many/english toys/english a/english gift/english is/english a/english gift/english a/english toy/english is/english a/english toy/english stay/english humble/english always/english bhai/urdu nva/urdu boast/english about/english anything/english take/english a/english leaf/english out/english of/english bhai/urdu way/english of/english living/english
EyrNOfyxSBQ,abi to piza ka ak slized b ni kutm hova film pala e katam ho ge,yes,none,na,anger,abi/urdu to/urdu piza/english ka/urdu ak/urdu slized/english b/urdu ni/urdu kutm/urdu hova/urdu film/english pala/urdu e/urdu katam/urdu ho/urdu ge/urdu
BljaIOvFkcM,Plz awam ko Pura Sach btayen ya phir adha Sach b na btayn,no,none,na,anger,Plz/english awam/urdu ko/urdu Pura/urdu Sach/urdu btayen/urdu ya/urdu phir/urdu adha/urdu Sach/urdu b/urdu na/urdu btayn/urdu
zXAAAXogJ78,9:47 ali bhai so funny 😁 😂,no,none,na,joy,ambiguous/ambiguous ali/urdu bhai/urdu so/english funny/english 😁/ambiguous 😂/ambiguous
N-0DINjOMlY,I am from India 🇮🇳 zulqarnain please please 🙏 bhaghwan ka wasta koi baat nahi Mano aik baat zaroor Mano key zayada bachye nahi karna zayada bacho mein bhaghwan kharabi paaida kar deta hai bhaghwan key wastey 2 sey zayada bachye nahi paaida karna chahye 3 bachye key liye kanwal ko abortion karwana parye wasey bhi 3 bacha huwa tumhara bhaghwan us par kharabi paaida kar deta hai yahi reality hai trending in india 🇮🇳,no,offensive,misinfo,anger|fear,I/english am/english from/english India/english 🇮🇳/ambiguous zulqarnain/urdu please/english please/english 🙏/ambiguous bhaghwan/urdu ka/urdu wasta/urdu koi/urdu baat/urdu nahi/urdu Mano/urdu aik/urdu baat/urdu zaroor/urdu Mano/urdu key/urdu zayada/urdu bachye/urdu nahi/urdu karna/urdu zayada/urdu bacho/urdu mein/urdu bhaghwan/urdu kharabi/urdu paaida/urdu kar/urdu deta/urdu hai/urdu bhaghwan/urdu key/urdu wastey/urdu 2/ambiguous sey/urdu zayada/urdu bachye/urdu nahi/urdu paaida/urdu karna/urdu chahye/urdu 3/ambiguous bachye/urdu key/urdu liye/urdu kanwal/urdu ko/urdu abortion/english karwana/urdu parye/urdu wasey/urdu bhi/urdu 3/ambiguous bacha/urdu huwa/urdu tumhara/urdu bhaghwan/urdu us/urdu par/urdu kharabi/urdu paaida/urdu kar/urdu deta/urdu hai/urdu yahi/urdu reality/english hai/urdu trending/english in/english india/english 🇮🇳/ambiguous
BljaIOvFkcM,"Aj kashmir or kashmiri donu hi zhmi hn 
Sdmy m hn 
Tkleef m hn 
Or nafrat k ahri drjy pr hn 🚩",no,offensive,na,anger|sadness,Aj/urdu kashmir/urdu or/urdu kashmiri/urdu donu/urdu hi/urdu zhmi/urdu hn/urdu Sdmy/urdu m/urdu hn/urdu Tkleef/urdu m/urdu hn/urdu Or/urdu nafrat/urdu k/urdu ahri/urdu drjy/urdu pr/urdu hn/urdu 🚩/ambiguous
eY0i4nBXqdY,Fatima Piya 1550 ka matlab kya hai,no,none,na,none,Fatima/ambiguous Piya/urdu 1550/ambiguous ka/urdu matlab/urdu kya/urdu hai/urdu
4k0ZV0UFZSw,Bahi gungi bahri awam hai jinay zulim sahnay ki aadat hu chuki hai yah kabi aapnay mulk aur aapnay mustaqbil kay liya awaz nahi uttahay gay pura din hud be aur in kay bachay be mazdoori kar kay shaam ko ik time ki roti mil jahay baqi innay koi fikar nahi chahay chor in kay bachu ka mustaqbil taba kar day un ka jeena haram kar day is awam ko koi farak nahi parta ager parta to 78 saalu say mulk din ba din karzdar na banta America ka gulm na banta bekh na maangata,yes,offensive,na,anger|sadness,Bahi/urdu gungi/urdu bahri/urdu awam/urdu hai/urdu jinay/urdu zulim/urdu sahnay/urdu ki/urdu aadat/urdu hu/urdu chuki/urdu hai/urdu yah/urdu kabi/urdu aapnay/urdu mulk/urdu aur/urdu aapnay/urdu mustaqbil/urdu kay/urdu liya/urdu awaz/urdu nahi/urdu uttahay/urdu gay/urdu pura/urdu din/urdu hud/urdu be/urdu aur/urdu in/urdu kay/urdu bachay/urdu be/urdu mazdoori/urdu kar/urdu kay/urdu shaam/urdu ko/urdu ik/urdu time/english ki/urdu roti/urdu mil/urdu jahay/urdu baqi/urdu innay/urdu koi/urdu fikar/urdu nahi/urdu chahay/urdu chor/urdu in/urdu kay/urdu bachu/urdu ka/urdu mustaqbil/urdu taba/urdu kar/urdu day/urdu un/urdu ka/urdu jeena/urdu haram/urdu kar/urdu day/urdu is/urdu awam/urdu ko/urdu koi/urdu farak/urdu nahi/urdu parta/urdu ager/urdu parta/urdu to/urdu 78/ambiguous saalu/urdu say/urdu mulk/urdu din/urdu ba/urdu din/urdu karzdar/urdu na/urdu banta/urdu America/english ka/urdu gulm/urdu na/urdu banta/urdu bekh/urdu na/urdu maangata/urdu
-w7eMfsuRgA,Sir ge video nahi chal rhi loading ho rhi hy mushkl sy chali hy koi issue kr dia gya hy ap ky Chanel k sth baki video forn chal gi phr dobra 3 bar try ki video 2 min ly gii loading pr phr mushkl sy chali,no,none,na,frustration|none,Sir/english ge/urdu video/english nahi/urdu chal/urdu rhi/urdu loading/english ho/urdu rhi/urdu hy/urdu mushkl/urdu sy/urdu chali/urdu hy/urdu koi/urdu issue/english kr/urdu dia/urdu gya/urdu hy/urdu ap/urdu ky/urdu Chanel/english k/urdu sth/urdu baki/urdu video/english forn/ambiguous chal/urdu gi/urdu phr/urdu dobra/urdu 3/ambiguous bar/urdu try/english ki/urdu video/english 2/ambiguous min/urdu ly/urdu gii/urdu loading/english pr/urdu phr/urdu mushkl/urdu sy/urdu chali/urdu
gvG35CxYOLg,Bhai subha kya ho ga,yes,none,na,none,Bhai/urdu subha/urdu kya/urdu ho/urdu ga/urdu
-w7eMfsuRgA,Sir aap ne kaha tha k prime minister house main koe ro raha tha jinhen chotay mian ne dilasa dya tha wo name tou batadyn please,no,none,na,none,Sir/ambiguous aap/urdu ne/urdu kaha/urdu tha/urdu k/urdu prime/english minister/english house/english main/urdu koe/urdu ro/urdu raha/urdu tha/urdu jinhen/urdu chotay/urdu mian/urdu ne/urdu dilasa/urdu dya/urdu tha/urdu wo/urdu name/english tou/urdu batadyn/urdu please/english
WJxfQWiP9DQ,Bari seedi si bt ha jb tk fouj siasat mn ha es mulk ka kuch nhi ho skta hr 5 saal baad dictator ah jata aur mulk 20 saal piche chala jata...,no,none,na,anger|sadness,Bari/urdu seedi/urdu si/urdu bt/english ha/urdu jb/urdu tk/urdu fouj/urdu siasat/urdu mn/urdu ha/urdu es/urdu mulk/urdu ka/urdu kuch/urdu nhi/urdu ho/urdu skta/urdu hr/urdu 5/english saal/urdu baad/urdu dictator/english ah/urdu jata/urdu aur/urdu mulk/urdu 20/english saal/urdu piche/urdu chala/urdu jata/urdu
WJxfQWiP9DQ,Sirf dehan badalnay k liey kashmir se awam ka ye batain horahy hain hona kuch nahi hai,yes,none,na,anger,Sirf/urdu dehan/urdu badalnay/urdu k/urdu liey/urdu kashmir/urdu se/urdu awam/urdu ka/urdu ye/urdu batain/urdu horahy/urdu hain/urdu hona/urdu kuch/urdu nahi/urdu hai/urdu
PKFU1F2QEMQ,Mashallah bahut pyara hai Aapka Ghar aap bhi bahut pyari Ho,no,none,na,joy,Mashallah/urdu bahut/urdu pyara/urdu hai/urdu Aapka/urdu Ghar/urdu aap/urdu bhi/urdu bahut/urdu pyari/urdu Ho/urdu
VUKai4CZSNw,Welcome in Japan ducky bhai,no,none,na,joy,Welcome/english in/english Japan/english ducky/english bhai/urdu
-w7eMfsuRgA,"Gill sahab! Very good point brought forward. Mien nay b kabhi is bareek wardat pay ghour nahi tha kia.
Yeh hamaray huqumrano nay he ghalat ghalat ahadiths banai howi hai.
Yeh zaeef ahadiths bayan kertay hain. Is per thora aur elaborate karien, apnay vlog per. Excellent point.",no,none,na,joy|surprise,"Gill/urdu sahab!/urdu Very/english good/english point/english brought/english forward./english Mien/urdu nay/urdu b/urdu kabhi/urdu is/urdu bareek/urdu wardat/urdu pay/urdu ghour/urdu nahi/urdu tha/urdu kia./urdu Yeh/urdu hamaray/urdu huqumrano/urdu nay/urdu he/urdu ghalat/urdu ghalat/urdu ahadiths/urdu banai/urdu howi/urdu hai./urdu Yeh/urdu zaeef/urdu ahadiths/urdu bayan/urdu kertay/urdu hain./urdu Is/urdu per/urdu thora/urdu aur/urdu elaborate/english karien,/urdu apnay/urdu vlog/english per./urdu Excellent/english point./english"
gvG35CxYOLg,Hy how are you,no,none,na,none,Hy/ambiguous how/english are/english you/english
zXAAAXogJ78,"😂😂😂😂🤣🤣🤣🤣🤣🤣🤣🤣🤣🤣🤣🤣🤣🤣🤣🤣🤣🤣🤣🤣🤭🤭 mere hasi bhi nein ruk rahie. 
Best vlog best game",no,none,na,joy,ambiguous/ambiguous mere/urdu hasi/urdu bhi/urdu nein/urdu ruk/urdu rahie/urdu Best/english vlog/english best/english game/english
nqbNLe84dpM,"Waaaa both mazah haya, international prank ta , is tara ka prank aj tak kasi nay nahi kiya areeb bahi 😂😅",no,none,na,joy|surprise,Waaaa/urdu both/english mazah/urdu haya/urdu international/english prank/english ta/urdu is/urdu tara/urdu ka/urdu prank/english aj/urdu tak/urdu kasi/urdu nay/urdu nahi/urdu kiya/urdu areeb/urdu bahi/urdu 😂😅/ambiguous
BaMLBWWvNHA,Koti teri baap ha koti ke becha lan pe char,yes,offensive,na,anger,Koti/urdu teri/urdu baap/urdu ha/urdu koti/urdu ke/urdu becha/urdu lan/urdu pe/urdu char/urdu
XHQrr9fmTkc,"Fatima ❌
Tharki ✔️ 
😂😂😂
Fatima or haya ka Sath 😂😂",yes,offensive,na,joy,Fatima/urdu ❌/ambiguous Tharki/urdu ✔️/ambiguous 😂😂😂/ambiguous Fatima/urdu or/english haya/urdu ka/urdu Sath/urdu 😂😂/ambiguous
nqbNLe84dpM,Yar ap to comment ka reply he nhi dati 🥲,yes,none,na,sadness|anger,Yar/urdu ap/urdu to/urdu comment/english ka/urdu reply/english he/urdu nhi/urdu dati/urdu 🥲/ambiguous
UiYpRBQ74fs,Ap ka aik or channel b hai? Irk k name se?,no,none,na,none,Ap/urdu ka/urdu aik/urdu or/urdu channel/english b/urdu hai/urdu Irk/ambiguous k/urdu name/english se/urdu
N-0DINjOMlY,Where is ducky bhai?? 😢,no,none,na,sadness,Where/english is/english ducky/english bhai/urdu 😢/ambiguous
HeZ2VBdJeOk,Allah pak Imran Khan ko kamyab kery Ameen,no,none,na,joy,Allah/urdu pak/urdu Imran/ambiguous Khan/ambiguous ko/urdu kamyab/urdu kery/urdu Ameen/urdu
IMnXqYDHhZI,Apna naye ghar ka vlog shuru kare iss ghar se nikle wohi ghisi peeti same script vlog ki hoti h aur ghar ka sahi tariqe se home tour tak nahi batate iss ghar me bhi 23 saal baad bataya wo bhi adda he and pls don't listen to kanwal k wardrobe na batao yeh na batao she doesn't even know how actually vlogs works aur uss chakar me home tour aur sari chezein hamesha addi rehjati h we are done watching your this ghisa pura vlogs now  pls move to your new house change the script,no,offensive,na,anger,Apna/urdu naye/urdu ghar/urdu ka/urdu vlog/english shuru/urdu kare/urdu iss/urdu ghar/urdu se/urdu nikle/urdu wohi/urdu ghisi/urdu peeti/urdu same/english script/english vlog/english ki/urdu hoti/urdu h/urdu aur/urdu ghar/urdu ka/urdu sahi/urdu tariqe/urdu se/urdu home/english tour/english tak/urdu nahi/urdu batate/urdu iss/urdu ghar/urdu me/urdu bhi/urdu 23/english saal/urdu baad/urdu bataya/urdu wo/urdu bhi/urdu adda/urdu he/urdu and/english pls/english don't/english listen/english to/english kanwal/ambiguous k/urdu wardrobe/english na/urdu batao/urdu yeh/urdu na/urdu batao/urdu she/english doesn't/english even/english know/english how/english actually/english vlogs/english works/english aur/urdu uss/urdu chakar/urdu me/urdu home/english tour/english aur/urdu sari/urdu chezein/urdu hamesha/urdu addi/urdu rehjati/urdu h/urdu we/english are/english done/english watching/english your/english this/english ghisa/urdu pura/urdu vlogs/english now/english pls/english move/english to/english your/english new/english house/english change/english the/english script/english
IMnXqYDHhZI,Assalam walekum kya hal hai,no,none,na,none,Assalam/urdu walekum/urdu kya/urdu hal/urdu hai/urdu
IMnXqYDHhZI,kanwal k baigs r shoes boht piyary hn...jb k sistrolgy ny dikhay thy but aesy tha jesy landa hota hy,no,none,na,joy,kanwal/ambiguous k/urdu baigs/english r/urdu shoes/english boht/urdu piyary/urdu hn...jb/urdu k/urdu sistrolgy/english ny/urdu dikhay/urdu thy/urdu but/english aesy/urdu tha/urdu jesy/urdu landa/urdu hota/urdu hy/urdu
WJxfQWiP9DQ,Tlp k lia b bat kia kro,no,none,na,none,Tlp/ambiguous k/urdu lia/urdu b/urdu bat/urdu kia/urdu kro/urdu
FH8OUP2_sN4,Ducky Bhai kafi arsay ka bad achy lag ra😂❤,no,none,na,joy|surprise,Ducky/english Bhai/urdu kafi/urdu arsay/urdu ka/urdu bad/urdu achy/urdu lag/urdu ra/urdu
BmpRnfu16YA,Iska matlab aap niche niche upar upar se,yes,none,na,none,Iska/urdu matlab/urdu aap/urdu niche/urdu niche/urdu upar/urdu upar/urdu se/urdu
FH8OUP2_sN4,Ducky bhi plzz koye online work bata da please🙏,no,none,na,none,urdu/ambiguous urdu/urdu english/ambiguous urdu/urdu english/english english/english urdu/urdu urdu/urdu english/english
IMnXqYDHhZI,Kawal ke shoes collection bakwas te begs collection was good,yes,none,na,anger,Kawal/ambiguous ke/urdu shoes/english collection/english bakwas/urdu te/urdu begs/english collection/english was/english good/english
zfjRK9s0pjA,Allah pak baya ko  sehat da❤😢,no,none,na,sadness,Allah/urdu pak/urdu baya/urdu ko/urdu sehat/urdu da/urdu
nqbNLe84dpM,Ap ny India ki vloggers ka content Liya  hai mene unka  dekha hai ye Wala but good work I really appreciated 👍👍👍,no,none,na,joy,Ap/urdu ny/urdu India/ambiguous ki/urdu vloggers/english ka/urdu content/english Liya/urdu hai/urdu mene/urdu unka/urdu dekha/urdu hai/urdu ye/urdu Wala/urdu but/english good/english work/english I/english really/english appreciated/english 👍👍👍/ambiguous
BljaIOvFkcM,"awam k khoon ka pyasa azli dushman kon ha? jab b koi inteha se ziada honest mohibb-e watan sacha pakistani saamny aye ga, wo nahaq qatal kr dia jay ga.",yes,hate,na,anger,awam/urdu k/urdu khoon/urdu ka/urdu pyasa/urdu azli/urdu dushman/urdu kon/urdu ha/urdu jab/urdu b/urdu koi/urdu inteha/urdu se/urdu ziada/urdu honest/english mohibb-e/urdu watan/urdu sacha/urdu pakistani/urdu saamny/urdu aye/urdu ga/urdu wo/urdu nahaq/urdu qatal/urdu kr/urdu dia/urdu jay/urdu ga/urdu
zfjRK9s0pjA,Allah Tala ke Vikas😊😊😊,no,none,na,joy,urdu/urdu urdu/urdu urdu/urdu urdu/urdu
gvG35CxYOLg,Shahveer bhai why did you do this. This can harm your health and you do this to entertain us ❤Allah apko iska ajar dai or apko apnay hifz o aman main rakhy ❤,no,none,na,sadness|concern,Shahveer/ambiguous bhai/urdu why/english did/english you/english do/english this/english This/english can/english harm/english your/english health/english and/english you/english do/english this/english to/english entertain/english us/english ❤Allah/urdu apko/urdu iska/urdu ajar/urdu dai/urdu or/urdu apko/urdu apnay/urdu hifz/urdu o/urdu aman/urdu main/urdu rakhy/urdu ❤/ambiguous
eY0i4nBXqdY,Baji 2 nafal prhny hoty hn umrah ki niyat krni prthe. Makeup sara kr liya,yes,none,na,joy,Baji/urdu 2/ambiguous nafal/urdu prhny/urdu hoty/urdu hn/urdu umrah/urdu ki/urdu niyat/urdu krni/urdu prthe/urdu Makeup/english sara/urdu kr/urdu liya/urdu
PKFU1F2QEMQ,Mujh bi sports 😢kry sab,yes,none,na,sadness,Mujh/urdu bi/urdu sports/english 😢kry/urdu sab/urdu
FH8OUP2_sN4,Ducky bhai is so funny,no,none,na,joy,urdu/ambiguous urdu/urdu english/english english/english english/english
WJxfQWiP9DQ,"(IMRAN BHAI) KIA JUMLA BOLA HY AP NY MUNNY K ABBA,, QASAM.. SY KIA BATH HY AP KE,,,,",yes,none,na,anger|surprise,IMRAN/urdu BHAI/urdu KIA/urdu JUMLA/urdu BOLA/urdu HY/urdu AP/urdu NY/urdu MUNNY/urdu K/urdu ABBA/urdu QASAM/urdu SY/urdu KIA/urdu BATH/urdu HY/urdu AP/urdu KE/urdu
hhFGhAo4ZfY,Next game kfc ka full menu ho,yes,none,na,joy,Next/english game/english kfc/english ka/urdu full/english menu/english ho/urdu
PKFU1F2QEMQ,Mashaallah Allah paksub k Liye asanya kare,no,none,na,joy,Mashaallah/urdu Allah/urdu paksub/urdu k/urdu Liye/urdu asanya/urdu kare/urdu
eY0i4nBXqdY,😂😂😂😂😂 Zainab bapi baithi kaisi hai😂😂😂😂😂,yes,none,na,joy,ambiguous/ambiguous Zainab/ambiguous bapi/urdu baithi/urdu kaisi/urdu hai/urdu
VUKai4CZSNw,Ducky bhai plzzz apni bedsheet change kr lain it’s toooo old 1 year sa yahi bedsheet ha,no,none,na,joy|surprise,Ducky/ambiguous bhai/urdu plzzz/english apni/urdu bedsheet/english change/english kr/urdu lain/urdu it's/english toooo/english old/english 1/ambiguous year/english sa/urdu yahi/urdu bedsheet/english ha/urdu
BaMLBWWvNHA,Allah ka Shukar hai karachi walo may family ko dikhaa k pesa kamanay ka keera nhee hai. 😆😆😆😆,yes,none,na,joy|surprise,Allah/urdu ka/urdu Shukar/urdu hai/urdu karachi/urdu walo/urdu may/urdu family/english ko/urdu dikhaa/urdu k/urdu pesa/urdu kamanay/urdu ka/urdu keera/urdu nhee/urdu hai/urdu
VUKai4CZSNw,Ap muj sa kab Milo ga yarr ma na ap sa milna ha ager mara pas paisa hota to ma ap ka pass a jata mager mara pass paisa nhi ho 😢😢😢,no,none,na,sadness,Ap/urdu muj/urdu sa/urdu kab/urdu Milo/urdu ga/urdu yarr/urdu ma/urdu na/urdu ap/urdu sa/urdu milna/urdu ha/urdu ager/urdu mara/urdu pas/urdu paisa/urdu hota/urdu to/urdu ma/urdu ap/urdu ka/urdu pass/urdu a/urdu jata/urdu mager/urdu mara/urdu pass/urdu paisa/urdu nhi/urdu ho/urdu 😢😢😢/ambiguous
VUKai4CZSNw,Best. Duky Bhai vlogs ❤️🥰,no,none,na,joy,Best./english Duky/urdu Bhai/urdu vlogs/english ❤️🥰/ambiguous
BljaIOvFkcM,Ya sub pasa zahr bany ga in sub ky lya insahAllah,no,none,na,joy,Ya/urdu sub/urdu pasa/urdu zahr/urdu bany/urdu ga/urdu in/urdu sub/urdu ky/urdu lya/urdu insahAllah/ambiguous
nqbNLe84dpM,Iqra Yar tom bohot bohot zyada pyari lag Rahi ho,no,none,na,joy,Iqra/ambiguous Yar/urdu tom/english bohot/urdu bohot/urdu zyada/urdu pyari/urdu lag/urdu Rahi/urdu ho/urdu
PKFU1F2QEMQ,MashaAllah bohut piyara hai Allah rehna naseeb kre ameen,no,none,na,joy,MashaAllah/urdu bohut/urdu piyara/urdu hai/urdu Allah/urdu rehna/urdu naseeb/urdu kre/urdu ameen/urdu
gvG35CxYOLg,Hashir ko to zehar dedo,yes,offensive,na,anger,Hashir/ambiguous ko/urdu to/urdu zehar/urdu dedo/urdu
EyrNOfyxSBQ,Bht bht bht achii hai ye 14mint ki video 14 hours dekhne k dil kra yrr bht achi thi apki film love hogya Rabia Faisal and hirra Faisal love you 💕💕😘,no,none,na,joy|surprise,Bht/urdu bht/urdu bht/urdu achii/urdu hai/urdu ye/urdu 14mint/ambiguous ki/urdu video/english 14/english hours/english dekhne/urdu k/urdu dil/urdu kra/urdu yrr/urdu bht/urdu achi/urdu thi/urdu apki/urdu film/english love/english hogya/urdu Rabia/english Faisal/english and/english hirra/english Faisal/english love/english you/english 💕💕😘/ambiguous
PKFU1F2QEMQ,Allah pak AP ko or da ameen,no,none,na,joy,Allah/urdu pak/urdu AP/ambiguous ko/urdu or/urdu da/urdu ameen/urdu
UiYpRBQ74fs,18:32 bilkul sai bat hai g .. koi protocol nhi lagana chaiya,no,none,na,none,ambiguous/ambiguous bilkul/urdu sai/urdu bat/urdu hai/urdu g/urdu ../ambiguous koi/urdu protocol/english nhi/urdu lagana/urdu chaiya/urdu
IMnXqYDHhZI,I think ap loog alternate banaya karo doono ka hojay ga,no,none,na,none,I/english think/english ap/urdu loog/urdu alternate/english banaya/urdu karo/urdu doono/urdu ka/urdu hojay/urdu ga/urdu
WJxfQWiP9DQ,Mulk haqiqi jamhoreyat sai he chal cakta hai form 47 waly loot mar k sewa khuch nahi kar sakty jab tak awam sath na ho ye khuch nahi kar sakty,yes,offensive,na,anger,Mulk/urdu haqiqi/urdu jamhoreyat/urdu sai/urdu he/urdu chal/urdu cakta/urdu hai/urdu form/english 47/english waly/urdu loot/urdu mar/urdu k/urdu sewa/urdu khuch/urdu nahi/urdu kar/urdu sakty/urdu jab/urdu tak/urdu awam/urdu sath/urdu na/urdu ho/urdu ye/urdu khuch/urdu nahi/urdu kar/urdu sakty/urdu
BaMLBWWvNHA,Views lene k liye rajab ko contect bna liya sharam krlo 😂😂😂😂,yes,offensive,na,joy|anger,Views/english lene/urdu k/urdu liye/urdu rajab/urdu ko/urdu contect/english bna/urdu liya/urdu sharam/urdu krlo/urdu 😂😂😂😂/ambiguous
eY0i4nBXqdY,Zainab se abya hi ni sambla jrah.hijab abya carry ni kr prhi,yes,none,na,anger,Zainab/ambiguous se/urdu abya/urdu hi/urdu ni/urdu sambla/urdu jrah.hijab/urdu abya/urdu carry/english ni/urdu kr/urdu prhi/urdu
4k0ZV0UFZSw,Allha pak kashmeer ki madat farmay,no,none,na,sadness,Allha/urdu pak/urdu kashmeer/urdu ki/urdu madat/urdu farmay/urdu
nqbNLe84dpM,Achi shirt le kr aaye,no,none,na,none,Achi/urdu shirt/english le/urdu kr/urdu aaye/urdu
WJxfQWiP9DQ,"Es system ko 10 sal k kiye Murshad Imran Ahmad khan Niazi k hawaley karo 
Inshah ALLAH ye system teek ho ga",no,none,na,hope,Es/urdu system/english ko/urdu 10/ambiguous sal/urdu k/urdu kiye/urdu Murshad/urdu Imran/urdu Ahmad/urdu khan/urdu Niazi/urdu k/urdu hawaley/urdu karo/urdu Inshah/urdu ALLAH/urdu ye/urdu system/english teek/urdu ho/urdu ga/urdu
VUKai4CZSNw,me subscribe krke dekh ra phir bhi maza ni ara,yes,none,na,sadness|anger,me/urdu subscribe/english krke/urdu dekh/urdu ra/urdu phir/urdu bhi/urdu maza/urdu ni/urdu ara/urdu
VUKai4CZSNw,wyse tou i don't like your chusayen atall but japan ky vlog ke vibe alag hae,yes,offensive,na,anger,urdu/ambiguous urdu/ambiguous english/english english/english english/english english/english urdu/urdu english/english english/english english/english urdu/urdu urdu/urdu english/english urdu/urdu urdu/urdu
VUKai4CZSNw,Mera japan me restaurant hai name hai bismillah punjabi dhaba plz come,no,none,na,joy,Mera/urdu japan/english me/urdu restaurant/english hai/urdu name/english hai/urdu bismillah/urdu punjabi/urdu dhaba/urdu plz/english come/english
BljaIOvFkcM,Allah Imran Khan ki hfzt frmy,no,none,na,joy,urdu/urdu urdu/urdu urdu/urdu urdu/urdu urdu/urdu urdu/urdu
EyrNOfyxSBQ,Nice filam mujhe bhut achi lagi nice,no,none,na,joy,Nice/english filam/urdu mujhe/urdu bhut/urdu achi/urdu lagi/urdu nice/english
XHQrr9fmTkc,Fatima api aap accident prank Karen please😊😊😊😊,no,none,na,joy,Fatima/ambiguous api/urdu aap/urdu accident/english prank/english Karen/urdu please/english
hhFGhAo4ZfY,Ye chishmish bada cheater hai. 😂😅,yes,none,na,joy,Ye/urdu chishmish/urdu bada/urdu cheater/english hai/urdu 😂😅/ambiguous
ttL6k7wzGmQ,Shami Ibrahim bhai Park aapko sehat Yad Karen Meri Dua Hai aamin Somwar,no,none,na,joy,Shami/urdu Ibrahim/urdu bhai/urdu Park/english aapko/urdu sehat/urdu Yad/urdu Karen/urdu Meri/urdu Dua/urdu Hai/urdu aamin/urdu Somwar/urdu
BmpRnfu16YA,Is ke viewers saare larkiyan hain.😂,yes,offensive,na,joy,Is/urdu ke/urdu viewers/english saare/urdu larkiyan/urdu hain/urdu
eY0i4nBXqdY,Maine aapse Milana hai,no,none,na,none,Maine/urdu aapse/urdu Milana/urdu hai/urdu
IMnXqYDHhZI,Bht achi tips dy re cousins ko be hayai or begerti k vligs bnany k,no,none,na,joy,Bht/urdu achi/urdu tips/english dy/urdu re/urdu cousins/english ko/urdu be/urdu hayai/urdu or/urdu begerti/urdu k/urdu vligs/ambiguous bnany/urdu k/urdu
PKFU1F2QEMQ,Mshallallah bhot Pyara Ghar hy Allah pak naseeb kra Allah pak sub ko apna Ghar day💜🤲,no,none,na,joy,Mshallallah/urdu bhot/urdu Pyara/urdu Ghar/urdu hy/urdu Allah/urdu pak/urdu naseeb/urdu kra/urdu Allah/urdu pak/urdu sub/urdu ko/urdu apna/urdu Ghar/urdu day/urdu
4k0ZV0UFZSw,Allah is mulk ki hifazat farmaey Aameen,no,none,na,joy,Allah/ambiguous is/english mulk/urdu ki/urdu hifazat/urdu farmaey/urdu Aameen/urdu
8ksTrbtyTco,Hamza bahi ya kaya kam shoro kar deya ha apne beve ko to para karaw ya apbhe raga bat ke thraha baga ko kamra ma dekaka pasa kamow ga sham on yo hamza bahi i will unseb yor,yes,offensive,na,anger,Hamza/urdu bahi/urdu ya/urdu kaya/urdu kam/urdu shoro/urdu kar/urdu deya/urdu ha/urdu apne/urdu beve/urdu ko/urdu to/urdu para/urdu karaw/urdu ya/urdu apbhe/urdu raga/urdu bat/urdu ke/urdu thraha/urdu baga/urdu ko/urdu kamra/urdu ma/urdu dekaka/urdu pasa/urdu kamow/urdu ga/urdu sham/urdu on/english yo/urdu hamza/urdu bahi/urdu i/english will/english unseb/urdu yor/urdu
EyrNOfyxSBQ,Mere Abu sab ASy hn,no,none,na,none,Mere/urdu Abu/urdu sab/urdu ASy/english hn/urdu
hhFGhAo4ZfY,Aaj na nano ka din kharab thaaa😂,yes,none,na,joy,Aaj/urdu na/urdu nano/ambiguous ka/urdu din/urdu kharab/urdu thaaa/urdu
BljaIOvFkcM,tu tou dallay PAKISTAN KA DUSHMAN BAN GAYA HAI,yes,offensive,na,anger,tu/urdu tou/urdu dallay/urdu PAKISTAN/ambiguous KA/urdu DUSHMAN/urdu BAN/urdu GAYA/urdu HAI/urdu
BmpRnfu16YA,Aapki Hawa lag rahi hai ki usko homework nahin karvana hai aap jabardasti Aaye Hain,yes,none,na,anger,Aapki/urdu Hawa/urdu lag/urdu rahi/urdu hai/urdu ki/urdu usko/urdu homework/english nahin/urdu karvana/urdu hai/urdu aap/urdu jabardasti/urdu Aaye/urdu Hain/urdu
N-0DINjOMlY,Zulqarnain Bhai Welcome to Pakistan ✈️🇵🇰🎉 Nice view and vlog bhai 💚🌍🖼️ Uncle ji i'm big fan form jhelum ❤️🤩,no,none,na,joy|surprise,Zulqarnain/urdu Bhai/urdu Welcome/english to/english Pakistan/english ✈️🇵🇰🎉/ambiguous Nice/english view/english and/english vlog/english bhai/urdu 💚🌍🖼️/ambiguous Uncle/english ji/urdu i'm/english big/english fan/english form/english jhelum/urdu ❤️🤩/ambiguous
BljaIOvFkcM,Abdulla tahir  ko qatal kar diya gya okara sy,no,hate,na,sadness|anger,Abdulla/ambiguous tahir/ambiguous ko/urdu qatal/urdu kar/urdu diya/urdu gya/urdu okara/ambiguous sy/urdu
HeZ2VBdJeOk,Jab tak apki napak fauj wapis barracks main nahi jaati hai bhul jao Pakistan move on karega kabi dunia k sath,yes,hate,na,anger,Jab/urdu tak/urdu apki/urdu napak/urdu fauj/urdu wapis/urdu barracks/english main/urdu nahi/urdu jaati/urdu hai/urdu bhul/urdu jao/urdu Pakistan/urdu move/english on/english karega/urdu kabi/urdu dunia/urdu k/urdu sath/urdu
N-0DINjOMlY,Mashallah bhai aapko bahut bahut Mubarak ho airport ki,no,none,na,joy,Mashallah/urdu bhai/urdu aapko/urdu bahut/urdu bahut/urdu Mubarak/urdu ho/urdu airport/english ki/urdu
UiYpRBQ74fs,Bilawal khud kya hai?,yes,offensive,na,anger,Bilawal/ambiguous khud/urdu kya/urdu hai/urdu
IMnXqYDHhZI,Aizal KO bht shok se dekhty ha usky pyare bate Masha Allah,no,none,na,joy,Aizal/ambiguous KO/urdu bht/urdu shok/urdu se/urdu dekhty/urdu ha/urdu usky/urdu pyare/urdu bate/urdu Masha/urdu Allah/urdu
BmpRnfu16YA,It a bhi Acha naheen hai,no,none,na,sadness,english/english a/ambiguous bhi/urdu Acha/urdu naheen/urdu hai/urdu
BaMLBWWvNHA,I am rajab fan liken AJ app ny Sach bata Diya hai zulquranain Bhai proud of you,no,none,na,joy,I/english am/english rajab/urdu fan/english liken/english AJ/ambiguous app/urdu ny/urdu Sach/urdu bata/urdu Diya/urdu hai/urdu zulquranain/urdu Bhai/urdu proud/english of/english you/english
BaMLBWWvNHA,Bhai Apppp viral ho gy 🎉,no,none,na,joy|surprise,Bhai/urdu Apppp/english viral/english ho/urdu gy/urdu 🎉/ambiguous
nqbNLe84dpM,BAs kar da ab to anaviya ka face reveal kar do or ap logo na to Zara ka 2 month pa kar diya tha,yes,none,na,anger,BAs/urdu kar/urdu da/urdu ab/urdu to/urdu anaviya/urdu ka/urdu face/english reveal/english kar/urdu do/urdu or/english ap/urdu logo/urdu na/urdu to/urdu Zara/urdu ka/urdu 2/ambiguous month/english pa/urdu kar/urdu diya/urdu tha/urdu
BljaIOvFkcM,YEH IN KO DATAY NAHEN HEN NAM UN KA IN KE PAKET MEN JATEE HEN,no,none,na,anger,YEH/urdu IN/urdu KO/urdu DATAY/urdu NAHEN/urdu HEN/urdu NAM/urdu UN/urdu KA/urdu IN/urdu KE/urdu PAKET/urdu MEN/urdu JATEE/urdu HEN/urdu
XHQrr9fmTkc,Haya Ka Boyfriend Tou Chapri Nikla 😂,yes,offensive,na,joy,Haya/urdu Ka/urdu Boyfriend/english Tou/urdu Chapri/urdu Nikla/urdu 😂/ambiguous
-w7eMfsuRgA,Allah in zalmon ko ibrat ka nishan bnaye.Ameen,no,none,na,none,urdu/urdu in/english zalmon/urdu ko/urdu ibrat/urdu ka/urdu nishan/urdu bnaye.Ameen/urdu
BljaIOvFkcM,Allah Pak kashmiri bhaijo ki hiffazat farmay Ameen,no,none,na,joy,Allah/urdu Pak/urdu kashmiri/urdu bhaijo/urdu ki/urdu hiffazat/urdu farmay/urdu Ameen/urdu
eY0i4nBXqdY,Hi Mera Abaik Kaisa tha,no,none,na,none,Hi/english Mera/urdu Abaik/urdu Kaisa/urdu tha/urdu
VUKai4CZSNw,I love you ducky bhai and I love you aroob buabhi😊😊😊😊,no,none,na,joy,I/english love/english you/english ducky/english bhai/urdu and/english I/english love/english you/english aroob/urdu buabhi/urdu
EyrNOfyxSBQ,tatttti content h ksm se dil kharab krdya,yes,none,na,anger|sadness,tatttti/urdu content/english h/urdu ksm/urdu se/urdu dil/urdu kharab/urdu krdya/urdu
N-0DINjOMlY,Brother zulqer sab youtubers aj kal muskel main ay hovy hain ap bachye hain plz ap abi ap apna naya ghar show nahi kerna chezain soch sambal ker show kerna nazer berhaq h ap dono ka bound boht acha h family boht achi h Allah ap ko deron khusyan dain bori nazer say bachain ameen sum ameen ❤❤,no,none,na,joy|fear,Brother/english zulqer/urdu sab/urdu youtubers/english aj/urdu kal/urdu muskel/urdu main/urdu ay/urdu hovy/urdu hain/urdu ap/urdu bachye/urdu hain/urdu plz/english ap/urdu abi/urdu ap/urdu apna/urdu naya/urdu ghar/urdu show/english nahi/urdu kerna/urdu chezain/urdu soch/urdu sambal/urdu ker/urdu show/english kerna/urdu nazer/urdu berhaq/urdu h/urdu ap/urdu dono/urdu ka/urdu bound/english boht/urdu acha/urdu h/urdu family/english boht/urdu achi/urdu h/urdu Allah/urdu ap/urdu ko/urdu deron/urdu khusyan/urdu dain/urdu bori/urdu nazer/urdu say/urdu bachain/urdu ameen/urdu sum/english ameen/urdu
-w7eMfsuRgA,"Defacto Military raaj
Day 245
Thankyou, Bhai-Gill
Molana Ishaq...BEHTREEN...❤
#FREE IMRANKHAN❤
#FREE PAKISTAN🇵🇰
AZK❤",yes,none,na,anger|sadness,Defacto/english Military/english raaj/urdu Day/english 245/english Thankyou/english Bhai-Gill/urdu Molana/urdu Ishaq...BEHTREEN.../urdu #FREE/english IMRANKHAN/english #FREE/english PAKISTAN/english AZK/ambiguous
XHQrr9fmTkc,Fatima API please ab Red color per challenge Karen please please please please please please please please please please please please please please please please please please,no,none,na,joy,Fatima/urdu API/english please/english ab/urdu Red/english color/english per/urdu challenge/english Karen/urdu please/english please/english please/english please/english please/english please/english please/english please/english please/english please/english please/english please/english please/english please/english please/english please/english please/english please/english
gvG35CxYOLg,BHAI CHILLI SAUSE PI JO,yes,none,na,joy,BHAI/urdu CHILLI/english SAUSE/english PI/urdu JO/urdu
nqbNLe84dpM,Api inki halat dkh k to hamari halat khrb hogai or mano.to Mirchi kha k or bh pyri lgri th AJ,yes,none,na,sadness|anger,Api/urdu inki/urdu halat/urdu dkh/urdu k/urdu to/urdu hamari/urdu halat/urdu khrb/urdu hogai/urdu or/urdu mano.to/urdu Mirchi/urdu kha/urdu k/urdu or/urdu bh/urdu pyri/urdu lgri/urdu th/urdu AJ/ambiguous
XHQrr9fmTkc,Fatima api mai ap ko har velog mai kahti ho ke please horror prank kare and please mujhe reply de ❤😢,no,none,na,sadness,Fatima/ambiguous api/urdu mai/urdu ap/urdu ko/urdu har/urdu velog/english mai/urdu kahti/urdu ho/urdu ke/urdu please/english horror/english prank/english kare/urdu and/english please/english mujhe/urdu reply/english de/urdu ❤😢/ambiguous
zfjRK9s0pjA,Kasa lag raha ha father ban ka❤,no,none,na,joy,Kasa/urdu lag/urdu raha/urdu ha/urdu father/english ban/urdu ka/urdu
N-0DINjOMlY,editor ki green tik tik bht iritating hei main thing pe kre bs her chez pe tik tik,no,none,na,anger,editor/english ki/urdu green/english tik/urdu tik/urdu bht/urdu iritating/english hei/urdu main/urdu thing/english pe/urdu kre/urdu bs/urdu her/urdu chez/urdu pe/urdu tik/urdu tik/urdu
FH8OUP2_sN4,Jan Ducky Bhai ❤❤,no,none,na,joy,Jan/urdu Ducky/english Bhai/urdu ❤❤/ambiguous
gvG35CxYOLg,isky baaad constipation to pakki hai 😢😢😢,no,none,na,sadness,urdu/urdu isky/urdu baaad/urdu constipation/english to/urdu pakki/urdu hai/urdu 😢😢😢/ambiguous
HeZ2VBdJeOk,Riaz sahib jasi gangi Pani si wazo nhi hota awr agr ak admi Jan booj  kr gandy Pani si wazo kry awr pr namaz awr tilawat kry to Allah pak kinizdik wo namaz waghairo qabool nhi isi trah jally wazir Azam ki tamam trmimi awr taniaty bi jaiz nhi,yes,offensive,na,anger,Riaz/ambiguous sahib/urdu jasi/urdu gangi/urdu Pani/urdu si/urdu wazo/urdu nhi/urdu hota/urdu awr/urdu agr/urdu ak/urdu admi/urdu Jan/urdu booj/urdu kr/urdu gandy/urdu Pani/urdu si/urdu wazo/urdu kry/urdu awr/urdu pr/urdu namaz/urdu awr/urdu tilawat/urdu kry/urdu to/urdu Allah/urdu pak/urdu kinizdik/urdu wo/urdu namaz/urdu waghairo/urdu qabool/urdu nhi/urdu isi/urdu trah/urdu jally/urdu wazir/urdu Azam/urdu ki/urdu tamam/urdu trmimi/urdu awr/urdu taniaty/urdu bi/urdu jaiz/urdu nhi/urdu
N-0DINjOMlY,Kanwsl api ap har vl,no,none,na,none,Kanwsl/ambiguous api/english ap/urdu har/urdu vl/ambiguous
BljaIOvFkcM,"Reality of Balochistan Operation, from a local. Paharon may jahan koi aabadi nahi, wahan rockets aur blasts kiey gaey dikhaney ko keh they are fighting against their attackers.",yes,none,na,anger|sadness,Reality/english of/english Balochistan/english Operation/english from/english a/english local/english Paharon/urdu may/urdu jahan/urdu koi/urdu aabadi/urdu nahi/urdu wahan/urdu rockets/english aur/urdu blasts/english kiey/urdu gaey/urdu dikhaney/urdu ko/urdu keh/urdu they/english are/english fighting/english against/english their/english attackers/english
IMnXqYDHhZI,Puter zulqarnain. Jis waqat to galiun main tyre doraiya  tha us waqat kanwal urdu point py kam krti thi. Tujy is ki wajah say log daikhnay atay hain wrna tu hamaray kagzoon main nill hair.,yes,offensive,na,anger,urdu/urdu zulqarnain/urdu Jis/urdu waqat/urdu to/urdu galiun/urdu main/urdu tyre/english doraiya/urdu tha/urdu us/urdu waqat/urdu kanwal/urdu urdu/urdu point/english py/urdu kam/urdu krti/urdu thi/urdu Tujy/urdu is/urdu ki/urdu wajah/urdu say/urdu log/urdu daikhnay/urdu atay/urdu hain/urdu wrna/urdu tu/urdu hamaray/urdu kagzoon/urdu main/urdu nill/urdu hair/urdu
IMnXqYDHhZI,Bhttttt alaaaa ha bs ab ya sary 👠 mujy baj Doo MRI bati k leay,yes,none,na,joy|surprise,Bhttttt/urdu alaaaa/urdu ha/urdu bs/urdu ab/urdu ya/urdu sary/urdu 👠/ambiguous mujy/urdu baj/urdu Doo/urdu MRI/english bati/urdu k/urdu leay/urdu
FH8OUP2_sN4,Daki bhi my fane,no,none,na,none,Daki/urdu bhi/urdu my/english fane/ambiguous
EyrNOfyxSBQ,Bap ko kud akal ha nahi dusro ko den sakh raha ha 🧐,yes,none,na,anger,Bap/urdu ko/urdu kud/urdu akal/urdu ha/urdu nahi/urdu dusro/urdu ko/urdu den/urdu sakh/urdu raha/urdu ha/urdu
PKFU1F2QEMQ,Masha Allah Booht khobsoort hai Ap Ka Ghar ❤ Ceiling bhi Achi lg rhi hai or washroom bhi Acha hai washroom Ka drwaza bhi Masha Allah Booht pyara hai nqsha bhi pyara hai. Kitny mrly Ka hai ap Ka Ghar?,no,none,na,joy,Masha/urdu Allah/urdu Booht/urdu khobsoort/urdu hai/urdu Ap/urdu Ka/urdu Ghar/urdu ❤/ambiguous Ceiling/english bhi/urdu Achi/urdu lg/urdu rhi/urdu hai/urdu or/english washroom/english bhi/urdu Acha/urdu hai/urdu washroom/english Ka/urdu drwaza/urdu bhi/urdu Masha/urdu Allah/urdu Booht/urdu pyara/urdu hai/urdu nqsha/urdu bhi/urdu pyara/urdu hai/urdu Kitny/urdu mrly/urdu Ka/urdu hai/urdu ap/urdu Ka/urdu Ghar/urdu
N-0DINjOMlY,Acha pakistan mein boht se couple vlog bnaty hai lekin ye dono kuch boht he had se ziyada show off karty hai tatti bi karni ho na ino ne wo bi btana k aj gold wali toilet mein tatti kar rhy rahi baat jo inki beti hai jese ye bta rhy hum boht miss kar rhy ezal ko ye wo sab stc😂 sirf dekhane k liye k hum apni beti ka boht karty hai agr Etna hota tu usko sat le kar jaty sat kisi ko le jaty usko sambalne k liye or dusri baat kon si Hollywood movie ka award tum logo ne jeeta hai ? Boht show off karty ye dono,yes,offensive,na,anger|sadness,Acha/urdu pakistan/urdu mein/urdu boht/urdu se/urdu couple/english vlog/english bnaty/urdu hai/urdu lekin/urdu ye/urdu dono/urdu kuch/urdu boht/urdu he/urdu had/urdu se/urdu ziyada/urdu show/english off/english karty/urdu hai/urdu tatti/urdu bi/urdu karni/urdu ho/urdu na/urdu ino/urdu ne/urdu wo/urdu bi/urdu btana/urdu k/urdu aj/urdu gold/english wali/urdu toilet/english mein/urdu tatti/urdu kar/urdu rhy/urdu rahi/urdu baat/urdu jo/urdu inki/urdu beti/urdu hai/urdu jese/urdu ye/urdu bta/urdu rhy/urdu hum/urdu boht/urdu miss/english kar/urdu rhy/urdu ezal/urdu ko/urdu ye/urdu wo/urdu sab/urdu stc/ambiguous sirf/urdu dekhane/urdu k/urdu liye/urdu k/urdu hum/urdu apni/urdu beti/urdu ka/urdu boht/urdu karty/urdu hai/urdu agr/urdu Etna/urdu hota/urdu tu/urdu usko/urdu sat/urdu le/urdu kar/urdu jaty/urdu sat/urdu kisi/urdu ko/urdu le/urdu jaty/urdu usko/urdu sambalne/urdu k/urdu liye/urdu or/urdu dusri/urdu baat/urdu kon/urdu si/urdu Hollywood/english movie/english ka/urdu award/english tum/urdu logo/urdu ne/urdu jeeta/urdu hai/urdu Boht/urdu show/english off/english karty/urdu ye/urdu dono/urdu
8ksTrbtyTco,this channel is more informative than sistrology and ducky bhai etc,no,none,na,joy,this/english channel/english is/english more/english informative/english than/english sistrology/english and/english ducky/english bhai/urdu etc/english
N-0DINjOMlY,Pleeez beta na chor k jaya kro aizal ko Kaisa mil rhi h AP dono ko ankhon my aansu a gy h,no,none,na,sadness,Pleeez/english beta/urdu na/urdu chor/urdu k/urdu jaya/urdu kro/urdu aizal/urdu ko/urdu Kaisa/urdu mil/urdu rhi/urdu h/urdu AP/urdu dono/urdu ko/urdu ankhon/urdu my/urdu aansu/urdu a/urdu gy/urdu h/urdu
BljaIOvFkcM,Allah pak Imran Khan ao Imran Riaz Khan ko lambi Zindagi atah Kareh Ameen Ameen Ameen Ameen 🙏,no,none,na,joy,Allah/urdu pak/urdu Imran/ambiguous Khan/urdu ao/urdu Imran/ambiguous Riaz/ambiguous Khan/urdu ko/urdu lambi/urdu Zindagi/urdu atah/urdu Kareh/urdu Ameen/urdu Ameen/urdu Ameen/urdu Ameen/urdu 🙏/ambiguous
hhFGhAo4ZfY,Hassan ko be khana khilaya karo,no,none,na,none,Hassan/ambiguous ko/urdu be/urdu khana/urdu khilaya/urdu karo/urdu
-w7eMfsuRgA,"RAB TAHALLA APP SAB KO KAMYABEE SAY HAMKINAR KARE, AAMEEM, PAKISTAN❤
ZINDABAAD 🎉🎉🎉",no,none,na,joy,RAB/urdu TAHALLA/urdu APP/urdu SAB/urdu KO/urdu KAMYABEE/urdu SAY/urdu HAMKINAR/urdu KARE/urdu AAMEEM/urdu PAKISTAN/english ZINDABAAD/urdu 🎉🎉🎉/ambiguous
4k0ZV0UFZSw,Pakistan Mai foj samait saray idaray chor hain FBR Mai bhi paltoo baithay hain.,no,offensive,na,anger,Pakistan/ambiguous Mai/urdu foj/urdu samait/urdu saray/urdu idaray/urdu chor/urdu hain/urdu FBR/english Mai/urdu bhi/urdu paltoo/urdu baithay/urdu hain/urdu
BaMLBWWvNHA,Furniture lenay gya tha k ghazal ka rishta krne ? Ghazal kun gyee the samjh nae aa rhaa 😂,yes,none,na,joy|surprise,Furniture/english lenay/urdu gya/urdu tha/urdu k/urdu ghazal/urdu ka/urdu rishta/urdu krne/urdu ?/ambiguous Ghazal/urdu kun/urdu gyee/urdu the/urdu samjh/urdu nae/urdu aa/urdu rhaa/urdu 😂/ambiguous
BljaIOvFkcM,24 cror zinda lashon ko apny haqooq ka pta nhi h is ly 1947 s esteblishmnt Pakistan ko lout y m lgi h jb tak awam giraoo nhi kren gi y system aisy hi chalta rhy ga qasooor awam ka h mjy apny lgo p zayda ghussa Ata h,no,offensive,na,anger,urdu/ambiguous urdu/ambiguous urdu/ambiguous urdu/ambiguous urdu/ambiguous urdu/ambiguous urdu/ambiguous urdu/ambiguous urdu/ambiguous urdu/ambiguous urdu/ambiguous urdu/ambiguous urdu/ambiguous english/english urdu/ambiguous english/english english/english urdu/ambiguous english/english urdu/ambiguous urdu/ambiguous urdu/ambiguous urdu/ambiguous urdu/ambiguous urdu/ambiguous urdu/ambiguous urdu/ambiguous urdu/ambiguous urdu/ambiguous urdu/ambiguous urdu/ambiguous urdu/ambiguous urdu/ambiguous urdu/ambiguous urdu/ambiguous urdu/ambiguous urdu/ambiguous urdu/ambiguous urdu/ambiguous urdu/ambiguous urdu/ambiguous urdu/ambiguous urdu/ambiguous urdu/ambiguous urdu/ambiguous urdu/ambiguous urdu/ambiguous urdu/ambiguous urdu/ambiguous urdu/ambiguous
zfjRK9s0pjA,Allah pak ap ko labi Umar Umar atah kare Ameen Suma Ameen 💞❤️💞,no,none,na,joy,Allah/urdu pak/urdu ap/urdu ko/urdu labi/urdu Umar/urdu Umar/urdu atah/urdu kare/urdu Ameen/urdu Suma/ambiguous Ameen/urdu 💞❤️💞/ambiguous
BmpRnfu16YA,So beautiful Haya Ka Ghar bahut Pyara Hai so beautifull😮😮😮😮,no,none,na,joy|surprise,So/english beautiful/english Haya/urdu Ka/urdu Ghar/urdu bahut/urdu Pyara/urdu Hai/urdu so/english beautifull/english
XHQrr9fmTkc,plzz api red color ka kardy i am hooria from nowshera now i am in lahore nani house plzz api red ka kardy😊,no,none,na,joy,plzz/english api/urdu red/english color/english ka/urdu kardy/urdu i/english am/english hooria/urdu from/english nowshera/urdu now/english i/english am/english in/english lahore/urdu nani/urdu house/english plzz/english api/urdu red/english ka/urdu kardy/urdu
-w7eMfsuRgA,"New administration units zaroor ban ne chahiye per mojooda system ki tarhan nahi balke rule of law k tehet nizam chale. 🙌🏼 Mojooda system tou mafias chahe Establishment ho ,political ho ya civil servants hon un k liye kam kar raha hai",no,offensive,na,anger,"New/english administration/english units/english zaroor/urdu ban/english ne/urdu chahiye/urdu per/urdu mojooda/urdu system/english ki/urdu tarhan/urdu nahi/urdu balke/urdu rule/english of/english law/english k/urdu tehet/urdu nizam/urdu chale/urdu 🙌🏼/ambiguous Mojooda/urdu system/english tou/urdu mafias/urdu chahe/urdu Establishment/english ho/urdu ,political/english ho/urdu ya/urdu civil/english servants/english hon/urdu un/urdu k/urdu liye/urdu kam/urdu kar/urdu raha/urdu hai/urdu"
N-0DINjOMlY,Kanwal zeher lagti hai tauba itni bari muu,yes,offensive,na,anger,Kanwal/ambiguous zeher/urdu lagti/urdu hai/urdu tauba/urdu itni/urdu bari/urdu muu/urdu
nqbNLe84dpM,19:13 ye rabia Bag leye Q phir  rahi h😅,yes,none,na,surprise|joy,ambiguous/ambiguous ye/urdu rabia/urdu Bag/english leye/urdu Q/english phir/urdu rahi/urdu h/urdu
IMnXqYDHhZI,Zulkarnain Ap ka vlog ka Maza Ata ha❤❤❤,no,none,na,joy,Zulkarnain/ambiguous Ap/urdu ka/urdu vlog/english ka/urdu Maza/urdu Ata/urdu ha/urdu
zfjRK9s0pjA,Allah Pak ap dono KO lambi Zindagi da smile please smile,no,none,na,joy,Allah/urdu Pak/urdu ap/urdu dono/urdu KO/urdu lambi/urdu Zindagi/urdu da/urdu smile/english please/english smile/english
nqbNLe84dpM,Anavia ko khala do or areeb ki shakle deko 40:32,yes,offensive,na,anger,Anavia/ambiguous ko/urdu khala/urdu do/urdu or/english areeb/urdu ki/urdu shakle/urdu deko/urdu 40:32/ambiguous
XHQrr9fmTkc,Hira api ap se Pyar Karti hai,no,none,na,joy,Hira/ambiguous api/urdu ap/urdu se/urdu Pyar/urdu Karti/urdu hai/urdu
gvG35CxYOLg,The way hashir says that Shahveer bhai mera Nike ka trouser kharaab kar dia 😂 it was hilarious 😂,no,none,na,joy|surprise,The/english way/english hashir/ambiguous says/english that/english Shahveer/ambiguous bhai/urdu mera/urdu Nike/english ka/urdu trouser/english kharaab/urdu kar/urdu dia/urdu 😂/ambiguous it/english was/english hilarious/english 😂/ambiguous
FH8OUP2_sN4,Coment par kar reply to dete nhi,yes,none,na,anger,Coment/english par/urdu kar/urdu reply/english to/urdu dete/urdu nhi/urdu
VUKai4CZSNw,Naturo theme park ka tour karooooooooooooooooo 🙏🏼🙏🏼,no,none,na,joy,english/ambiguous english/english english/english urdu/urdu english/english english/english ambiguous/ambiguous
8ksTrbtyTco,"Shaveer is such a biased such a cheater sub kch tum e decide kar lo to rhs to harayga e na   , but RHS is always a winner ❤",yes,offensive,na,anger,"Shaveer/ambiguous is/english such/english a/english biased/english such/english a/english cheater/english sub/urdu kch/urdu tum/urdu e/urdu decide/english kar/urdu lo/urdu to/urdu rhs/ambiguous to/urdu harayga/urdu e/urdu na/urdu ,/ambiguous but/english RHS/ambiguous is/english always/english a/english winner/english ❤/ambiguous"
zXAAAXogJ78,Bhai abrar vlog upload ni karta q,no,none,na,anger,Bhai/urdu abrar/ambiguous vlog/english upload/english ni/urdu karta/urdu q/urdu
BaMLBWWvNHA,Fame lo or lo sab Rajab bhai ke name pa 😂 jis ko zayda fame chahiye hota Rajab bhi pa bat karta jase is ne ki 😅 Sara masala hi fame h Rajab bhi ka kuchh ni jata bolte raho ase too wase jitne sab yaha ache hn sab pata h 🙄🙌🔥,yes,none,na,joy|anger,Fame/english lo/urdu or/english lo/urdu sab/urdu Rajab/urdu bhai/urdu ke/urdu name/urdu pa/urdu 😂/ambiguous jis/urdu ko/urdu zayda/urdu fame/english chahiye/urdu hota/urdu Rajab/urdu bhi/urdu pa/urdu bat/urdu karta/urdu jase/urdu is/urdu ne/urdu ki/urdu 😅/ambiguous Sara/urdu masala/urdu hi/urdu fame/english h/urdu Rajab/urdu bhi/urdu ka/urdu kuchh/urdu ni/urdu jata/urdu bolte/urdu raho/urdu ase/urdu too/urdu wase/urdu jitne/urdu sab/urdu yaha/urdu ache/urdu hn/urdu sab/urdu pata/urdu h/urdu 🔥/ambiguous
IMnXqYDHhZI,juto py mashallah nahi bolty,yes,none,na,none,juto/urdu py/urdu mashallah/urdu nahi/urdu bolty/urdu
PKFU1F2QEMQ,Allah Pak ap sab ko rehna naseb kry or mujy b APNA Ghar atta kry,no,none,na,joy,Allah/urdu Pak/urdu ap/urdu sab/urdu ko/urdu rehna/urdu naseb/urdu kry/urdu or/urdu mujy/urdu b/urdu APNA/urdu Ghar/urdu atta/urdu kry/urdu
BaMLBWWvNHA,Very nice ❤❤ zulqarnain Bhai 😂😂😂😂,no,none,na,joy,Very/english nice/english ❤❤/ambiguous zulqarnain/urdu Bhai/urdu 😂😂😂😂/ambiguous
BaMLBWWvNHA,Gujjar lagte ho bhai😂,yes,hate,na,joy,Gujjar/urdu lagte/urdu ho/urdu bhai/urdu
nqbNLe84dpM,API Apne Zainab ka boyfriend dekha..?..,yes,none,na,surprise,english/english Apne/urdu Zainab/ambiguous ka/urdu boyfriend/english dekha/urdu
FH8OUP2_sN4,UNBOXING video ka baad shopping of this money is return by subscriber 🤑🥵😠,yes,none,na,joy|anger,UNBOXING/english video/english ka/urdu baad/urdu shopping/english of/english this/english money/english is/english return/english by/english subscriber/english
BaMLBWWvNHA,Ju bhi ha ma kisi k suppoter nahi pury account ma view isi video par ha😅😂,yes,none,na,joy,Ju/urdu bhi/urdu ha/urdu ma/urdu kisi/urdu k/urdu suppoter/english nahi/urdu pury/urdu account/english ma/urdu view/english isi/urdu video/english par/urdu ha/urdu
PKFU1F2QEMQ,Mashallah ❤ Allah pak ap KO hamesha khush rakhy,no,none,na,joy,Mashallah/urdu ❤/ambiguous Allah/urdu pak/urdu ap/urdu KO/urdu hamesha/urdu khush/urdu rakhy/urdu
VUKai4CZSNw,Aapk binomo kee promotion pay profit e profit hy bhaai phr vloging kyun kar rhy ho?,yes,none,na,anger,Aapk/urdu binomo/english kee/urdu promotion/english pay/urdu profit/english e/urdu profit/english hy/urdu bhaai/urdu phr/urdu vloging/english kyun/urdu kar/urdu rhy/urdu ho/urdu
BmpRnfu16YA,Haaa tu bot amier haa❤,yes,none,na,joy,Haaa/urdu tu/urdu bot/english amier/urdu haa/urdu
UiYpRBQ74fs,Ye propoganda hy k cross fire ho rahi hy. Ghalat hy,no,none,na,anger,Ye/urdu propoganda/english hy/urdu k/urdu cross/english fire/english ho/urdu rahi/urdu hy/urdu Ghalat/urdu hy/urdu
BmpRnfu16YA,"Acha ha but I love Fatima and      
Her home",no,none,na,joy,Acha/urdu ha/urdu but/english I/english love/english Fatima/ambiguous and/english Her/english home/english
zfjRK9s0pjA,Mashallah Khushi ki baat hai mashallah Khushi ki baat hai,no,none,na,joy,Mashallah/urdu Khushi/urdu ki/urdu baat/urdu hai/urdu mashallah/urdu Khushi/urdu ki/urdu baat/urdu hai/urdu
nqbNLe84dpM,Yarr aapi mari koi bhan nhi hai aapko rakhkar ma sochti hoo ki kaas mare bhi bhan hoti kass,yes,none,na,sadness,Yarr/urdu aapi/urdu mari/urdu koi/urdu bhan/urdu nhi/urdu hai/urdu aapko/urdu rakhkar/urdu ma/urdu sochti/urdu hoo/urdu ki/urdu kaas/urdu mare/urdu bhi/urdu bhan/urdu hoti/urdu kass/urdu
BljaIOvFkcM,100 ni bhi 139 kee Death ho gy,yes,none,na,surprise,100/ambiguous ni/urdu bhi/urdu 139/ambiguous kee/urdu Death/english ho/urdu gy/urdu
IMnXqYDHhZI,Allah pak ap ko hamesha khush rakhay Ameen sum Ameen 🤲🏻🤲🏻🤲🤲🏻🤲🤲🏻,no,none,na,joy,Allah/urdu pak/urdu ap/urdu ko/urdu hamesha/urdu khush/urdu rakhay/urdu Ameen/urdu sum/ambiguous Ameen/urdu 🤲🏻🤲🏻🤲🤲🏻🤲🤲🏻/ambiguous
IMnXqYDHhZI,Bacho ka or ap ka,no,none,na,none,Bacho/urdu ka/urdu or/english ap/urdu ka/urdu
BmpRnfu16YA,Chhat ka tour karana to aap bhul hi gai Fatima Faisal banti hai,yes,none,na,surprise,Chhat/urdu ka/urdu tour/english karana/urdu to/urdu aap/urdu bhul/urdu hi/urdu gai/urdu Fatima/ambiguous Faisal/ambiguous banti/urdu hai/urdu
UiYpRBQ74fs,Hangu ki BAAT nhi ki,yes,none,na,anger,Hangu/ambiguous ki/urdu BAAT/urdu nhi/urdu ki/urdu
zXAAAXogJ78,Ap logo ne rizq zaya kia hai koi achii game ni kheli tum logo nee,yes,offensive,na,anger,Ap/urdu logo/urdu ne/urdu rizq/urdu zaya/urdu kia/urdu hai/urdu koi/urdu achii/urdu game/english ni/urdu kheli/urdu tum/urdu logo/urdu nee/urdu
EyrNOfyxSBQ,bagairaat log gairat drama bana rhe hai 🤣🤣🤣,yes,offensive,na,joy|anger,bagairaat/urdu log/urdu gairat/urdu drama/urdu bana/urdu rhe/urdu hai/urdu 🤣🤣🤣/ambiguous
WJxfQWiP9DQ,Muhsin naqli ki apni kia credibilty ha bs itna bta deta to sb smj a jata kon zumadar ha,yes,offensive,na,anger,Muhsin/urdu naqli/urdu ki/urdu apni/urdu kia/urdu credibilty/english ha/urdu bs/urdu itna/urdu bta/urdu deta/urdu to/urdu sb/urdu smj/urdu a/urdu jata/urdu kon/urdu zumadar/urdu ha/urdu
8ksTrbtyTco,Janab aap jase pyse walo ny logo ko pagal banaya howa hai. Videos bana bana kr yaha sy bhi dollor kama rhye hain. Sirf aayshi hai aap logo ki.,yes,offensive,na,anger,Janab/urdu aap/urdu jase/urdu pyse/urdu walo/urdu ny/urdu logo/urdu ko/urdu pagal/urdu banaya/urdu howa/urdu hai/urdu Videos/english bana/urdu bana/urdu kr/urdu yaha/urdu sy/urdu bhi/urdu dollor/english kama/urdu rhye/urdu hain/urdu Sirf/urdu aayshi/urdu hai/urdu aap/urdu logo/urdu ki/urdu
FH8OUP2_sN4,Ducky bhai mere bachon ko apky bachon ka bht intezar hai.....,no,none,na,joy,english/ambiguous urdu/urdu urdu/urdu urdu/urdu urdu/urdu urdu/urdu urdu/urdu urdu/urdu urdu/urdu urdu/urdu urdu/urdu
PKFU1F2QEMQ,"Bht phly AP k vlog daikhy thy lkn aj AP k is vlog pr nzr pri bht dil khush hua MashaAllah Allah apko is se b zaida nwazy AP b Allah ka zaida shukr ada kiya kren Khan se Khan puhancha diya Allah ne apko MashaAllah, Dil se Mubarak di he new ghr ki",no,none,na,joy|surprise,Bht/urdu phly/urdu AP/urdu k/urdu vlog/english daikhy/urdu thy/urdu lkn/urdu aj/urdu AP/urdu k/urdu is/urdu vlog/english pr/urdu nzr/urdu pri/urdu bht/urdu dil/urdu khush/urdu hua/urdu MashaAllah/urdu Allah/urdu apko/urdu is/urdu se/urdu b/urdu zaida/urdu nwazy/urdu AP/urdu b/urdu Allah/urdu ka/urdu zaida/urdu shukr/urdu ada/urdu kiya/urdu kren/urdu Khan/urdu se/urdu Khan/urdu puhancha/urdu diya/urdu Allah/urdu ne/urdu apko/urdu MashaAllah/urdu Dil/urdu se/urdu Mubarak/urdu di/urdu he/urdu new/english ghr/urdu ki/urdu
zfjRK9s0pjA,Allah pak apko beti ka naseeb achy karey Ameen Ameen Ameen Ameen Ameen 😊,no,none,na,joy,Allah/urdu pak/urdu apko/urdu beti/urdu ka/urdu naseeb/urdu achy/urdu karey/urdu Ameen/urdu Ameen/urdu Ameen/urdu Ameen/urdu Ameen/urdu 😊/ambiguous
VUKai4CZSNw,Subscribe krdo yar sab bhi ❤❤❤,no,none,na,joy,Subscribe/english krdo/urdu yar/urdu sab/urdu bhi/urdu ❤❤❤/ambiguous
BaMLBWWvNHA,Lund farq na pdha beta video bnane ka bht jldi 10M bhi ho jayega or tu gaand mara😂😂,yes,offensive,na,anger,Lund/urdu farq/urdu na/urdu pdha/urdu beta/urdu video/english bnane/urdu ka/urdu bht/urdu jldi/urdu 10M/english bhi/urdu ho/urdu jayega/urdu or/urdu tu/urdu gaand/urdu mara/urdu
UiYpRBQ74fs,600k bnda tu rawalakot me ha hi ni,yes,none,na,surprise,600k/ambiguous bnda/urdu tu/urdu rawalakot/urdu me/urdu ha/urdu hi/urdu ni/urdu
EyrNOfyxSBQ,"Amazing film ap ko or films py name Kare na chahiya allha, ap ko kamiyab Larry ameen sister",no,none,na,joy,Amazing/english film/english ap/urdu ko/urdu or/urdu films/english py/urdu name/english Kare/urdu na/urdu chahiya/urdu allha/urdu ap/urdu ko/urdu kamiyab/urdu Larry/ambiguous ameen/urdu sister/english
IMnXqYDHhZI,Aizal k kch kpra mera sath share bjda mre beti b 2 sal ki h uska nam b aizal h,no,none,na,joy,Aizal/urdu k/urdu kch/urdu kpra/urdu mera/urdu sath/urdu share/english bjda/urdu mre/urdu beti/urdu b/urdu 2/ambiguous sal/urdu ki/urdu h/urdu uska/urdu nam/urdu b/urdu aizal/urdu h/urdu
IMnXqYDHhZI,"Jute ko 
Mahh sha Allah nhi boolte idiot",yes,offensive,na,anger,urdu/urdu ko/urdu Mahh/urdu sha/urdu Allah/urdu nhi/urdu boolte/urdu idiot/english
BaMLBWWvNHA,aik banda do banda bewakoof ho skta itni awam bewakoof nhi ho skti they know all the things ab ap apny is video ko dekh lo takreeban 4 million views hain sirf rajab ka naam pr uis ka baad jitni bhi videos lagai hain apny 5 lac sa uper view nhi gaya apka is vlog ka baad thanks,yes,offensive,na,anger|surprise,aik/urdu banda/urdu do/urdu banda/urdu bewakoof/urdu ho/urdu skta/urdu itni/urdu awam/urdu bewakoof/urdu nhi/urdu ho/urdu skti/urdu they/english know/english all/english the/english things/english ab/urdu ap/urdu apny/urdu is/urdu video/english ko/urdu dekh/urdu lo/urdu takreeban/urdu 4/english million/english views/english hain/urdu sirf/urdu rajab/urdu ka/urdu naam/urdu pr/urdu uis/urdu ka/urdu baad/urdu jitni/urdu bhi/urdu videos/english lagai/urdu hain/urdu apny/urdu 5/english lac/urdu sa/urdu uper/urdu view/english nhi/urdu gaya/urdu apka/urdu is/urdu vlog/english ka/urdu baad/urdu thanks/english
Erif7Vj9NSQ,Vikram Thakur ki Mehandi per aapane install kyon Nahin hai acchi Nahin lag rahi ho aap theek ❤,yes,none,na,none,Vikram/ambiguous Thakur/ambiguous ki/urdu Mehandi/urdu per/urdu aapane/urdu install/english kyon/urdu Nahin/urdu hai/urdu acchi/urdu Nahin/urdu lag/urdu rahi/urdu ho/urdu aap/urdu theek/urdu ❤/ambiguous
BaMLBWWvNHA,Tu apna views ka liya ik brand.  Sa ulag raha hai,yes,offensive,na,anger,Tu/urdu apna/urdu views/english ka/urdu liya/urdu ik/urdu brand/english Sa/urdu ulag/urdu raha/urdu hai/urdu
eY0i4nBXqdY,Imran Fatima Mera bhi naam hai😊😊😊😊,no,none,na,joy,urdu/ambiguous urdu/ambiguous urdu/urdu urdu/urdu urdu/urdu urdu/urdu
VUKai4CZSNw,Bhai ma japan ma ho OSAKA ma ajao,no,none,na,joy,Bhai/urdu ma/urdu japan/english ma/urdu ho/urdu OSAKA/english ma/urdu ajao/urdu
EyrNOfyxSBQ,"Of allah kya battamizi he,was epic😂😅",yes,none,na,joy|surprise,english/english urdu/urdu urdu/urdu urdu/urdu english/english english/english
N-0DINjOMlY,Plz don't mind apki easi nmaaz ka kya faida k apki bewi begair dupatty k ghom phir rhi hai sirf nmaz parhna e kafi nahi aur b cheezo ko dekhyn ..,yes,offensive,na,anger,Plz/english don't/english mind/english apki/urdu easi/urdu nmaaz/urdu ka/urdu kya/urdu faida/urdu k/urdu apki/urdu bewi/urdu begair/urdu dupatty/urdu k/urdu ghom/urdu phir/urdu rhi/urdu hai/urdu sirf/urdu nmaz/urdu parhna/urdu e/urdu kafi/urdu nahi/urdu aur/urdu b/urdu cheezo/urdu ko/urdu dekhyn/urdu ../ambiguous
-w7eMfsuRgA,Londa Ji Ko Bhi chief minister bana diya Jaye shyd😂,yes,offensive,na,joy,Londa/urdu Ji/urdu Ko/urdu Bhi/urdu chief/english minister/english bana/urdu diya/urdu Jaye/urdu shyd/urdu
PKFU1F2QEMQ,Aap. K.  Parents.  Ki.  Mehnat.   Kameyaab.   Ho   geiy.,no,none,na,joy,Aap./urdu K./ambiguous Parents./english Ki./urdu Mehnat./urdu Kameyaab./urdu Ho/urdu geiy./urdu
UiYpRBQ74fs,Salma lekm bhai wait karta hoon apke velog ka sadam khan from UAE only pti tiger like 🎉🎉🎉,no,none,na,joy,Salma/urdu lekm/urdu bhai/urdu wait/english karta/urdu hoon/urdu apke/urdu velog/urdu ka/urdu sadam/urdu khan/urdu from/english UAE/english only/english pti/english tiger/english like/english 🎉🎉🎉/ambiguous
BaMLBWWvNHA,wase to bara rajab rajab karta tha ab rajab bura hogaya wah bhai wah dogle insan shame on you zulqarnain😡😡😡😡😡😡😡😡,yes,offensive,na,anger,wase/urdu to/urdu bara/urdu rajab/urdu rajab/urdu karta/urdu tha/urdu ab/urdu rajab/urdu bura/urdu hogaya/urdu wah/urdu bhai/urdu wah/urdu dogle/urdu insan/urdu shame/english on/english you/english zulqarnain/urdu
Erif7Vj9NSQ,Fatima ap kha rhti ha,no,none,na,none,Fatima/ambiguous ap/urdu kha/urdu rhti/urdu ha/urdu
BaMLBWWvNHA,Khandani to aisy hty b ne hn 😅,yes,none,na,joy,Khandani/urdu to/urdu aisy/urdu hty/urdu b/urdu ne/urdu hn/urdu 😅/ambiguous
-w7eMfsuRgA,"AYENI ADALAT KIS LIYE HAI , ESI LIYE .",yes,none,na,anger,"AYENI/urdu ADALAT/urdu KIS/urdu LIYE/urdu HAI/urdu ,/ambiguous ESI/urdu LIYE/urdu ./ambiguous"
IMnXqYDHhZI,zulqr bhai come back,no,none,na,sadness,zulqr/ambiguous bhai/urdu come/english back/english
BljaIOvFkcM,Imran zindabad imran raiz bhai zindabad❤❤❤❤❤❤❤❤❤❤❤❤❤❤❤❤❤❤❤❤,no,none,na,joy,Imran/ambiguous zindabad/urdu imran/ambiguous raiz/urdu bhai/urdu zindabad/urdu
HeZ2VBdJeOk,"Ye apni qaum ku btta TU dyen,
Ic sab cricies ki Kya qimat Kya LI hye.",yes,none,na,anger,Ye/urdu apni/urdu qaum/urdu ku/urdu btta/urdu TU/ambiguous dyen/urdu Ic/ambiguous sab/urdu cricies/english ki/urdu Kya/urdu qimat/urdu Kya/urdu LI/ambiguous hye/urdu
zfjRK9s0pjA,Ma aap sa bohot naraz hoo kiyun Ka aap na haman apni beti ko Nahi dikha ya,no,offensive,na,anger,Ma/urdu aap/urdu sa/urdu bohot/urdu naraz/urdu hoo/urdu kiyun/urdu Ka/urdu aap/urdu na/urdu haman/urdu apni/urdu beti/urdu ko/urdu Nahi/urdu dikha/urdu ya/urdu
EyrNOfyxSBQ,It y green Hy aur phone 😂😂😂,yes,none,na,joy,It/english y/ambiguous green/english Hy/urdu aur/urdu phone/english 😂😂😂/ambiguous
4k0ZV0UFZSw,"Parliament may tu sare US , Israel aue per Asim Munir ke palto kote bayte hai",yes,offensive,na,anger,"Parliament/english may/urdu tu/urdu sare/urdu US/english ,/ambiguous Israel/english aue/urdu per/urdu Asim/urdu Munir/urdu ke/urdu palto/urdu kote/urdu bayte/urdu hai/urdu"
IMnXqYDHhZI,Normal insano wala keya mtlab yar yehi waqt hai jitna kam hota hai kro waqt geya hath nahi ata,yes,none,na,anger,Normal/english insano/urdu wala/urdu keya/urdu mtlab/urdu yar/urdu yehi/urdu waqt/urdu hai/urdu jitna/urdu kam/urdu hota/urdu hai/urdu kro/urdu waqt/urdu geya/urdu hath/urdu nahi/urdu ata/urdu
HeZ2VBdJeOk,"Pti mein koi mard ka bacha he nahi jo Imran khan, awam aur Pakistan k liye stand le sakay",yes,offensive,na,anger,Pti/ambiguous mein/urdu koi/urdu mard/urdu ka/urdu bacha/urdu he/urdu nahi/urdu jo/urdu Imran/urdu khan/urdu awam/urdu aur/urdu Pakistan/urdu k/urdu liye/urdu stand/english le/urdu sakay/urdu
zXAAAXogJ78,20 py kawal api ka dress same mery pas b h boht piyara Dre's h yeh,no,none,na,joy,20/ambiguous py/urdu kawal/urdu api/urdu ka/urdu dress/english same/english mery/urdu pas/urdu b/urdu h/urdu boht/urdu piyara/urdu Dre's/english h/urdu yeh/urdu
nqbNLe84dpM,Mashallah iqra api aj mena pahli bar aapka ful vlog  dekha hai aur mujhe bahut bahut bahut bahut jyada achchi Lagai hai mashallah aapki Jori Allah aapko aise hasta muskurata aur hamesha salamat rakhe aur please aap mere liye bhi Dua kijiega ke jaise mashallah aap areb bhai Hain donon ek dusre se Pyar Karne wale aise Hi Mera Hi Humsafar ho aapko dekhkar mujhe bahut jyada Khushi hoti hai bahut jyada aapko main Bata Nahin sakti plz mra lya dua kijiya ga plzzzzzzzzzzzzzzzzzzzzzzzzzzzzzzzzzzzzzzzzzzzz ❤❤❤❤❤❤❤❤❤❤❤❤❤❤❤❤❤and ap or apki bati love you yrrrrrr mn apki bhot bari fan hun 😘😘😘,no,none,na,joy|surprise,Mashallah/urdu iqra/urdu api/urdu aj/urdu mena/urdu pahli/urdu bar/urdu aapka/urdu ful/english vlog/english dekha/urdu hai/urdu aur/urdu mujhe/urdu bahut/urdu bahut/urdu bahut/urdu bahut/urdu jyada/urdu achchi/urdu Lagai/urdu hai/urdu mashallah/urdu aapki/urdu Jori/urdu Allah/urdu aapko/urdu aise/urdu hasta/urdu muskurata/urdu aur/urdu hamesha/urdu salamat/urdu rakhe/urdu aur/urdu please/english aap/urdu mere/urdu liye/urdu bhi/urdu Dua/urdu kijiega/urdu ke/urdu jaise/urdu mashallah/urdu aap/urdu areb/urdu bhai/urdu Hain/urdu donon/urdu ek/urdu dusre/urdu se/urdu Pyar/urdu Karne/urdu wale/urdu aise/urdu Hi/urdu Mera/urdu Hi/urdu Humsafar/urdu ho/urdu aapko/urdu dekhkar/urdu mujhe/urdu bahut/urdu jyada/urdu Khushi/urdu hoti/urdu hai/urdu bahut/urdu jyada/urdu aapko/urdu main/urdu Bata/urdu Nahin/urdu sakti/urdu plz/english mra/urdu lya/urdu dua/urdu kijiya/urdu ga/urdu plzzzzzzzzzzzzzzzzzzzzzzzzzzzzzzzzzzzzzzzzzzzz/english ❤❤❤❤❤❤❤❤❤❤❤❤❤❤❤❤❤and/english ap/urdu or/english apki/urdu bati/urdu love/english you/english yrrrrrr/english mn/urdu apki/urdu bhot/urdu bari/urdu fan/english hun/urdu 😘😘😘/ambiguous
Erif7Vj9NSQ,Aap mujhe bahut acchi lagti hai❤😊,no,none,na,joy,Aap/urdu mujhe/urdu bahut/urdu acchi/urdu lagti/urdu hai/urdu
VUKai4CZSNw,😂😂😂😂 Moye Moye Japan a k ho gya room mein,yes,none,na,joy|surprise,😂/ambiguous Moye/urdu Moye/urdu Japan/english a/urdu k/urdu ho/urdu gya/urdu room/english mein/urdu
BljaIOvFkcM,toba ya allah itna karza ye hum ny he dina hn any wali nasal ny b😢,no,none,na,sadness,toba/urdu ya/urdu allah/urdu itna/urdu karza/urdu ye/urdu hum/urdu ny/urdu he/urdu dina/urdu hn/urdu any/urdu wali/urdu nasal/urdu ny/urdu b/ambiguous
BljaIOvFkcM,TUUN K RAKHOOOOO KASHMIRI'S WELL-DONE 💪💪💪💪💪💪💪💪💪💪,no,none,na,joy,TUUN/urdu K/urdu RAKHOOOOO/urdu KASHMIRI'S/english WELL-DONE/english 💪💪💪💪💪💪💪💪💪💪/ambiguous
BljaIOvFkcM,jin idaro ne 78 salo se awam par zulm jabar lot mar ki jinki waja se bandooq uthai gai wo shaheed aur mar khane wala dehshatgard  ye kaise,yes,offensive,na,anger,jin/urdu idaro/urdu ne/urdu 78/ambiguous salo/urdu se/urdu awam/urdu par/urdu zulm/urdu jabar/urdu lot/urdu mar/urdu ki/urdu jinki/urdu waja/urdu se/urdu bandooq/urdu uthai/urdu gai/urdu wo/urdu shaheed/urdu aur/urdu mar/urdu khane/urdu wala/urdu dehshatgard/urdu ye/urdu kaise/urdu
nqbNLe84dpM,Hira api ki shadi,no,none,na,none,urdu/urdu urdu/urdu urdu/urdu urdu/urdu
VUKai4CZSNw,Ducky bhai humy doremon ka ghr b dikha do plz,no,none,na,joy,Ducky/english bhai/urdu humy/urdu doremon/english ka/urdu ghr/urdu b/urdu dikha/urdu do/urdu plz/english
N-0DINjOMlY,In-laws walon k liye b lety abrar b tou le aya tha bachoun bhabiyon k liye,yes,none,na,anger,In-laws/english walon/urdu k/urdu liye/urdu b/urdu lety/urdu abrar/urdu b/urdu tou/urdu le/urdu aya/urdu tha/urdu bachoun/urdu bhabiyon/urdu k/urdu liye/urdu
8ksTrbtyTco,8:28 RHS: dekha kesi khi khi ki awazein arhin udhar SE hr CHEEZ hai inke paas hr CHEEZ 😂,yes,none,na,joy,8:28/ambiguous RHS:/english dekha/urdu kesi/urdu khi/urdu khi/urdu ki/urdu awazein/urdu arhin/urdu udhar/urdu SE/urdu hr/urdu CHEEZ/english hai/urdu inke/urdu paas/urdu hr/urdu CHEEZ/english 😂/ambiguous
zXAAAXogJ78,Yh kanwal chlak orat kh rei ham ny nmaz b pari hai Sath show dekha esk 💅 nail polish Kesy lgi hoi jhoti mkar orat,yes,offensive,na,anger,Yh/urdu kanwal/urdu chlak/urdu orat/urdu kh/urdu rei/urdu ham/urdu ny/urdu nmaz/urdu b/urdu pari/urdu hai/urdu Sath/urdu show/english dekha/urdu esk/urdu 💅/ambiguous nail/english polish/english Kesy/urdu lgi/urdu hoi/urdu jhoti/urdu mkar/urdu orat/urdu
IMnXqYDHhZI,Ma buss comints krny i hu.video dakhny ni.ma hr 4thy manth bag Lana hota.juty b hr manth lany hoty suit b Allah ka shukr kfe bna late.pr jsy new chez li 7 hi pichli chez kse zarurt mand ko dy date.kbi b chezy jore ni.agr Jama kru to asy hi sb bhar jy.ya log lgta sal pura chezy jorty pir velog bnaty.,no,none,na,sadness,Ma/urdu buss/urdu comints/english krny/urdu i/english hu.video/english dakhny/urdu ni.ma/urdu hr/urdu 4thy/ambiguous manth/urdu bag/urdu Lana/urdu hota.juty/urdu b/urdu hr/urdu manth/urdu lany/urdu hoty/urdu suit/english b/urdu Allah/urdu ka/urdu shukr/urdu kfe/urdu bna/urdu late.pr/urdu jsy/urdu new/english chez/urdu li/urdu 7/ambiguous hi/urdu pichli/urdu chez/urdu kse/urdu zarurt/urdu mand/urdu ko/urdu dy/urdu date.kbi/urdu b/urdu chezy/urdu jore/urdu ni.agr/urdu Jama/urdu kru/urdu to/urdu asy/urdu hi/urdu sb/urdu bhar/urdu jy.ya/urdu log/urdu lgta/urdu sal/urdu pura/urdu chezy/urdu jorty/urdu pir/urdu velog/urdu bnaty/urdu
EyrNOfyxSBQ,"Extremism is criminal. That's true. But seriously, how do these tiktokers assume that 'aam ghar ki larrki' dreams of this filth?! We have bigger dreams and problems than dancing on the screen. Stupid.",yes,offensive,na,anger,Extremism/english is/english criminal/english That's/english true/english But/english seriously/english how/english do/english these/english tiktokers/english assume/english that/english aam/urdu ghar/urdu ki/urdu larrki/urdu dreams/english of/english this/english filth/english We/english have/english bigger/english dreams/english and/english problems/english than/english dancing/english on/english the/english screen/english Stupid/english
VUKai4CZSNw,We miss the old ducky bhai 😢,no,none,na,sadness,We/english miss/english the/english old/english ducky/english bhai/urdu 😢/ambiguous
nqbNLe84dpM,Fatima orr hira ne khaya hi nhi,no,none,na,none,Fatima/ambiguous orr/urdu hira/ambiguous ne/urdu khaya/urdu hi/urdu nhi/urdu
gvG35CxYOLg,8:22 bhai rabies ka injection utna mahinga nahi hai waise. Mera matlab aap ko agar mera matlab aapko hai zarurat toh lagwalijie😅😅😅😅😅,yes,none,factual,joy,ambiguous/ambiguous bhai/urdu rabies/english ka/urdu injection/english utna/urdu mahinga/urdu nahi/urdu hai/urdu waise/urdu Mera/urdu matlab/urdu aap/urdu ko/urdu agar/urdu mera/urdu matlab/urdu aapko/urdu hai/urdu zarurat/urdu toh/urdu lagwalijie/urdu
nqbNLe84dpM,Maza agya vlog dekh kar,no,none,na,joy,Maza/urdu agya/urdu vlog/english dekh/urdu kar/urdu
EyrNOfyxSBQ,Aj dekhty hai Hazrat Muhammad Ky name ko Kon Kon write karta hai ❤,no,none,na,joy,Aj/urdu dekhty/urdu hai/urdu Hazrat/urdu Muhammad/urdu Ky/urdu name/urdu ko/urdu Kon/urdu Kon/urdu write/english karta/urdu hai/urdu ❤/ambiguous
BaMLBWWvNHA,acha Kya hai Zulqarnain Bhai        😊😊,no,none,na,joy,acha/urdu Kya/urdu hai/urdu Zulqarnain/ambiguous Bhai/urdu 😊😊/ambiguous
IMnXqYDHhZI,8.05 lines hit on me.... exactly sae kha Kuch log aysy e hty srf yahan YouTube family mein ni ye tu hr field ..even though relatives mein bhi hty aysy log ahsaan faramosh,yes,offensive,na,anger|sadness,8.05/ambiguous lines/english hit/english on/english me/english exactly/english sae/urdu kha/urdu Kuch/urdu log/urdu aysy/urdu e/urdu hty/urdu srf/urdu yahan/urdu YouTube/english family/english mein/urdu ni/urdu ye/urdu tu/urdu hr/urdu field/urdu even/english though/english relatives/english mein/urdu bhi/urdu hty/urdu aysy/urdu log/urdu ahsaan/urdu faramosh/urdu
WJxfQWiP9DQ,Lanti koi aur bAat b hy tairay pas,yes,none,na,anger,Lanti/urdu koi/urdu aur/urdu bAat/urdu b/urdu hy/urdu tairay/urdu pas/urdu
gvG35CxYOLg,Bhai 1 million marei average hai,no,none,na,none,Bhai/urdu 1/ambiguous million/english marei/urdu average/english hai/urdu
8ksTrbtyTco,Shahveer Bhai Want To Meet You.... It's An Emergency,yes,none,na,surprise|fear,Shahveer/urdu Bhai/urdu Want/english To/english Meet/english You/english It's/english An/english Emergency/english
IMnXqYDHhZI,Ap logo ny bhi to rajab bhai k sath khaya to kun usy expose kiaaa???,yes,none,na,anger,Ap/urdu logo/urdu ny/urdu bhi/urdu to/urdu rajab/urdu bhai/urdu k/urdu sath/urdu khaya/urdu to/urdu kun/urdu usy/urdu expose/english kiaaa/urdu
gvG35CxYOLg,"Shaveer bhai mery sath yeh challenge krou, you’ll lose 100%",yes,none,na,joy,Shaveer/ambiguous bhai/urdu mery/urdu sath/urdu yeh/urdu challenge/english krou/urdu you'll/english lose/english 100%/english
nqbNLe84dpM,kya aap ko twins babies ache lagte hai,no,none,na,none,kya/urdu aap/urdu ko/urdu twins/english babies/english ache/urdu lagte/urdu hai/urdu
IMnXqYDHhZI,Jo dress apne  wear kara hoawa ioska bata den khn se liya,no,none,na,none,Jo/urdu dress/english apne/urdu wear/english kara/urdu hoawa/urdu ioska/urdu bata/urdu den/urdu khn/urdu se/urdu liya/urdu
VUKai4CZSNw,your vlog are just like magic for me such main depression re;ease hoo jata hai love you yaar 😘,no,none,na,joy|sadness,your/english vlog/english are/english just/english like/english magic/english for/english me/english such/english main/urdu depression/english re;ease/urdu hoo/urdu jata/urdu hai/urdu love/english you/english yaar/urdu 😘/ambiguous
eY0i4nBXqdY,Fatima aapiapko allah bar bar madina ke hazre nasseb  farmahay,no,none,na,joy,Fatima/urdu aapiapko/urdu allah/urdu bar/urdu bar/urdu madina/urdu ke/urdu hazre/urdu nasseb/urdu farmahay/urdu
IMnXqYDHhZI,Mujhy zulqernain bhai ka vlog dakhna ha kanwal api bi Acha banti hain Mara mtlb qalat ni ha wo bi bhut achi hain Mara favorite hain but vlog bhai Acha banty hain kanwal api bhut lambi lambi bat krti ha 😂😂😂 just kidding but hum day first sy bhai apka vlog dakhny ky use to ha to wo kanwal hi ku na ho humy maza ni ata,yes,none,na,joy,Mujhy/urdu zulqernain/urdu bhai/urdu ka/urdu vlog/english dakhna/urdu ha/urdu kanwal/urdu api/urdu bi/urdu Acha/urdu banti/urdu hain/urdu Mara/urdu mtlb/urdu qalat/urdu ni/urdu ha/urdu wo/urdu bi/urdu bhut/urdu achi/urdu hain/urdu Mara/urdu favorite/english hain/urdu but/english vlog/english bhai/urdu Acha/urdu banty/urdu hain/urdu kanwal/urdu api/urdu bhut/urdu lambi/urdu lambi/urdu bat/urdu krti/urdu ha/urdu 😂😂😂/ambiguous just/english kidding/english but/english hum/urdu day/urdu first/english sy/urdu bhai/urdu apka/urdu vlog/english dakhny/urdu ky/urdu use/urdu to/urdu ha/urdu to/urdu wo/urdu kanwal/urdu hi/urdu ku/urdu na/urdu ho/urdu humy/urdu maza/urdu ni/urdu ata/urdu
gvG35CxYOLg,Bhai na mircho ka nashy kr leya 😅,yes,none,na,joy|surprise,Bhai/urdu na/urdu mircho/urdu ka/urdu nashy/urdu kr/urdu leya/urdu 😅/ambiguous
BaMLBWWvNHA,3 million views meli h wo esly qn ko Rajab Bhai ka mam leki video bani h ek hee na firr ❤🫶,no,none,na,joy,3/ambiguous million/english views/english meli/urdu h/urdu wo/urdu esly/urdu qn/urdu ko/urdu Rajab/urdu Bhai/urdu ka/urdu mam/urdu leki/urdu video/english bani/urdu h/urdu ek/urdu hee/urdu na/urdu firr/urdu ❤🫶/ambiguous
FH8OUP2_sN4,Chota iphone ka price nhi bataya 🙁,no,none,na,sadness,Chota/urdu iphone/english ka/urdu price/english nhi/urdu bataya/urdu 🙁/ambiguous
-w7eMfsuRgA,Apne leaders ko jail se churwane k bajaie maal o ohde  k lalachme in jarnelon  k haath mazbut kar rahe hen,yes,offensive,na,anger,Apne/urdu leaders/english ko/urdu jail/english se/urdu churwane/urdu k/urdu bajaie/urdu maal/urdu o/urdu ohde/urdu k/urdu lalachme/urdu in/urdu jarnelon/urdu k/urdu haath/urdu mazbut/urdu kar/urdu rahe/urdu hen/urdu
BljaIOvFkcM,400 sy ziada log shaheed krwai hain mistri sb ny aur Balochistan me to hazaron mei,no,offensive,na,anger|sadness,ambiguous/ambiguous urdu/urdu urdu/urdu urdu/urdu urdu/urdu urdu/urdu urdu/urdu urdu/urdu urdu/urdu urdu/urdu urdu/urdu urdu/urdu urdu/urdu urdu/urdu urdu/urdu urdu/urdu
IMnXqYDHhZI,Koi sharm hai ke nhi sharm krp aaag lge tumharey shoes ko mashaAllah keh rhee ho lanat hai tum pe hazar bar aaag lge tumharey ghar r shoes ko Allah ka naam kaha use kr rhe hai koi musalmaan hai ke nhi pakistan  mey plzz is pe aktion ly koi,yes,offensive,na,anger,Koi/urdu sharm/urdu hai/urdu ke/urdu nhi/urdu sharm/urdu krp/urdu aaag/urdu lge/urdu tumharey/urdu shoes/english ko/urdu mashaAllah/urdu keh/urdu rhee/urdu ho/urdu lanat/urdu hai/urdu tum/urdu pe/urdu hazar/urdu bar/urdu aaag/urdu lge/urdu tumharey/urdu ghar/urdu r/ambiguous shoes/english ko/urdu Allah/urdu ka/urdu naam/urdu kaha/urdu use/english kr/urdu rhe/urdu hai/urdu koi/urdu musalmaan/urdu hai/urdu ke/urdu nhi/urdu pakistan/urdu mey/urdu plzz/english is/english pe/urdu aktion/english ly/urdu koi/urdu
4k0ZV0UFZSw,"Goli q chlai ?
Ay hakmy wakt tery aor tery spotars dono k kardar py thoooooooo 🖐️",yes,offensive,na,anger,Goli/urdu q/ambiguous chlai/urdu ?/ambiguous Ay/urdu hakmy/urdu wakt/urdu tery/urdu aor/urdu tery/urdu spotars/english dono/urdu k/urdu kardar/urdu py/urdu thoooooooo/urdu 🖐️/ambiguous
BmpRnfu16YA,Haya tu sab se ameer nikli level ka ghr he Masha allah ❤️😭💫🙈,no,none,na,joy|surprise,Haya/ambiguous tu/urdu sab/urdu se/urdu ameer/urdu nikli/urdu level/english ka/urdu ghr/urdu he/urdu Masha/urdu allah/urdu ❤️😭💫🙈/ambiguous
BljaIOvFkcM,Yeh generals hi real ghaddar hai. Jo ain ko nai mantay.,yes,offensive,na,anger,Yeh/urdu generals/english hi/urdu real/english ghaddar/urdu hai/urdu Jo/urdu ain/urdu ko/urdu nai/urdu mantay/urdu
BaMLBWWvNHA,Kute bas bhonk te raha ge 😂😎 ye zulqernain bhi un kuton me se ha 😎😎 jo abhi bhao bhao ker reha ha,yes,offensive,na,joy|anger,Kute/urdu bas/urdu bhonk/urdu te/urdu raha/urdu ge/urdu 😂😎/ambiguous ye/urdu zulqernain/urdu bhi/urdu un/urdu kuton/urdu me/urdu se/urdu ha/urdu 😎😎/ambiguous jo/urdu abhi/urdu bhao/urdu bhao/urdu ker/urdu reha/urdu ha/urdu
-w7eMfsuRgA,"GILL SAB VERY GREAT SPEACH TODAY ... ACHI WAZAHT KI SARY SYSTEM KI . AT THE END ELECTION CHORI K NUKSANAT SHORT TURMS MAI EXPLAIN KR DIA
..",no,none,na,joy,GILL/urdu SAB/urdu VERY/english GREAT/english SPEACH/english TODAY/english .../ambiguous ACHI/urdu WAZAHT/urdu KI/urdu SARY/urdu SYSTEM/english KI/urdu ./ambiguous AT/english THE/english END/english ELECTION/english CHORI/urdu K/urdu NUKSANAT/urdu SHORT/english TURMS/english MAI/urdu EXPLAIN/english KR/urdu DIA/urdu .../ambiguous
XHQrr9fmTkc,Pagal Rabia muja bill kull nahi pass and ha 😏😏😏😏😒😒😒Fatima API beatifull hair 🥰😍😘,yes,none,na,joy,Pagal/urdu Rabia/urdu muja/urdu bill/english kull/urdu nahi/urdu pass/english and/english ha/urdu Fatima/urdu API/english beatifull/english hair/english
XHQrr9fmTkc,"Fatima api AP ke bal , hazar  rupee or car yellow NAHI hai",yes,none,na,anger,"Fatima/urdu api/urdu AP/english ke/urdu bal/urdu ,/ambiguous hazar/urdu rupee/urdu or/english car/english yellow/english NAHI/urdu hai/urdu"
eY0i4nBXqdY,Hijab me ap donon bohut cute lgti ho,no,none,na,joy,english/english urdu/urdu urdu/urdu urdu/urdu urdu/urdu english/english urdu/urdu urdu/urdu
8ksTrbtyTco,Shahveer bhai cheating ki ha apne🫵🏻,no,offensive,na,anger,urdu/ambiguous urdu/urdu english/english urdu/urdu urdu/urdu urdu/urdu
nqbNLe84dpM,iqra ko bhi khilate jolo chips,yes,none,na,joy,iqra/ambiguous ko/urdu bhi/urdu khilate/urdu jolo/english chips/english
-w7eMfsuRgA,Well done 👍👍👍 gill sab ap nay bohat zabardast batain ki hain,no,none,na,joy,Well/english done/english 👍👍👍/ambiguous gill/urdu sab/urdu ap/urdu nay/urdu bohat/urdu zabardast/urdu batain/urdu ki/urdu hain/urdu
IMnXqYDHhZI,Samajh nai ata ye log hesab kesy dengy Allah ko,yes,none,na,anger,Samajh/urdu nai/urdu ata/urdu ye/urdu log/urdu hesab/urdu kesy/urdu dengy/urdu Allah/ambiguous ko/urdu
EyrNOfyxSBQ,Gerat nai bgerat hona cahiye tha name is short movie ka dekho bana kon raha gerat k name par film😂😂😂😂,yes,none,na,joy|surprise,Gerat/urdu nai/urdu bgerat/urdu hona/urdu cahiye/urdu tha/urdu name/english is/english short/english movie/english ka/urdu dekho/urdu bana/urdu kon/urdu raha/urdu gerat/urdu k/urdu name/urdu par/urdu film/english
nqbNLe84dpM,Iqra api ananya k kab face reveal karo gei please reply,no,none,na,none,Iqra/ambiguous api/urdu ananya/ambiguous k/urdu kab/urdu face/english reveal/english karo/urdu gei/urdu please/english reply/english
nqbNLe84dpM,First time village acha lga,no,none,na,joy,First/english time/english village/english acha/urdu lga/urdu
FH8OUP2_sN4,Meme men amazon prime ka logo a raha h @duckybhai remove kr den aisa na ho k copyright a jaye,no,none,na,fear,Meme/english men/urdu amazon/english prime/english ka/urdu logo/english a/urdu raha/urdu h/urdu @duckybhai/english remove/english kr/urdu den/urdu aisa/urdu na/urdu ho/urdu k/urdu copyright/english a/urdu jaye/urdu
XHQrr9fmTkc,Woh alagi level ka bandi the  Fatima appi so fani😂😂🥰,no,none,na,joy|surprise,Woh/urdu alagi/urdu level/english ka/urdu bandi/urdu the/urdu Fatima/ambiguous appi/urdu so/urdu fani/urdu
zXAAAXogJ78,Bahi ap k vlog kyon Nahin a Rahe,no,none,na,sadness,Bahi/urdu ap/urdu k/urdu vlog/english kyon/urdu Nahin/urdu a/urdu Rahe/urdu
4k0ZV0UFZSw,Imran Bhai 20 tarikh batao kabhi bhi baat kar raha hai na tarikh batao,yes,none,na,anger,Imran/ambiguous Bhai/urdu 20/ambiguous tarikh/urdu batao/urdu kabhi/urdu bhi/urdu baat/urdu kar/urdu raha/urdu hai/urdu na/urdu tarikh/urdu batao/urdu
VUKai4CZSNw,Ducky Bhai big meetup karo❤,no,none,na,joy,urdu/ambiguous urdu/urdu english/english english/english urdu/urdu
HeZ2VBdJeOk,Imran sahib pti ke qayadat boot chatne wale begarto ha bozdil aur begarat be ha qabi shobaz ardle ke halaf nahe bolle ge opar se hokam aae ga bolna maat,no,offensive,na,anger,urdu/urdu sahib/urdu pti/ambiguous ke/urdu qayadat/urdu boot/urdu chatne/urdu wale/urdu begarto/urdu ha/urdu bozdil/urdu aur/urdu begarat/urdu be/urdu ha/urdu qabi/urdu shobaz/urdu ardle/urdu ke/urdu halaf/urdu nahe/urdu bolle/urdu ge/urdu opar/urdu se/urdu hokam/urdu aae/urdu ga/urdu bolna/urdu maat/urdu
VUKai4CZSNw,Yeh log apni ayashi k liye bacha paida nhi karty bacha ho gaya to yeh sub band ho jayega,yes,offensive,na,anger,Yeh/urdu log/urdu apni/urdu ayashi/urdu k/urdu liye/urdu bacha/urdu paida/urdu nhi/urdu karty/urdu bacha/urdu ho/urdu gaya/urdu to/urdu yeh/urdu sub/urdu band/urdu ho/urdu jayega/urdu
nqbNLe84dpM,Yee gushti larki kahiii salo s3 koshish kar rahi thi famous hojae leken abbb is kutia nay begertia shoro kardi,yes,hate,na,anger,Yee/urdu gushti/urdu larki/urdu kahiii/urdu salo/urdu s3/ambiguous koshish/urdu kar/urdu rahi/urdu thi/urdu famous/english hojae/urdu leken/urdu abbb/ambiguous is/urdu kutia/urdu nay/urdu begertia/urdu shoro/urdu kardi/urdu
N-0DINjOMlY,choti c baat ko b kitnaaaaaaa khenchta hai ye,yes,none,na,anger,choti/urdu c/english baat/urdu ko/urdu b/english kitnaaaaaaa/urdu khenchta/urdu hai/urdu ye/urdu
BmpRnfu16YA,Fatima API mare bhi Nikal gai ha,yes,none,na,surprise,Fatima/ambiguous API/english mare/urdu bhi/urdu Nikal/urdu gai/urdu ha/urdu
BljaIOvFkcM,Sab ne mazey le liye hakoomat k mulk ka sawa stayanaas krney k baad inko yad aa gya keh insaaf ni hoa,yes,none,na,anger,Sab/urdu ne/urdu mazey/urdu le/urdu liye/urdu hakoomat/urdu k/urdu mulk/urdu ka/urdu sawa/urdu stayanaas/urdu krney/urdu k/urdu baad/urdu inko/urdu yad/urdu aa/urdu gya/urdu keh/urdu insaaf/urdu ni/urdu hoa/urdu
8ksTrbtyTco,Teri biwi saar ki dard hey😢,no,none,na,sadness,Teri/urdu biwi/urdu saar/urdu ki/urdu dard/urdu hey/urdu
IMnXqYDHhZI,Kanwal g ap yeah naak wali nath otar den kyun yeah Naath humhray Gaon may janwron ko Dali jati hai,yes,offensive,na,anger,Kanwal/ambiguous g/urdu ap/urdu yeah/english naak/urdu wali/urdu nath/urdu otar/urdu den/urdu kyun/urdu yeah/english Naath/urdu humhray/urdu Gaon/urdu may/urdu janwron/urdu ko/urdu Dali/urdu jati/urdu hai/urdu
hhFGhAo4ZfY,Eyes pe oatti bandho,yes,none,na,none,Eyes/english pe/urdu oatti/urdu bandho/urdu
zXAAAXogJ78,Full enjoy kia ha ma ny,no,none,na,joy,Full/english enjoy/english kia/urdu ha/urdu ma/urdu ny/urdu
UiYpRBQ74fs,Imran Riaz khan zindabad apki jurat bahaduri KO salam,no,none,na,joy,Imran/ambiguous Riaz/ambiguous khan/urdu zindabad/urdu apki/urdu jurat/urdu bahaduri/urdu KO/urdu salam/urdu
WJxfQWiP9DQ,"Manir ka koi kasura nahi khoti k bachey 15,20 ya 25 jarnel wo tamsha dhak rhey hain wo sab kucha kar saktey hain is ko jhela main bhejey",yes,offensive,na,anger,"Manir/ambiguous ka/urdu koi/urdu kasura/urdu nahi/urdu khoti/urdu k/urdu bachey/urdu 15,20/ambiguous ya/urdu 25/ambiguous jarnel/urdu wo/urdu tamsha/urdu dhak/urdu rhey/urdu hain/urdu wo/urdu sab/urdu kucha/urdu kar/urdu saktey/urdu hain/urdu is/urdu ko/urdu jhela/urdu main/urdu bhejey/urdu"
zfjRK9s0pjA,Main bhi ek ladki hun aur aap beti ko bahut lambi jindagi hai,no,none,na,joy,Main/urdu bhi/urdu ek/urdu ladki/urdu hun/urdu aur/urdu aap/urdu beti/urdu ko/urdu bahut/urdu lambi/urdu jindagi/urdu hai/urdu
nqbNLe84dpM,Hira ka makeup bahut khubsurat hai I like it Hira bahut khubsurat lag rahi hai use makeup mein ❤,no,none,na,joy,Hira/urdu ka/urdu makeup/english bahut/urdu khubsurat/urdu hai/urdu I/english like/english it/english Hira/urdu bahut/urdu khubsurat/urdu lag/urdu rahi/urdu hai/urdu use/urdu makeup/english mein/urdu ❤/ambiguous
VUKai4CZSNw,Ducky bhai army sport me Rukhsan khokhar 😢😢❤❤❤❤,no,none,na,sadness,Ducky/english bhai/urdu army/english sport/english me/urdu Rukhsan/urdu khokhar/urdu 😢😢❤❤❤❤/ambiguous
FH8OUP2_sN4,Justice for ducky bhai,no,none,na,none,Justice/english for/english ducky/english bhai/urdu
BljaIOvFkcM,"Jarneyl apne maqsad k boht kareeb hain, jald unka mishion complete hone wala ha. Is bar mulk k beyshumar tukray hon ge.",yes,hate,misinfo,anger|fear,Jarneyl/ambiguous apne/urdu maqsad/urdu k/urdu boht/urdu kareeb/urdu hain/urdu jald/urdu unka/urdu mishion/english complete/english hone/urdu wala/urdu ha/urdu Is/english bar/urdu mulk/urdu k/urdu beyshumar/urdu tukray/urdu hon/urdu ge/urdu
eY0i4nBXqdY,Hamra Liya bi dwa karna Ka ham bi Madina ki sarayat kara,no,none,na,none,Hamra/urdu Liya/urdu bi/urdu dwa/urdu karna/urdu Ka/urdu ham/urdu bi/urdu Madina/urdu ki/urdu sarayat/urdu kara/urdu
PKFU1F2QEMQ,Mashallah  ❤❤ Allah pak aapko ghar mein rahana naseeb Karen Ameen summa 🤲💟❤🎉,no,none,na,joy,Mashallah/urdu ❤❤/ambiguous Allah/urdu pak/urdu aapko/urdu ghar/urdu mein/urdu rahana/urdu naseeb/urdu Karen/urdu Ameen/urdu summa/urdu 🤲💟❤🎉/ambiguous
EyrNOfyxSBQ,Jis ne ai video bnai usk Sath q ni bura hua usko q ni pakra gya ????,yes,none,na,anger,Jis/urdu ne/urdu ai/urdu video/english bnai/urdu usk/urdu Sath/urdu q/urdu ni/urdu bura/urdu hua/urdu usko/urdu q/urdu ni/urdu pakra/urdu gya/urdu ???/ambiguous
VUKai4CZSNw,Ducky Bhai Doraemon ki ghar ki video banana,no,none,na,none,english/ambiguous urdu/ambiguous english/ambiguous urdu/urdu urdu/urdu urdu/urdu english/english urdu/urdu
XHQrr9fmTkc,Api please Hira Api ky Sath prank karey h lux award ky tootny ka how agree,yes,none,na,joy|surprise,Api/urdu please/english Hira/urdu Api/urdu ky/urdu Sath/urdu prank/english karey/urdu h/urdu lux/english award/english ky/urdu tootny/urdu ka/urdu how/english agree/english
XHQrr9fmTkc,Fatima api rabia hira api ki filam kau nahi a rahi😢❤😮😅ham intazar kar rahi hai 🎉😢😮,no,none,na,sadness|joy|surprise,Fatima/urdu api/urdu rabia/urdu hira/urdu api/urdu ki/urdu filam/urdu kau/urdu nahi/urdu a/urdu rahi/urdu intazar/urdu kar/urdu rahi/urdu hai/urdu
eY0i4nBXqdY,Atma tum kahan rahti Ho Karachi mein rahti ho ya lohar mein rahti Ho,no,none,na,none,Atma/ambiguous tum/urdu kahan/urdu rahti/urdu Ho/urdu Karachi/urdu mein/urdu rahti/urdu ho/urdu ya/urdu lohar/urdu mein/urdu rahti/urdu Ho/urdu
BljaIOvFkcM,Mushtaq sahib foj k chakle main ho ge,yes,none,na,none,Mushtaq/urdu sahib/urdu foj/urdu k/urdu chakle/urdu main/urdu ho/urdu ge/urdu
BaMLBWWvNHA,Wo furniture free me nhi le rha tha pese diye they 😂😂😂😂 had he wese,yes,none,na,joy,Wo/urdu furniture/english free/english me/urdu nhi/urdu le/urdu rha/urdu tha/urdu pese/urdu diye/urdu they/english 😂😂😂😂/ambiguous had/english he/urdu wese/urdu
hhFGhAo4ZfY,Waqas Bhai qari SB KO ly Kar ao,no,none,na,none,Waqas/ambiguous Bhai/urdu qari/urdu SB/english KO/urdu ly/urdu Kar/urdu ao/urdu
IMnXqYDHhZI,Awam pagal nai jo pichy parh jayegi,yes,none,na,anger,Awam/urdu pagal/urdu nai/urdu jo/urdu pichy/urdu parh/urdu jayegi/urdu
IMnXqYDHhZI,Kawal api plz bata dy pink suit wala bag kaha sa liya tha ???,no,none,na,none,urdu/urdu api/urdu plz/english bata/urdu dy/urdu pink/english suit/english wala/urdu bag/english kaha/urdu sa/urdu liya/urdu tha/urdu ???/ambiguous
4k0ZV0UFZSw,Imran Saab aaj  doller Ka rate bi batoo  Imran khan  2019 dollar AUR 2026 mein dollar  Ka rate,yes,none,na,none,Imran/urdu Saab/urdu aaj/urdu doller/english Ka/urdu rate/english bi/urdu batoo/urdu Imran/urdu khan/english 2019/ambiguous dollar/english AUR/urdu 2026/ambiguous mein/urdu dollar/english Ka/urdu rate/english
BaMLBWWvNHA,Ji oye zulqer wo kehta he ke me father of social media hu lekin ye AP ho,yes,offensive,na,anger|surprise,Ji/urdu oye/urdu zulqer/ambiguous wo/urdu kehta/urdu he/urdu ke/urdu me/urdu father/english of/english social/english media/english hu/urdu lekin/urdu ye/urdu AP/ambiguous ho/urdu
eY0i4nBXqdY,Lekin pichhle blog mein to aapko bhi anxiety hui thi abhi bolo bolo😊😅😂  mein majak Karun Taki aap logon ko mood achcha ho jaaye❤,yes,none,na,joy|surprise,Lekin/urdu pichhle/urdu blog/english mein/urdu to/urdu aapko/urdu bhi/urdu anxiety/english hui/urdu thi/urdu abhi/urdu bolo/urdu bolo/urdu mein/urdu majak/urdu Karun/urdu Taki/urdu aap/urdu logon/urdu ko/urdu mood/english achcha/urdu ho/urdu jaaye/urdu
FH8OUP2_sN4,Ducky bhai ❤❤❤❤❤ ka level apna ha,no,none,na,joy,english/english bhai/urdu ❤❤❤❤❤/ambiguous ka/urdu level/english apna/urdu ha/urdu
IMnXqYDHhZI,apni okath bol gaie ho jab tara pass 1 kala soit hota tha jo phin kar tm rekshah chlthe the😂😂😂,yes,none,na,joy,apni/urdu okath/urdu bol/urdu gaie/urdu ho/urdu jab/urdu tara/urdu pass/urdu 1/ambiguous kala/urdu soit/urdu hota/urdu tha/urdu jo/urdu phin/urdu kar/urdu tm/urdu rekshah/urdu chlthe/urdu the/urdu
zXAAAXogJ78,Kutte ke bacche bahut Vinod kyon Nahin dalta,yes,offensive,na,anger,Kutte/urdu ke/urdu bacche/urdu bahut/urdu Vinod/ambiguous kyon/urdu Nahin/urdu dalta/urdu
zXAAAXogJ78,Horror prank karo zulqarnain Bhai ❤,no,none,na,joy,Horror/english prank/english karo/urdu zulqarnain/ambiguous Bhai/urdu ❤/ambiguous
-w7eMfsuRgA,Pakistan per fauj musalat hai,no,none,na,none,Pakistan/ambiguous per/urdu fauj/urdu musalat/urdu hai/urdu
IMnXqYDHhZI,Maza a ra kanwal api ko itna zyada vlog ma dekh k i love her,no,none,na,joy,Maza/urdu a/urdu ra/urdu kanwal/ambiguous api/urdu ko/urdu itna/urdu zyada/urdu vlog/english ma/urdu dekh/urdu k/urdu i/english love/english her/english
4k0ZV0UFZSw,Best good great vilog bhai imran 🥰🥰🥰🥰🥰🥰🥰🥰🥰🥰🥰🥰🥰🥰🥰🥰,no,none,na,joy,Best/english good/english great/english vilog/urdu bhai/urdu imran/urdu 🥰/ambiguous
zXAAAXogJ78,Zulqarnain jese tum dosro ke khane pe mouh bana rahe ho na kha tum khud b wese hi rahe ho dangro ki tarah to ye nafrat wala mouh banane ki zarort kia hai,yes,offensive,na,anger,Zulqarnain/urdu jese/urdu tum/urdu dosro/urdu ke/urdu khane/urdu pe/urdu mouh/urdu bana/urdu rahe/urdu ho/urdu na/urdu kha/urdu tum/urdu khud/urdu b/urdu wese/urdu hi/urdu rahe/urdu ho/urdu dangro/urdu ki/urdu tarah/urdu to/urdu ye/urdu nafrat/urdu wala/urdu mouh/urdu banane/urdu ki/urdu zarort/urdu kia/urdu hai/urdu
8ksTrbtyTco,Shameer  k challenge me hi challenge mil gaya when stove was not working,yes,none,na,surprise|joy,Shameer/ambiguous k/urdu challenge/english me/urdu hi/urdu challenge/english mil/urdu gaya/urdu when/english stove/english was/english not/english working/english
BaMLBWWvNHA,Butt sa nahi bolna hai,no,none,na,none,urdu/urdu sa/urdu nahi/urdu bolna/urdu hai/urdu
IMnXqYDHhZI,"Achcha vlog banaya aapne per zulqarnain  bhai ka screen time kam ho gya aaapko dekhar vloging karte hue Acha laga ,,,,,love from 🇮🇳 🇮🇳 🇮🇳 🇮🇳 🇮🇳 🇮🇳 🇮🇳 🇮🇳 🇮🇳 🇮🇳 🇮🇳 🇮🇳 🇮🇳 🇮🇳 🇮🇳 🇮🇳 India,,,,❤❤❤❤❤❤❤❤❤❤❤❤daily vlog dekhte hain aapka jabse aapki shaadi hui hai tabhi se ek bhi vlog skip nhi hai ,,,,,,,,more love from our country ,,,,,,,khaana khaane aur taajmahal dekhne zarur aana future me allaha aapko salamat rakhe khush abaad rakhe ❤❤❤❤❤❤❤❤❤❤❤🇮🇳🇮🇳🇮🇳🇮🇳🇮🇳🇮🇳🇮🇳🇮🇳🇮🇳🇮🇳🇮🇳🇮🇳🇮🇳🇮🇳🇮🇳🇮🇳🇮🇳🇮🇳🇮🇳🇮🇳🇮🇳🇮🇳🇮🇳🇮🇳🇮🇳🇮🇳🇮🇳🇮🇳🇮🇳🇮🇳🇮🇳🇮🇳🇮🇳🇮🇳♥️♥️♥️♥️♥️♥️♥️♥️♥️♥️♥️♥️♥️♥️♥️♥️♥️♥️",no,none,na,joy,Achcha/urdu vlog/english banaya/urdu aapne/urdu per/urdu zulqarnain/urdu bhai/urdu ka/urdu screen/english time/english kam/urdu ho/urdu gya/urdu aaapko/urdu dekhar/urdu vloging/english karte/urdu hue/urdu Acha/urdu laga/urdu love/english from/english India/english daily/english vlog/english dekhte/urdu hain/urdu aapka/urdu jabse/urdu aapki/urdu shaadi/urdu hui/urdu hai/urdu tabhi/urdu se/urdu ek/urdu bhi/urdu vlog/english skip/english nhi/urdu hai/urdu more/english love/english from/english our/english country/english khaana/urdu khaane/urdu aur/urdu taajmahal/urdu dekhne/urdu zarur/urdu aana/urdu future/english me/urdu allaha/urdu aapko/urdu salamat/urdu rakhe/urdu khush/urdu abaad/urdu rakhe/urdu
zfjRK9s0pjA,Inshallah aapki beti ho gai Allah Pak aap ki beti ke Naseeb bacche Karen aamin😢😢😊,no,none,na,joy|sadness,Inshallah/urdu aapki/urdu beti/urdu ho/urdu gai/urdu Allah/urdu Pak/urdu aap/urdu ki/urdu beti/urdu ke/urdu Naseeb/urdu bacche/urdu Karen/urdu aamin/urdu
BmpRnfu16YA,"Haram  ka pesa hota hai na jab to itne bare ghr he bante hen
Jiska halal ka pesa hota hai uske chote ghr hote hen lekin deen o emaan wale hote hen
Inke to haram k pese hote hen",yes,offensive,na,anger,Haram/urdu ka/urdu pesa/urdu hota/urdu hai/urdu na/urdu jab/urdu to/urdu itne/urdu bare/urdu ghr/urdu he/urdu bante/urdu hen/urdu Jiska/urdu halal/urdu ka/urdu pesa/urdu hota/urdu hai/urdu uske/urdu chote/urdu ghr/urdu hote/urdu hen/urdu lekin/urdu deen/urdu o/urdu emaan/urdu wale/urdu hote/urdu hen/urdu Inke/urdu to/urdu haram/urdu k/urdu pese/urdu hote/urdu hen/urdu
WJxfQWiP9DQ,❤❤❤ v ne ❤❤❤ bro ❤❤❤,no,none,na,joy,ambiguous/ambiguous v/english ne/urdu ambiguous/ambiguous bro/english ambiguous/ambiguous
VUKai4CZSNw,Ducky bhai thnku soo muchh apne jo ONLINE WORKING btaii thii masha Allah mujhy os se bra benefit ho rha ha 😍 monthly 40-50k earn kr rhii hun Alhamdulilah apka bohat shukriya itni achi working k bary m guide krny k liy ☺,no,none,na,joy|surprise,Ducky/ambiguous bhai/urdu thnku/english soo/english muchh/english apne/urdu jo/urdu ONLINE/english WORKING/english btaii/urdu thii/urdu masha/urdu Allah/urdu mujhy/urdu os/urdu se/urdu bra/urdu benefit/english ho/urdu rha/urdu ha/urdu 😍/ambiguous monthly/english 40-50k/english earn/english kr/urdu rhii/urdu hun/urdu Alhamdulilah/urdu apka/urdu bohat/urdu shukriya/urdu itni/urdu achi/urdu working/english k/urdu bary/urdu m/urdu guide/english krny/urdu k/urdu liy/urdu ☺/ambiguous
BaMLBWWvNHA,To Fir Tumhara 3 milian Kyon hai aur Rajab baithkar 9 milian Kabhi Tum Dil saaf Rakhta To Ham bhi Tujhe subscribe karte😂,yes,offensive,na,anger|joy,urdu/urdu Fir/urdu Tumhara/urdu 3/ambiguous milian/urdu Kyon/urdu hai/urdu aur/urdu Rajab/urdu baithkar/urdu 9/ambiguous milian/urdu Kabhi/urdu Tum/urdu Dil/urdu saaf/urdu Rakhta/urdu To/urdu Ham/urdu bhi/urdu Tujhe/urdu subscribe/english karte/urdu
N-0DINjOMlY,11:48 Teri Behan ki chut begarit insan apna Mou ly Kar vol g shuru Kar dety ho kanwal tho dikhaw phr views ay Gy,yes,hate,na,anger,ambiguous/ambiguous Teri/urdu Behan/urdu ki/urdu chut/urdu begarit/urdu insan/urdu apna/urdu Mou/urdu ly/urdu Kar/urdu vol/urdu g/urdu shuru/urdu Kar/urdu dety/urdu ho/urdu kanwal/urdu tho/urdu dikhaw/urdu phr/urdu views/english ay/urdu Gy/urdu
zfjRK9s0pjA,😊 itna Pyar Nahin aapke pass Allah hai,no,none,na,joy|sadness,ambiguous/ambiguous itna/urdu Pyar/urdu Nahin/urdu aapke/urdu pass/urdu Allah/ambiguous hai/urdu
nqbNLe84dpM,Kya reaction hai 🤪😂,yes,none,na,joy|surprise,Kya/urdu reaction/english hai/urdu 🤪😂/ambiguous
-w7eMfsuRgA,Pak ko na chorny ka naya plan,yes,none,na,anger,Pak/urdu ko/urdu na/urdu chorny/urdu ka/urdu naya/urdu plan/english
UiYpRBQ74fs,"aaj shair lag raha
haiy, aisay hee bola kar,inko izzit mat dia kar,yeh iss kaiy qabil nahain hain😊",yes,offensive,na,anger,aaj/urdu shair/urdu lag/urdu raha/urdu haiy/urdu aisay/urdu hee/urdu bola/urdu kar/urdu inko/urdu izzit/urdu mat/urdu dia/urdu kar/urdu yeh/urdu iss/urdu kaiy/urdu qabil/urdu nahain/urdu hain/urdu
VUKai4CZSNw,Is texi ka bachy ko dakhna walo ka b allah hafiz h,yes,none,na,sadness,Is/ambiguous texi/urdu ka/urdu bachy/urdu ko/urdu dakhna/urdu walo/urdu ka/urdu b/urdu allah/urdu hafiz/urdu h/urdu
4k0ZV0UFZSw,Wa alekum aslam Bhai Allah pak apni hifzoaman men rkhy Ameen sum Ameen ❤❤❤❤❤,no,none,na,joy,Wa/urdu alekum/urdu aslam/urdu Bhai/urdu Allah/urdu pak/urdu apni/urdu hifzoaman/urdu men/urdu rkhy/urdu Ameen/urdu sum/ambiguous Ameen/urdu ❤❤❤❤❤/ambiguous
nqbNLe84dpM,"Api ap boht intezar kar lia hn plz plz plz 🙏🙏 
Anaviya ka face reveal kar dein plz plz plz 🙏",no,none,na,joy|surprise,Api/urdu ap/urdu boht/urdu intezar/urdu kar/urdu lia/urdu hn/urdu plz/english plz/english plz/english 🙏🙏/ambiguous Anaviya/urdu ka/urdu face/english reveal/english kar/urdu dein/urdu plz/english plz/english plz/english 🙏/ambiguous
Erif7Vj9NSQ,Job block banaa rahi hai uska naam kya hai,no,none,na,none,Job/english block/english banaa/urdu rahi/urdu hai/urdu uska/urdu naam/urdu kya/urdu hai/urdu
VUKai4CZSNw,Plz doremon ka ghar b dikha do❤,no,none,na,joy,english/english doremon/ambiguous ka/urdu ghar/urdu b/urdu dikha/urdu do/urdu
XHQrr9fmTkc,Fatima API AP reply ni kartie,no,none,na,anger,urdu/urdu API/english AP/english reply/english ni/urdu kartie/urdu
PKFU1F2QEMQ,",
Zarap py mera naam Tara Hai",no,none,na,none,",/ambiguous Zarap/urdu py/urdu mera/urdu naam/urdu Tara/ambiguous Hai/urdu"
eY0i4nBXqdY,Ma bhi 5 dafa gai hon 😊,no,none,na,joy,Ma/urdu bhi/urdu 5/ambiguous dafa/urdu gai/urdu hon/urdu 😊/ambiguous
EyrNOfyxSBQ,2mnt ki flm 😂😂😂,yes,none,na,joy|surprise,ambiguous/ambiguous ki/urdu flm/urdu 😂😂😂/ambiguous
4k0ZV0UFZSw,"Khan sahab Kuch salon Baad AP bhi wazere,alla Punjab hongy teyar rahy pher naa kehna k meny to esa Socha bhi kbhi nhi",yes,none,na,anger,Khan/urdu sahab/urdu Kuch/urdu salon/urdu Baad/urdu AP/urdu bhi/urdu wazere/urdu alla/urdu Punjab/urdu hongy/urdu teyar/urdu rahy/urdu pher/urdu naa/urdu kehna/urdu k/urdu meny/urdu to/urdu esa/urdu Socha/urdu bhi/urdu kbhi/urdu nhi/urdu
eY0i4nBXqdY,I Fatima Yahan per Mera papa rahte hain,no,none,na,none,english/english Fatima/ambiguous Yahan/urdu per/urdu Mera/urdu papa/urdu rahte/urdu hain/urdu
BmpRnfu16YA,Mashallah buhat pyara Ghar ha ha ya ka❤❤❤,no,none,na,joy,Mashallah/urdu buhat/urdu pyara/urdu Ghar/urdu ha/ambiguous ha/ambiguous ya/ambiguous ka/urdu
gvG35CxYOLg,"Shahveer bro ultimate entertainer better then aaj meri biwi naraz hai aaj maine bhai ko 
Mara vlogs",no,none,na,joy,Shahveer/ambiguous bro/english ultimate/english entertainer/english better/english then/english aaj/urdu meri/urdu biwi/urdu naraz/urdu hai/urdu aaj/urdu maine/urdu bhai/urdu ko/urdu Mara/urdu vlogs/english
4k0ZV0UFZSw,😢😢😢Allah garatt kery mafia ko Ameen suma Ameen 😢😢,no,offensive,na,sadness|anger,ambiguous/ambiguous garatt/urdu kery/urdu mafia/english ko/urdu Ameen/urdu suma/urdu Ameen/urdu ambiguous/ambiguous
BmpRnfu16YA,Siliguri pyari hai papa Kya hai video ekadashi Billi Billi kya chhipkali mere password mein,yes,none,na,surprise|none,Siliguri/ambiguous pyari/urdu hai/urdu papa/urdu Kya/urdu hai/urdu video/english ekadashi/urdu Billi/urdu Billi/urdu kya/urdu chhipkali/urdu mere/urdu password/english mein/urdu
PKFU1F2QEMQ,Ap logo ne new Ghar Liya h masshallsh,no,none,na,joy,Ap/urdu logo/urdu ne/urdu new/english Ghar/urdu Liya/urdu h/urdu masshallsh/urdu
XHQrr9fmTkc,Ma ap key fan how ma thow kahiteay how  ka ap is dafa challenge Red ❤  chips colour challenge Kara please mara is  comment ko phar kar agla  vlog ma bathana please,no,none,na,joy,Ma/urdu ap/urdu key/urdu fan/english how/english ma/urdu thow/urdu kahiteay/urdu how/english ka/urdu ap/urdu is/urdu dafa/urdu challenge/english Red/english ❤/ambiguous chips/english colour/english challenge/english Kara/urdu please/english mara/urdu is/urdu comment/english ko/urdu phar/urdu kar/urdu agla/urdu vlog/english ma/urdu bathana/urdu please/english
VUKai4CZSNw,Nadeem lag raha hai was epic,no,none,na,joy,Nadeem/ambiguous lag/urdu raha/urdu hai/urdu was/english epic/english
VUKai4CZSNw,Ducky bhi ap bhot zyda bolty ho 😂😂😂😂,yes,none,na,joy,english/english bhi/urdu ap/urdu bhot/urdu zyda/urdu bolty/urdu ho/urdu 😂😂😂😂/ambiguous
gvG35CxYOLg,Tu tiger h nhi m kutta hun😂😂that was funny bro😂😂,yes,none,na,joy,Tu/urdu tiger/english h/urdu nhi/urdu m/urdu kutta/urdu hun/urdu that/english was/english funny/english bro/english
BmpRnfu16YA,Abhi tu kaisi ladki hai tune to puri Raat Laga di tune to event per bhi Jana tha lekin tune to khana bhi nahin khaya vah puri Raat Hogi,yes,offensive,na,anger|surprise,Abhi/urdu tu/urdu kaisi/urdu ladki/urdu hai/urdu tune/urdu to/urdu puri/urdu Raat/urdu Laga/urdu di/urdu tune/urdu to/urdu event/english per/urdu bhi/urdu Jana/urdu tha/urdu lekin/urdu tune/urdu to/urdu khana/urdu bhi/urdu nahin/urdu khaya/urdu vah/urdu puri/urdu Raat/urdu Hogi/urdu
BmpRnfu16YA,Wow Fatima  haya ka ghar bhi bhot pyara hn ❤,no,none,na,joy,Wow/english Fatima/ambiguous haya/urdu ka/urdu ghar/urdu bhi/urdu bhot/urdu pyara/urdu hn/urdu ❤/ambiguous
HeZ2VBdJeOk,Qazi Faiz Essa pe Allah ki Phutkar ho,no,hate,na,anger,urdu/urdu urdu/urdu urdu/urdu urdu/urdu urdu/urdu urdu/urdu urdu/urdu urdu/urdu
FH8OUP2_sN4,I love you ducky Bhai,no,none,na,joy,I/english love/english you/english ducky/english Bhai/urdu
hhFGhAo4ZfY,waqas bhai i love you,no,none,na,joy,waqas/urdu bhai/urdu i/english love/english you/english
BaMLBWWvNHA,Asal bat hai Mjhe Rajab Butt Itna Bura LGTA hai Iska Naam sun kr mjhe Vomit ajati hai 🤮🤢,no,offensive,na,anger|disgust,Asal/urdu bat/urdu hai/urdu Mjhe/urdu Rajab/urdu Butt/urdu Itna/urdu Bura/urdu LGTA/urdu hai/urdu Iska/urdu Naam/urdu sun/urdu kr/urdu mjhe/urdu Vomit/english ajati/urdu hai/urdu
VUKai4CZSNw,"Ducky ka account ma 758,268.85 rupees 💀☠️",yes,none,na,surprise|joy,"Ducky/ambiguous ka/urdu account/english ma/urdu 758,268.85/ambiguous rupees/english 💀☠️/ambiguous"
IMnXqYDHhZI,aur 7000 lakh di lanat,no,offensive,na,anger,aur/urdu 7000/ambiguous lakh/urdu di/urdu lanat/urdu
eY0i4nBXqdY,Taxi ka uper is liya ja reha Q ka ap BHI texi 😂😂😅😅😅😅or kabooter ka pass jao ga ura ga hi dance thori kera ga Yar 😂😂😂😂😅😂😂😂😂😂😂,yes,none,na,joy,Taxi/ambiguous ka/urdu uper/urdu is/urdu liya/urdu ja/urdu reha/urdu Q/english ka/urdu ap/urdu BHI/urdu texi/english or/english kabooter/urdu ka/urdu pass/urdu jao/urdu ga/urdu ura/urdu ga/urdu hi/urdu dance/english thori/urdu kera/urdu ga/urdu Yar/urdu
BaMLBWWvNHA,Hasasdi family 😂 tu sikhyga,yes,none,na,joy,urdu/ambiguous family/english 😂/ambiguous tu/urdu sikhyga/urdu
VUKai4CZSNw,Aroob ka bag pregnant hua hy but aroob bhabhi abhi tk q ni 😂just for fun😅,yes,none,na,joy,Aroob/ambiguous ka/urdu bag/english pregnant/english hua/urdu hy/urdu but/english aroob/ambiguous bhabhi/urdu abhi/urdu tk/urdu q/urdu ni/urdu just/english for/english fun/english
VUKai4CZSNw,Beigirat phir ya aroob kehti hi saad paiso ki qadar kia karo bussiness class kara do shadi si pehle jesi bussiness class me jeti thi 😏😏😏😠,yes,offensive,na,anger,urdu/urdu phir/urdu ya/urdu aroob/urdu kehti/urdu hi/urdu saad/urdu paiso/urdu ki/urdu qadar/urdu kia/urdu karo/urdu bussiness/english class/english kara/urdu do/urdu shadi/urdu si/urdu pehle/urdu jesi/urdu bussiness/english class/english me/urdu jeti/urdu thi/urdu
eY0i4nBXqdY,Fatima per aap kidhar rahte ho lahaur per main cal I Thi 16 tarikh ko 16 July ko to aap ka Ghar ki Tarah mujhe vah bhej denge aap location mein cal I thi maine aapke pass a raha tha,no,none,na,none,Fatima/ambiguous per/urdu aap/urdu kidhar/urdu rahte/urdu ho/urdu lahaur/urdu per/urdu main/urdu cal/english I/english Thi/urdu 16/ambiguous tarikh/urdu ko/urdu 16/ambiguous July/english ko/urdu to/urdu aap/urdu ka/urdu Ghar/urdu ki/urdu Tarah/urdu mujhe/urdu vah/urdu bhej/urdu denge/urdu aap/urdu location/english mein/urdu cal/english I/english thi/urdu maine/urdu aapke/urdu pass/urdu a/urdu raha/urdu tha/urdu
VUKai4CZSNw,Ducky bhai hath mery Aby NY dhony thy 😂😂,yes,none,na,joy|surprise,english/ambiguous urdu/urdu urdu/urdu urdu/urdu urdu/urdu english/english urdu/urdu urdu/urdu ambiguous/ambiguous
WJxfQWiP9DQ,Kya yai azad Kashmir hai afsoos esi haqoomat pr😢,yes,offensive,na,sadness|anger,Kya/urdu yai/urdu azad/urdu Kashmir/ambiguous hai/urdu afsoos/urdu esi/urdu haqoomat/urdu pr/urdu
VUKai4CZSNw,Doremon wali galiya lazmi dikhaye ga 😅😂,yes,none,na,joy,Doremon/ambiguous wali/urdu galiya/urdu lazmi/urdu dikhaye/urdu ga/urdu 😅😂/ambiguous
BaMLBWWvNHA,Fitna wo nhe ap ho,yes,offensive,na,anger,Fitna/urdu wo/urdu nhe/urdu ap/urdu ho/urdu
HeZ2VBdJeOk,Shukria tou dour ki baat hei hamein in sey nafrat hei hamein woh army nai chaeye jis ka chief chand lakh ki nokri kar k Arab pati ban jahy,yes,hate,na,anger,Shukria/urdu tou/urdu dour/urdu ki/urdu baat/urdu hei/urdu hamein/urdu in/urdu sey/urdu nafrat/urdu hei/urdu hamein/urdu woh/urdu army/english nai/urdu chaeye/urdu jis/urdu ka/urdu chief/english chand/urdu lakh/urdu ki/urdu nokri/urdu kar/urdu k/urdu Arab/english pati/urdu ban/urdu jahy/urdu
zfjRK9s0pjA,Mara to ro ka bura hal,no,none,na,sadness,Mara/urdu to/urdu ro/urdu ka/urdu bura/urdu hal/urdu
UiYpRBQ74fs,"Rawalakot me 6 lakh vote. 😂😂.
Lakh di lanat aisy jhooto pe",yes,offensive,na,anger|joy,Rawalakot/urdu me/urdu 6/ambiguous lakh/urdu vote/english 😂😂/ambiguous Lakh/urdu di/urdu lanat/urdu aisy/urdu jhooto/urdu pe/urdu
eY0i4nBXqdY,Banda pura saal begairtiyan kare phr parda kr k madina jaye or wapis aa kr bhi wohi begairtiyan lanat🖐🏻,yes,offensive,na,anger,Banda/urdu pura/urdu saal/urdu begairtiyan/urdu kare/urdu phr/urdu parda/urdu kr/urdu k/urdu madina/urdu jaye/urdu or/english wapis/urdu aa/urdu kr/urdu bhi/urdu wohi/urdu begairtiyan/urdu lanat/urdu
XHQrr9fmTkc,"""Fatima api, mera naam bhi Fatima hai! Mujhy ye batayein ke jab aap sab behnein mil kar vlogs banati hain, to sab se zyada tang kaun karta hai aur sab se jaldi gussa kis ko aata hai?""",no,none,na,joy|surprise,Fatima/ambiguous api/urdu mera/urdu naam/urdu bhi/urdu Fatima/ambiguous hai/urdu Mujhy/urdu ye/urdu batayein/urdu ke/urdu jab/urdu aap/urdu sab/urdu behnein/urdu mil/urdu kar/urdu vlogs/english banati/urdu hain/urdu to/urdu sab/urdu se/urdu zyada/urdu tang/urdu kaun/urdu karta/urdu hai/urdu aur/urdu sab/urdu se/urdu jaldi/urdu gussa/urdu kis/urdu ko/urdu aata/urdu hai/urdu
nqbNLe84dpM,Arib bhai comment vlock mein padhen,no,none,na,none,urdu/ambiguous urdu/urdu english/english urdu/ambiguous urdu/urdu urdu/urdu
8ksTrbtyTco,Maha to bth achi cook ha kasay har gai😢😂,yes,none,na,sadness|joy,Maha/ambiguous to/urdu bth/urdu achi/urdu cook/english ha/urdu kasay/urdu har/urdu gai/urdu
FH8OUP2_sN4,Ducky ayy hyy krta ha vlog end 😂😂❤,yes,none,na,joy,Ducky/ambiguous ayy/urdu hyy/urdu krta/urdu ha/urdu vlog/english end/english 😂😂❤/ambiguous
VUKai4CZSNw,Washroom ko bhe rost ker diya ducky Bhai ny😅😅😮😢😢🎉🎉😢😮😅😊😊😊😮😢😂😂😂😂😂😂😂😂😂😂😂,yes,none,na,joy|surprise,Washroom/english ko/urdu bhe/urdu rost/urdu ker/urdu diya/urdu ducky/english Bhai/urdu ny/urdu
IMnXqYDHhZI,MashaAllah kanwal apki r zulqarnain ki sb s achi bat ya ha k ap n kbhi shokhian ni marri bhot ajiz ho ap har waqt Allah Pak ka shukar ada krty ho Baki vlogers tu 4 paisy kama kr Zameen p pao ni rakhty,no,none,na,joy,MashaAllah/urdu kanwal/urdu apki/urdu r/urdu zulqarnain/urdu ki/urdu sb/urdu s/urdu achi/urdu bat/urdu ya/urdu ha/urdu k/urdu ap/urdu n/urdu kbhi/urdu shokhian/urdu ni/urdu marri/urdu bhot/urdu ajiz/urdu ho/urdu ap/urdu har/urdu waqt/urdu Allah/urdu Pak/urdu ka/urdu shukar/urdu ada/urdu krty/urdu ho/urdu Baki/urdu vlogers/english tu/urdu 4/english paisy/urdu kama/urdu kr/urdu Zameen/urdu p/urdu pao/urdu ni/urdu rakhty/urdu
EyrNOfyxSBQ,Allah Pak Ka shukar hai hum parda bhi karta Hain aur ghairat bhi magar ek momin ki asal ghairat Tu Allah Pak Ka hukam Pura Karna mai honi chahaie jis KO Allah Ka hukam par ghairat na aie Tu is SA barha ba ghairat koi ni,no,none,na,joy,Allah/urdu Pak/urdu Ka/urdu shukar/urdu hai/urdu hum/urdu parda/urdu bhi/urdu karta/urdu Hain/urdu aur/urdu ghairat/urdu bhi/urdu magar/urdu ek/urdu momin/urdu ki/urdu asal/urdu ghairat/urdu Tu/urdu Allah/urdu Pak/urdu Ka/urdu hukam/urdu Pura/urdu Karna/urdu mai/urdu honi/urdu chahaie/urdu jis/urdu KO/urdu Allah/urdu Ka/urdu hukam/urdu par/urdu ghairat/urdu na/urdu aie/urdu Tu/urdu is/urdu SA/urdu barha/urdu ba/urdu ghairat/urdu koi/urdu ni/urdu
4k0ZV0UFZSw,Walekumassalam inran riaz bhai shb 👍💯🎉🎉🎉🎉🎉🎉🎉,no,none,na,joy,Walekumassalam/urdu inran/ambiguous riaz/urdu bhai/urdu shb/ambiguous 👍💯🎉🎉🎉🎉🎉🎉🎉/ambiguous
BljaIOvFkcM,Yeh kasmir say panga lay rahay waha to aurtain b in say Zada jurat mand hai,yes,offensive,na,anger,Yeh/urdu kasmir/urdu say/urdu panga/urdu lay/urdu rahay/urdu waha/urdu to/urdu aurtain/urdu b/urdu in/urdu say/urdu Zada/urdu jurat/urdu mand/urdu hai/urdu
BaMLBWWvNHA,O zulkarnain Kuta to UN ka ghar  to sambal rha ha us ka to teara sa ziada subscriber ha,yes,offensive,na,anger,O/urdu zulkarnain/urdu Kuta/urdu to/urdu UN/english ka/urdu ghar/urdu to/urdu sambal/urdu rha/urdu ha/urdu us/urdu ka/urdu to/urdu teara/urdu sa/urdu ziada/urdu subscriber/english ha/urdu
UiYpRBQ74fs,Pata nahi aap kis Airport ke baat kr rahay hain. Hum tow 45 years se Karachi aa jaa rahey hain. Na he hum ne kabhi khuahish ke r na he kabhi dekha. Haan porter ko samaan lay kr jánay k paisay detey hain. Baqi jo aap bata rahay hain wo tow koi bohat bada afser ho to os ka protocol tow bunta hai.,yes,none,na,anger,Pata/urdu nahi/urdu aap/urdu kis/urdu Airport/english ke/urdu baat/urdu kr/urdu rahay/urdu hain/urdu Hum/urdu tow/urdu 45/english years/english se/urdu Karachi/urdu aa/urdu jaa/urdu rahey/urdu hain/urdu Na/urdu he/urdu hum/urdu ne/urdu kabhi/urdu khuahish/urdu ke/urdu r/ambiguous na/urdu he/urdu kabhi/urdu dekha/urdu Haan/urdu porter/english ko/urdu samaan/urdu lay/urdu kr/urdu jánay/urdu k/urdu paisay/urdu detey/urdu hain/urdu Baqi/urdu jo/urdu aap/urdu bata/urdu rahay/urdu hain/urdu wo/urdu tow/urdu koi/urdu bohat/urdu bada/urdu afser/urdu ho/urdu to/urdu os/urdu ka/urdu protocol/english tow/urdu bunta/urdu hai/urdu
FH8OUP2_sN4,4:41 ducky ke khane ki plate ke right side par sharab ha wo pita ha?😂,yes,none,na,joy|surprise,4:41/ambiguous ducky/english ke/urdu khane/urdu ki/urdu plate/english ke/urdu right/english side/english par/urdu sharab/urdu ha/urdu wo/urdu pita/urdu ha/urdu
BmpRnfu16YA,Man bhi bohot ameer hon mara pass is sa bhi acha Ghar h mara papa Pura pindi ka bissnis man han,yes,none,na,joy,Man/ambiguous bhi/urdu bohot/urdu ameer/urdu hon/urdu mara/urdu pass/urdu is/urdu sa/urdu bhi/urdu acha/urdu Ghar/urdu h/urdu mara/urdu papa/urdu Pura/urdu pindi/urdu ka/urdu bissnis/urdu man/ambiguous han/urdu
nqbNLe84dpM,Aur vaise follow kaise karte hain vah mujhe bata do main FIR aapko follow kar dungi❤❤❤❤❤❤❤❤❤❤❤❤❤❤❤❤❤❤❤❤❤❤❤,no,none,na,joy,Aur/urdu vaise/urdu follow/english kaise/urdu karte/urdu hain/urdu vah/urdu mujhe/urdu bata/urdu do/urdu main/urdu FIR/urdu aapko/urdu follow/english kar/urdu dungi/urdu
FH8OUP2_sN4,Aru paapi kya itni majburi Thi is gende se shaadi karne ki isase achcha tumhen aur mere se aap shaadi kar leti,yes,offensive,na,anger|sadness,Aru/ambiguous paapi/urdu kya/urdu itni/urdu majburi/urdu Thi/urdu is/urdu gende/urdu se/urdu shaadi/urdu karne/urdu ki/urdu isase/urdu achcha/urdu tumhen/urdu aur/urdu mere/urdu se/urdu aap/urdu shaadi/urdu kar/urdu leti/urdu
gvG35CxYOLg,Shahveer bhai Jo aapane puri video mein khaya hai food vah subah triple nikalega 💩💩🤮🥵,yes,none,na,joy|surprise,Shahveer/urdu bhai/urdu Jo/urdu aapane/urdu puri/urdu video/english mein/urdu khaya/urdu hai/urdu food/english vah/urdu subah/urdu triple/english nikalega/urdu 💩💩🤮🥵/ambiguous
BaMLBWWvNHA,very nice bro kya insult  ki hai enta toh ghar main sheriko ki  larai par maza nahi aya jitna rajab ki insult par maza aya 🤣🤣🤣🤣🤣🤣🤣🤣🤣🤣🤣🤣🤣🤣🤣🤣🤣🤣🤣🤣🤣🤣 phat gai ho rajab ki 😶‍🌫😶‍🌫😶‍🌫😶‍🌫😶‍🌫😶‍🌫😶‍🌫😶‍🌫😶‍🌫😶‍🌫😶‍🌫😅😅🤣🤣😂😂,no,offensive,na,joy,very/english nice/english bro/english kya/urdu insult/english ki/urdu hai/urdu enta/urdu toh/urdu ghar/urdu main/urdu sheriko/urdu ki/urdu larai/urdu par/urdu maza/urdu nahi/urdu aya/urdu jitna/urdu rajab/urdu ki/urdu insult/english par/urdu maza/urdu aya/urdu emojis/ambiguous phat/urdu gai/urdu ho/urdu rajab/urdu ki/urdu emojis/ambiguous
IMnXqYDHhZI,Baji hath rok kar shoping kia karo na isko israaf kahte hain jo ap kar rai ke kapro ko stiker lage hue hain,no,none,na,anger,Baji/urdu hath/urdu rok/urdu kar/urdu shoping/english kia/urdu karo/urdu na/urdu isko/urdu israaf/urdu kahte/urdu hain/urdu jo/urdu ap/urdu kar/urdu rai/urdu ke/urdu kapro/urdu ko/urdu stiker/english lage/urdu hue/urdu hain/urdu
eY0i4nBXqdY,Fatima aap kya aap umra karne ke liye Allah Tala ke ghar bahut pyari baat hai 🕋🕋🕋🕋,no,none,na,joy,Fatima/ambiguous aap/urdu kya/urdu aap/urdu umra/urdu karne/urdu ke/urdu liye/urdu Allah/ambiguous Tala/urdu ke/urdu ghar/urdu bahut/urdu pyari/urdu baat/urdu hai/urdu 🕋🕋🕋🕋/ambiguous
8ksTrbtyTco,Oh my god donu ki wife's bht hi pohar Hain.... Kuch nhi ata siwaye sajny  sawarny k Allah ki Hafiz  ha in donu kaa..... Zerooo reward,yes,offensive,na,anger|sadness,Oh/english my/english god/english donu/urdu ki/urdu wife's/english bht/urdu hi/urdu pohar/urdu Hain/urdu Kuch/urdu nhi/urdu ata/urdu siwaye/urdu sajny/urdu sawarny/urdu k/urdu Allah/urdu ki/urdu Hafiz/urdu ha/urdu in/urdu donu/urdu kaa/urdu Zerooo/english reward/english
gvG35CxYOLg,"Biryani   k  sath  milk  thaa ??  Ya  lassi   theee  ?? 
Milk   should   not  be  taken along with chicken",no,none,misinfo,none,Biryani/urdu k/urdu sath/urdu milk/english thaa/urdu ?/ambiguous Ya/urdu lassi/urdu theee/urdu ?/ambiguous Milk/english should/english not/english be/english taken/english along/english with/english chicken/english
BmpRnfu16YA,ap bhi apne ghar ka home tour do,no,none,na,none,ap/urdu bhi/urdu apne/urdu ghar/urdu ka/urdu home/english tour/english do/urdu
BmpRnfu16YA,Apni mamma to yah wali machine leti Nahin hai to hamen kyon bol rahi ho magar hamara bahut luxury Ghar hai,yes,none,na,anger,Apni/urdu mamma/urdu to/urdu yah/urdu wali/urdu machine/english leti/urdu Nahin/urdu hai/urdu to/urdu hamen/urdu kyon/urdu bol/urdu rahi/urdu ho/urdu magar/urdu hamara/urdu bahut/urdu luxury/english Ghar/urdu hai/urdu
nqbNLe84dpM,Hshaue hdhue hhhdhhd bbddbbd djfufey he be bhehhd bdhhdy heheo hhdhhdu heheh bdhhdhdue k,no,none,na,none,Hshaue/ambiguous hdhue/ambiguous hhhdhhd/ambiguous bbddbbd/ambiguous djfufey/ambiguous he/english be/english bhehhd/ambiguous bdhhdy/ambiguous heheo/ambiguous hhdhhdu/ambiguous heheh/ambiguous bdhhdhdue/ambiguous k/ambiguous
BaMLBWWvNHA,Mery khial apko Hajj py jany sy pehly ye video delete kr deni chahye thi agr apny kisi k lye acha kia hai to Allah sab janta hai esy sare.e aam logu ko btany sy kia faida naiki kar daryian Mai daal khuda to sab janta hai,yes,none,na,anger,Mery/urdu khial/urdu apko/urdu Hajj/urdu py/urdu jany/urdu sy/urdu pehly/urdu ye/urdu video/english delete/english kr/urdu deni/urdu chahye/urdu thi/urdu agr/urdu apny/urdu kisi/urdu k/urdu lye/urdu acha/urdu kia/urdu hai/urdu to/urdu Allah/urdu sab/urdu janta/urdu hai/urdu esy/urdu sare.e/urdu aam/urdu logu/urdu ko/urdu btany/urdu sy/urdu kia/urdu faida/urdu naiki/urdu kar/urdu daryian/urdu Mai/urdu daal/urdu khuda/urdu to/urdu sab/urdu janta/urdu hai/urdu
4k0ZV0UFZSw,Haq ka seedha Rasta karbla karbla hai humari darsgaah krbla karbla mola Hussain a s zindabad Salam ya Hussain a s ❤❤❤❤❤❤,no,none,na,joy,Haq/urdu ka/urdu seedha/urdu Rasta/urdu karbla/urdu karbla/urdu hai/urdu humari/urdu darsgaah/urdu krbla/urdu karbla/urdu mola/urdu Hussain/english a/english s/english zindabad/urdu Salam/urdu ya/urdu Hussain/english a/english s/english ❤❤❤❤❤❤/ambiguous
nqbNLe84dpM,Ap ki vaja sa AJ Fatima ka vlog nahi Aya 😢💔😣😭,no,none,na,sadness,Ap/urdu ki/urdu vaja/urdu sa/urdu AJ/english Fatima/ambiguous ka/urdu vlog/english nahi/urdu Aya/urdu 😢💔😣😭/ambiguous
EyrNOfyxSBQ,Bro vid may Kya tha,no,none,na,none,Bro/english vid/english may/urdu Kya/urdu tha/urdu
zfjRK9s0pjA,Beti wo phool ha jo hr ghar ma nai khilat🥰beti kasmat walo ka ghar ma atai ha allha paka iqar and iqreeb KO hamesha khush or iqar and iqreeba ki asai he hamesha khush rakara❤❤❤ameen sum ameen iqar and ka bachi ho,no,none,na,joy,Beti/urdu wo/urdu phool/urdu ha/urdu jo/urdu hr/urdu ghar/urdu ma/urdu nai/urdu khilat/urdu beti/urdu kasmat/urdu walo/urdu ka/urdu ghar/urdu ma/urdu atai/urdu ha/urdu allha/urdu paka/urdu iqar/ambiguous and/english iqreeb/ambiguous KO/urdu hamesha/urdu khush/urdu or/english iqar/ambiguous and/english iqreeba/ambiguous ki/urdu asai/urdu he/urdu hamesha/urdu khush/urdu rakara/urdu ameen/urdu sum/english ameen/urdu iqar/ambiguous and/english ka/urdu bachi/urdu ho/urdu
IMnXqYDHhZI,Zulqarnan asia present karta hai khush hou lakin usko b apne bht bari ghalty or besukoon hai kawanl,no,offensive,na,anger,urdu/urdu urdu/urdu english/english urdu/urdu urdu/urdu urdu/urdu urdu/urdu urdu/urdu urdu/urdu urdu/urdu urdu/urdu urdu/urdu urdu/urdu urdu/urdu urdu/urdu urdu/urdu urdu/urdu urdu/urdu
UiYpRBQ74fs,❤  sy asllam app KO Imran bhai,no,none,na,joy,ambiguous/ambiguous sy/urdu asllam/urdu app/english KO/urdu Imran/english bhai/urdu
BmpRnfu16YA,Panch kanal ka hamara Ghar hai,no,none,na,joy,Panch/urdu kanal/urdu ka/urdu hamara/urdu Ghar/urdu hai/urdu
WJxfQWiP9DQ,"Yeh jhoot bol ry hyn inko pakistan ki koi fikr ni ,inhyn kisi ko kuchnly sy kisi k mun py marny sy kuch frq ni pry ga yeh ho skta marshal law lga dyn",yes,offensive,na,anger,Yeh/urdu jhoot/urdu bol/urdu ry/urdu hyn/urdu inko/urdu pakistan/urdu ki/urdu koi/urdu fikr/urdu ni/urdu inhyn/urdu kisi/urdu ko/urdu kuchnly/urdu sy/urdu kisi/urdu k/urdu mun/urdu py/urdu marny/urdu sy/urdu kuch/urdu frq/urdu ni/urdu pry/urdu ga/urdu yeh/urdu ho/urdu skta/urdu marshal/english law/english lga/urdu dyn/urdu
4k0ZV0UFZSw,Allah Pak apko such bol na ke takat dain,no,none,na,none,Allah/urdu Pak/urdu apko/urdu such/urdu bol/urdu na/urdu ke/urdu takat/urdu dain/urdu
nqbNLe84dpM,Fatima depresstion mein chli gaii😅😅,yes,none,na,sadness|joy,Fatima/ambiguous depresstion/english mein/urdu chli/urdu gaii/urdu
hhFGhAo4ZfY,Osaib ko nikalo ye cheating krta Hein,no,offensive,na,anger,Osaib/ambiguous ko/urdu nikalo/urdu ye/urdu cheating/english krta/urdu Hein/urdu
BmpRnfu16YA,Main eshal beat l miss you. Fatima aap bahut acche Hain Pyaar,no,none,na,joy,Main/urdu eshal/ambiguous beat/english l/english miss/english you/english Fatima/ambiguous aap/urdu bahut/urdu acche/urdu Hain/urdu Pyaar/urdu
8ksTrbtyTco,"ager rhs lo winner diclare kerty tou payment chali jati 
baverchi ki",yes,none,na,anger,ager/urdu rhs/english lo/urdu winner/english diclare/english kerty/urdu tou/urdu payment/english chali/urdu jati/urdu baverchi/urdu ki/urdu
BaMLBWWvNHA,Only for 100k views to ata Hain Rajab ko roast Kara fa,yes,offensive,na,anger,Only/english for/english 100k/english views/english to/english ata/urdu Hain/urdu Rajab/urdu ko/urdu roast/english Kara/urdu fa/urdu
8ksTrbtyTco,Who wants to see shav ka baccha 😂,yes,none,na,joy,Who/english wants/english to/english see/english shav/urdu ka/urdu baccha/urdu 😂/ambiguous
BaMLBWWvNHA,Yar shut up ye kia our ye Jo emoji lagai he oof,yes,none,na,anger|surprise,Yar/urdu shut/english up/english ye/urdu kia/urdu our/ambiguous ye/urdu Jo/urdu emoji/english lagai/urdu he/urdu oof/english
IMnXqYDHhZI,0:58 only showoff & dikhwa tiktok par nacha nacha Kar haram pasiy Ka show of Kar rhi lachi aurat wesy har vlog ma kehti Mera pass ha hi Kuch ni nashukri aurat,yes,offensive,na,anger,ambiguous/ambiguous only/english showoff/english &/ambiguous dikhwa/urdu tiktok/english par/urdu nacha/urdu nacha/urdu Kar/urdu haram/urdu pasiy/urdu Ka/urdu show/english of/english Kar/urdu rhi/urdu lachi/urdu aurat/urdu wesy/urdu har/urdu vlog/english ma/urdu kehti/urdu Mera/urdu pass/urdu ha/urdu hi/urdu Kuch/urdu ni/urdu nashukri/urdu aurat/urdu
gvG35CxYOLg,Cheers yar Bismillah bhi phar Liya karo,no,none,na,joy,Cheers/english yar/urdu Bismillah/urdu bhi/urdu phar/urdu Liya/urdu karo/urdu
4k0ZV0UFZSw,buzdil qoum hai Pakistani,no,hate,na,anger,buzdil/urdu qoum/urdu hai/urdu Pakistani/english
gvG35CxYOLg,Yarr agar spicy food challenge karna hi tha to direct 100 green chillies hi kha lety,yes,none,na,surprise,Yarr/urdu agar/urdu spicy/english food/english challenge/english karna/urdu hi/urdu tha/urdu to/urdu direct/english 100/ambiguous green/english chillies/english hi/urdu kha/urdu lety/urdu
nqbNLe84dpM,"Fatima be like: ab tu daikh beta, ab tu gya 😅",yes,none,na,joy|surprise,Fatima/ambiguous be/english like/english ab/urdu tu/urdu daikh/urdu beta/urdu ab/urdu tu/urdu gya/urdu 😅/ambiguous
UiYpRBQ74fs,Kisi forces k bndy KO shaheed na kaho,no,offensive,na,anger,Kisi/urdu forces/english k/urdu bndy/urdu KO/urdu shaheed/urdu na/urdu kaho/urdu
UiYpRBQ74fs,Sub sy bara Dala hy Jamat islami ka Dala Naeem,yes,hate,na,anger,Sub/urdu sy/urdu bara/urdu Dala/urdu hy/urdu Jamat/urdu islami/urdu ka/urdu Dala/urdu Naeem/urdu
nqbNLe84dpM,Kisi ko pta h zainab k washrom m face wash k pas pink clr ki bottle kis chez ki h,yes,none,na,surprise,Kisi/urdu ko/urdu pta/urdu h/urdu zainab/urdu k/urdu washrom/urdu m/urdu face/english wash/english k/urdu pas/urdu pink/english clr/english ki/urdu bottle/english kis/urdu chez/urdu ki/urdu h/urdu
zfjRK9s0pjA,Bacchon ke apne pass rakhne,no,none,na,none,Bacchon/urdu ke/urdu apne/urdu pass/urdu rakhne/urdu
N-0DINjOMlY,Pen nu lan ee airpod. Tu phodiya daya phali vari ly nii,yes,none,na,anger,Pen/urdu nu/urdu lan/urdu ee/urdu airpod/english Tu/urdu phodiya/urdu daya/urdu phali/urdu vari/urdu ly/urdu nii/urdu
VUKai4CZSNw,Aroob kab pregnant hogi,no,none,na,none,urdu/urdu kab/urdu pregnant/english hogi/urdu
BljaIOvFkcM,Ya Allah Imran Khan ko sehat ata ker,no,none,na,sadness,Ya/urdu Allah/urdu Imran/ambiguous Khan/urdu ko/urdu sehat/urdu ata/urdu ker/urdu
BljaIOvFkcM,"Whickles ko crash military forces kr rhi hyn, Kashmir Jo zulm Pakistani forces kr rhi hyn iss ki mukamal support israil or America bhi kr rha hy.",no,hate,misinfo,anger|sadness,english/ambiguous urdu/ambiguous english/ambiguous english/ambiguous english/ambiguous urdu/ambiguous urdu/ambiguous urdu/ambiguous urdu/ambiguous urdu/ambiguous urdu/ambiguous english/ambiguous english/ambiguous urdu/ambiguous urdu/ambiguous urdu/ambiguous urdu/ambiguous urdu/ambiguous urdu/ambiguous english/ambiguous english/ambiguous english/ambiguous urdu/ambiguous urdu/ambiguous urdu/ambiguous urdu/ambiguous
VUKai4CZSNw,4:58  konse pank pe hai 😂😂😂,yes,none,na,joy,english/ambiguous urdu/urdu urdu/urdu urdu/urdu urdu/urdu 😂😂😂/ambiguous
XHQrr9fmTkc,Vote for Fatima aur uski chalakiyan,yes,none,na,none,Vote/english for/english Fatima/ambiguous aur/urdu uski/urdu chalakiyan/urdu
-w7eMfsuRgA,"Sorry bhai alamti nahi
Lannnnnnnnnnnti",yes,none,na,anger,Sorry/english bhai/urdu alamti/urdu nahi/urdu Lannnnnnnnnnnti/urdu
XHQrr9fmTkc,Orange colour ka food challenge,no,none,na,none,Orange/english colour/english ka/urdu food/english challenge/english
nqbNLe84dpM,Zainab over drme krti hai,yes,none,na,none,Zainab/ambiguous over/english drme/urdu krti/urdu hai/urdu
FH8OUP2_sN4,Ducky bhai we want met with you,no,none,na,joy,Ducky/ambiguous bhai/urdu we/english want/english met/english with/english you/english
IMnXqYDHhZI,Humy b donate kar dain Kuch... Etna Kuch unused.. ufffff,yes,none,na,surprise|none,Humy/urdu b/ambiguous donate/english kar/urdu dain/urdu Kuch/urdu Etna/urdu Kuch/urdu unused/english ufffff/ambiguous
ttL6k7wzGmQ,Loog baywaqoof banay gay bhai,yes,offensive,na,anger,Loog/urdu baywaqoof/urdu banay/urdu gay/urdu bhai/urdu
BmpRnfu16YA,ALLAH mujhe bhi esa Ghar de sab bolo Ameen please,no,none,na,joy,ALLAH/urdu mujhe/urdu bhi/urdu esa/urdu Ghar/urdu de/urdu sab/urdu bolo/urdu Ameen/urdu please/english
BaMLBWWvNHA,"Kya nam rkha he ""Fitna Family"" well don ❤",no,none,na,joy,Kya/urdu nam/urdu rkha/urdu he/urdu Fitna/urdu Family/english well/english don/english ❤/ambiguous
BmpRnfu16YA,Man hasad NAHI karti,yes,none,na,none,Man/ambiguous hasad/urdu NAHI/urdu karti/urdu
FH8OUP2_sN4,Mini iphone 13 da do please ducky bhai,no,none,na,joy,english/english english/english english/english urdu/urdu urdu/urdu english/english english/ambiguous urdu/urdu
IMnXqYDHhZI,Allah or dy ap logo ko bas apny ird gird k logo ko bhe dekhty raho,yes,none,na,anger,Allah/urdu or/english dy/urdu ap/urdu logo/urdu ko/urdu bas/urdu apny/urdu ird/urdu gird/urdu k/urdu logo/urdu ko/urdu bhe/urdu dekhty/urdu raho/urdu
eY0i4nBXqdY,AP kaha se hu,no,none,na,none,ambiguous/ambiguous kaha/urdu se/urdu hu/urdu
PKFU1F2QEMQ,Mashallah bhut piyara hai allah pk rehna naseeb kary❤❤❤,no,none,na,joy,Mashallah/urdu bhut/urdu piyara/urdu hai/urdu allah/urdu pk/ambiguous rehna/urdu naseeb/urdu kary/urdu
XHQrr9fmTkc,Fatima api app na yellow color ki ho gaye,no,none,na,none,Fatima/ambiguous api/urdu app/english na/urdu yellow/english color/english ki/urdu ho/urdu gaye/urdu
WJxfQWiP9DQ,Zehni mareez iski koi baat paydaar nahi,no,offensive,na,anger,Zehni/urdu mareez/urdu iski/urdu koi/urdu baat/urdu paydaar/urdu nahi/urdu
UiYpRBQ74fs,Rangers or army ma N League k gullo butto ko bharti Kiya huwa ha... Ye ab wo army nhi rahi,yes,offensive,na,anger,Rangers/english or/english army/english ma/urdu N/english League/english k/urdu gullo/urdu butto/urdu ko/urdu bharti/urdu Kiya/urdu huwa/urdu ha/urdu Ye/urdu ab/urdu wo/urdu army/english nhi/urdu rahi/urdu
N-0DINjOMlY,Plz kanwal ko fashion kar na sekh du plz,yes,offensive,na,anger,Plz/english kanwal/ambiguous ko/urdu fashion/english kar/urdu na/urdu sekh/urdu du/urdu plz/english
WJxfQWiP9DQ,Zalim ko sahb bolna acha nhi lagta,no,offensive,na,anger,Zalim/urdu ko/urdu sahb/urdu bolna/urdu acha/urdu nhi/urdu lagta/urdu
IMnXqYDHhZI,Jo mza zulqarnain bhai ka vlog bnany ka itna kanwal ka ni ata plz bhai khud vlog bnya kre,yes,none,na,anger,Jo/urdu mza/urdu zulqarnain/urdu bhai/urdu ka/urdu vlog/english bnany/urdu ka/urdu itna/urdu kanwal/urdu ka/urdu ni/urdu ata/urdu plz/english bhai/urdu khud/urdu vlog/english bnya/urdu kre/urdu
nqbNLe84dpM,Iqra tumhara vilog buhot bura ha 🤬🤬🤬🤬🤬🤬🤬🤬🤬🤬🤬😤😤😤😤😤😤😤😤😤😤😤😤,no,offensive,na,anger,Iqra/ambiguous tumhara/urdu vilog/urdu buhot/urdu bura/urdu ha/urdu 🤬🤬🤬🤬🤬🤬🤬🤬🤬🤬🤬😤😤😤😤😤😤😤😤😤😤😤😤/ambiguous
PKFU1F2QEMQ,Please mujhe bhi Koi follow kar do please,no,none,na,none,Please/english mujhe/urdu bhi/urdu Koi/urdu follow/english kar/urdu do/urdu please/english
IMnXqYDHhZI,Almari ka full tour d hme b aisa bwana h,yes,none,na,joy,Almari/urdu ka/urdu full/english tour/english d/urdu hme/urdu b/urdu aisa/urdu bwana/urdu h/urdu
FH8OUP2_sN4,Maza a giya vlag ka 😊❤,no,none,na,joy,urdu/urdu a/ambiguous giya/urdu vlag/english ka/urdu 😊❤/ambiguous
IMnXqYDHhZI,Kanwal  BHT bdtameez ha.specially Zulqarnain  k sath kafi insulting way main..Kanwal Thora tameez SA RHA kro,no,offensive,na,anger,Kanwal/ambiguous BHT/urdu bdtameez/urdu ha.specially/urdu Zulqarnain/ambiguous k/urdu sath/urdu kafi/urdu insulting/english way/english main..Kanwal/urdu Thora/urdu tameez/urdu SA/urdu RHA/urdu kro/urdu
VUKai4CZSNw,Ducky bhai ik video Japanese car show pe ani chahiye❤,no,none,na,joy,english/english urdu/urdu urdu/urdu english/english english/english english/english english/english urdu/urdu urdu/urdu urdu/urdu
gvG35CxYOLg,Abhi raat k 3 baje rahe hein aur kal mujhe school 🏫 Jana ha ajeeb 😒🥲,yes,none,na,sadness|anger,Abhi/urdu raat/urdu k/urdu 3/ambiguous baje/urdu rahe/urdu hein/urdu aur/urdu kal/urdu mujhe/urdu school/english 🏫/ambiguous Jana/urdu ha/urdu ajeeb/urdu 😒🥲/ambiguous
WJxfQWiP9DQ,ALLAH IMRAN KHAN KI HIFAZAT KARE AMEEN,no,none,na,joy,ALLAH/urdu IMRAN/urdu KHAN/urdu KI/urdu HIFAZAT/urdu KARE/urdu AMEEN/urdu
UiYpRBQ74fs,To ab kia Karin ham AP majbur kar dia ha ab koi bi hatyar utha sakta ha nafrat bohat ziada ho chuki adaron say asam Munir intzamin say,yes,offensive,na,anger|fear,To/urdu ab/urdu kia/urdu Karin/urdu ham/urdu AP/urdu majbur/urdu kar/urdu dia/urdu ha/urdu ab/urdu koi/urdu bi/urdu hatyar/urdu utha/urdu sakta/urdu ha/urdu nafrat/urdu bohat/urdu ziada/urdu ho/urdu chuki/urdu adaron/urdu say/urdu asam/urdu Munir/urdu intzamin/urdu say/urdu
IMnXqYDHhZI,Ye to shokhian marny wali bat ha it's just show off people bakwas,yes,offensive,na,anger,Ye/urdu to/urdu shokhian/urdu marny/urdu wali/urdu bat/urdu ha/urdu it's/english just/english show/english off/english people/english bakwas/urdu
BljaIOvFkcM,Sab janthy ha Bilawa air Moulana l ki waja sy tho ye najaiz Govt qabiz ha,yes,offensive,na,anger,Sab/urdu janthy/urdu ha/urdu Bilawa/urdu air/urdu Moulana/urdu l/ambiguous ki/urdu waja/urdu sy/urdu tho/urdu ye/urdu najaiz/urdu Govt/english qabiz/urdu ha/urdu
BmpRnfu16YA,Fatima API ap mujah bohot achi laghti ha or ap bohot naram Dil ke ha ma umra Karna jah te ho mara Liya Dua Karna ka ma umra Karna Jao or Mera name Nabiya Fatima ha or vlog ma AK martaba Mera name Lena please ❤❤❤❤😊😊😊,no,none,na,joy,urdu/urdu API/ambiguous ap/urdu mujah/urdu bohot/urdu achi/urdu laghti/urdu ha/urdu or/urdu ap/urdu bohot/urdu naram/urdu Dil/urdu ke/urdu ha/urdu ma/urdu umra/urdu Karna/urdu jah/urdu te/urdu ho/urdu mara/urdu Liya/urdu Dua/urdu Karna/urdu ka/urdu ma/urdu umra/urdu Karna/urdu Jao/urdu or/urdu Mera/urdu name/english Nabiya/urdu Fatima/urdu ha/urdu or/urdu vlog/english ma/urdu AK/urdu martaba/urdu Mera/urdu name/english Lena/urdu please/english
gvG35CxYOLg,LD sauce ne purany wolf crew ki yaadein taza mar di 😂😂🤪,yes,none,na,joy|surprise,english/english english/english urdu/urdu urdu/urdu english/english english/english urdu/urdu urdu/urdu urdu/urdu urdu/urdu urdu/urdu ambiguous/ambiguous
IMnXqYDHhZI,Me b shidat sy wait krti hn,no,none,na,joy,Me/english b/urdu shidat/urdu sy/urdu wait/english krti/urdu hn/urdu
gvG35CxYOLg,bhai aik challenge  pora din hashir ke sath kry jo hashir ho dara dy,no,none,na,joy,bhai/urdu aik/urdu challenge/english pora/urdu din/urdu hashir/ambiguous ke/urdu sath/urdu kry/urdu jo/urdu hashir/ambiguous ho/urdu dara/urdu dy/urdu
XHQrr9fmTkc,Fatima api AP house ka bar water cooler lagva do Koi labour vagaira Pani pi legi Meri baat ko ignore na  kijiega abhi plzzzzzzzzzzzzzzzzzzzzzzzzzzzzzz😌😌,no,none,na,anger,Fatima/urdu api/urdu AP/english house/english ka/urdu bar/urdu water/english cooler/english lagva/urdu do/urdu Koi/urdu labour/english vagaira/urdu Pani/urdu pi/urdu legi/urdu Meri/urdu baat/urdu ko/urdu ignore/english na/urdu kijiega/urdu abhi/urdu plzzzzzzzzzzzzzzzzzzzzzzzzzzzzzz/english
nqbNLe84dpM,Sistrology ny bi ab areeb bahi ky sath prank kerna ha areeb bhai to gayo haha 😂😂😂,yes,none,na,joy|surprise,english/english urdu/urdu urdu/urdu urdu/urdu urdu/urdu urdu/urdu urdu/urdu urdu/urdu english/english urdu/urdu urdu/urdu urdu/urdu urdu/urdu urdu/urdu urdu/urdu english/english ambiguous/ambiguous
nqbNLe84dpM,Areeb Bhai 🍅🍅🍅🍅🍅🍅🍅 hogia,yes,none,na,joy,Areeb/urdu Bhai/urdu 🍅🍅🍅🍅🍅🍅🍅/ambiguous hogia/urdu
BaMLBWWvNHA,"I just want to say before even watching this video that, we trust you Zulqarnain Bhai. Sach chahiye kaisa ho, good bad ugly bahar aa hi jata hai by one way or another. I can only imagine how hard it must’ve been for you to put yourself in a position to speak all this, but it also becomes necessary at a point to stand against wrong and im so glad you did. Much love to you and your family. All my prayers and support for Kanwal and You <3",no,none,na,joy|sadness,I/english just/english want/english to/english say/english before/english even/english watching/english this/english video/english that/english we/english trust/english you/english Zulqarnain/urdu Bhai/urdu Sach/urdu chahiye/urdu kaisa/urdu ho/urdu good/english bad/english ugly/english bahar/urdu aa/urdu hi/urdu jata/urdu hai/urdu by/english one/english way/english or/english another/english I/english can/english only/english imagine/english how/english hard/english it/english must've/english been/english for/english you/english to/english put/english yourself/english in/english a/english position/english to/english speak/english all/english this/english but/english it/english also/english becomes/english necessary/english at/english a/english point/english to/english stand/english against/english wrong/english and/english im/english so/english glad/english you/english did/english Much/english love/english to/english you/english and/english your/english family/english All/english my/english prayers/english and/english support/english for/english Kanwal/urdu and/english You/english
WJxfQWiP9DQ,Choro ki pics back screen pr show krna zroori nhi,no,none,na,none,Choro/urdu ki/urdu pics/english back/english screen/english pr/urdu show/english krna/urdu zroori/urdu nhi/urdu
eY0i4nBXqdY,OK hello salam Alaikum Wa Rahmatullahi Wa Barakatuh Mere mamu hokar Aaye hue hain to unhone ab Maine poochha ki kya Kahate Hain airport Mein vah Hota Hai Kya Kahate Hain vaise to yah aapko Lagegi real Nahin ❤❤❤❤❤❤❤❤❤❤❤❤❤❤,no,none,na,joy|surprise,OK/english hello/english salam/urdu Alaikum/urdu Wa/urdu Rahmatullahi/urdu Wa/urdu Barakatuh/urdu Mere/urdu mamu/urdu hokar/urdu Aaye/urdu hue/urdu hain/urdu to/urdu unhone/urdu ab/urdu Maine/urdu poochha/urdu ki/urdu kya/urdu Kahate/urdu Hain/urdu airport/english Mein/urdu vah/urdu Hota/urdu Hai/urdu Kya/urdu Kahate/urdu Hain/urdu vaise/urdu to/urdu yah/urdu aapko/urdu Lagegi/urdu real/english Nahin/urdu
nqbNLe84dpM,Apii Kia hal ha ap ka,no,none,na,none,Apii/urdu Kia/urdu hal/urdu ha/urdu ap/urdu ka/urdu
XHQrr9fmTkc,Api Fatima ya vlog ma ap both achi lag rahi ho please ak or asa vlog bano jis ma ap 24hr ka lia hera ka boyfriend ka role karo please 🥺🥺,no,none,na,joy,Api/urdu Fatima/urdu ya/urdu vlog/english ma/urdu ap/urdu both/english achi/urdu lag/urdu rahi/urdu ho/urdu please/english ak/urdu or/urdu asa/urdu vlog/english bano/urdu jis/urdu ma/urdu ap/urdu 24hr/english ka/urdu lia/urdu hera/urdu ka/urdu boyfriend/english ka/urdu role/english karo/urdu please/english 🥺🥺/ambiguous
BmpRnfu16YA,API Fatima API Hira ke Sath horror prank,no,none,na,surprise,API/ambiguous Fatima/urdu API/ambiguous Hira/urdu ke/urdu Sath/urdu horror/english prank/english
zXAAAXogJ78,Masha  amazing  n nice  sharing bhai challenge  was funny  khush  rahain  Ameen  🎉🎉🎉🎉,no,none,na,joy,Masha/urdu amazing/english n/english nice/english sharing/english bhai/urdu challenge/english was/english funny/english khush/urdu rahain/urdu Ameen/urdu 🎉🎉🎉🎉/ambiguous
zfjRK9s0pjA,Mash Allah mash Allah buth piyari hai Allah Anaviya ke naseeb ache kare aur  Allah sab betiyu ke naseeb ache kare and I'm big fan of you 🫠🥹 and I'm from Karachi DHA 1 Lekin abi me Kuch dino ke Liye Pakistan tour ayi hu aur yaha bi app vlogs enjoy karai hu me aap se zaroor Milne ahugi inshallah 😊,no,none,na,joy,urdu/urdu urdu/urdu urdu/urdu urdu/urdu urdu/urdu urdu/urdu urdu/urdu urdu/urdu urdu/urdu urdu/urdu urdu/urdu urdu/urdu urdu/urdu urdu/urdu urdu/urdu urdu/urdu urdu/urdu urdu/urdu urdu/urdu urdu/urdu urdu/urdu english/english english/english english/english english/english english/english english/english english/english english/english english/english english/english english/english english/english urdu/urdu urdu/urdu urdu/urdu urdu/urdu urdu/urdu urdu/urdu urdu/urdu urdu/urdu urdu/urdu urdu/urdu urdu/urdu english/english urdu/urdu urdu/urdu urdu/urdu urdu/urdu urdu/urdu urdu/urdu urdu/urdu urdu/urdu urdu/urdu urdu/urdu urdu/urdu urdu/urdu urdu/urdu
N-0DINjOMlY,Mashallah ap loga ko lambi zindgi tha ameen mashallah❤❤❤ aizal is so cute mashallah Itni shrarti karti hai Mashallah❤,no,none,na,joy,Mashallah/urdu ap/urdu loga/urdu ko/urdu lambi/urdu zindgi/urdu tha/urdu ameen/urdu mashallah/urdu aizal/ambiguous is/english so/english cute/english mashallah/urdu Itni/urdu shrarti/urdu karti/urdu hai/urdu Mashallah/urdu
PKFU1F2QEMQ,Mashallha buht pyara bnaya ha ap ne moje buht pasad aya ha mashallha Allha ap sab ko rehna naseeb kary ameen,no,none,na,joy,Mashallha/urdu buht/urdu pyara/urdu bnaya/urdu ha/urdu ap/urdu ne/urdu moje/urdu buht/urdu pasad/urdu aya/urdu ha/urdu mashallha/urdu Allha/urdu ap/urdu sab/urdu ko/urdu rehna/urdu naseeb/urdu kary/urdu ameen/urdu
BmpRnfu16YA,Nadida pn ki bhi aik hd hoti hai,yes,none,na,anger,Nadida/ambiguous pn/english ki/urdu bhi/urdu aik/urdu hd/english hoti/urdu hai/urdu
eY0i4nBXqdY,Business class ki price kitni hai,no,none,na,none,Business/english class/english ki/urdu price/english kitni/urdu hai/urdu
nqbNLe84dpM,Aap kaise kaise block banati Hain,yes,none,na,anger,Aap/urdu kaise/urdu kaise/urdu block/english banati/urdu Hain/urdu
N-0DINjOMlY,Ma ap ki Big fan hun andleeb from gilgit ⛰️,no,none,na,joy,Ma/urdu ap/urdu ki/urdu Big/english fan/english hun/urdu andleeb/urdu from/english gilgit/urdu ⛰️/ambiguous
8ksTrbtyTco,mjy b shahveer ka pasta khnaa h🥺,no,none,na,joy,mjy/urdu b/urdu shahveer/ambiguous ka/urdu pasta/english khnaa/urdu h/urdu
PKFU1F2QEMQ,Mashallah Allah pak ne aapko Ghar to bahut khubsurat Diya hai Lekin garaj mein khadi karne ke liye gadi aapki bahut jyada heavy hai😂😂,yes,none,na,joy|surprise,Mashallah/urdu Allah/urdu pak/urdu ne/urdu aapko/urdu Ghar/urdu to/urdu bahut/urdu khubsurat/urdu Diya/urdu hai/urdu Lekin/urdu garaj/urdu mein/urdu khadi/urdu karne/urdu ke/urdu liye/urdu gadi/urdu aapki/urdu bahut/urdu jyada/urdu heavy/english hai/urdu
BmpRnfu16YA,Fatima ape ap Van lala,yes,none,na,joy,Fatima/urdu ape/urdu ap/urdu Van/english lala/urdu
XHQrr9fmTkc,Ap mango juice ya mango shake pee letin api,yes,none,na,joy,Ap/urdu mango/english juice/english ya/urdu mango/english shake/english pee/urdu letin/urdu api/urdu
VUKai4CZSNw,Hamesha tera muhn phata rahta hai,yes,offensive,na,anger,Hamesha/urdu tera/urdu muhn/urdu phata/urdu rahta/urdu hai/urdu
IMnXqYDHhZI,Kanwal ki wja sy ye velog mahi dhakte zaher lgti ha ye😊😊,yes,offensive,na,anger,Kanwal/urdu ki/urdu wja/urdu sy/urdu ye/urdu velog/urdu mahi/urdu dhakte/urdu zaher/urdu lgti/urdu ha/urdu ye/urdu
gvG35CxYOLg,Bhai tujhay bawaseer ho jay ga itna spice kha kr 😂😂😂😅,yes,none,na,joy,Bhai/urdu tujhay/urdu bawaseer/urdu ho/urdu jay/urdu ga/urdu itna/urdu spice/english kha/urdu kr/urdu 😂😂😂😅/ambiguous
BljaIOvFkcM,Allah pak ws phojj ko esee ghraq kardee faroon kee phojj kee tarha Ameen suma ameen,no,none,na,none,Allah/urdu pak/urdu ws/ambiguous phojj/urdu ko/urdu esee/urdu ghraq/urdu kardee/urdu faroon/urdu kee/urdu phojj/urdu kee/urdu tarha/urdu Ameen/urdu suma/urdu ameen/urdu
zXAAAXogJ78,Mujy pata tha ap zaror karo gy ya hahahhahahha,yes,none,na,joy|surprise,Mujy/urdu pata/urdu tha/urdu ap/urdu zaror/urdu karo/urdu gy/urdu ya/urdu hahahhahahha/ambiguous
VUKai4CZSNw,Dukay bhai hiroshima aoo,yes,none,na,anger,Dukay/urdu bhai/urdu hiroshima/english aoo/urdu
zfjRK9s0pjA,Iqra api ko Allah shifa da ameen,no,none,na,joy,Iqra/urdu api/urdu ko/urdu Allah/urdu shifa/urdu da/urdu ameen/urdu
FH8OUP2_sN4,Is insane ko kon dekhta hai arub ke zindagi barbad Hogi 😢,yes,none,na,sadness,Is/english insane/english ko/urdu kon/urdu dekhta/urdu hai/urdu arub/ambiguous ke/urdu zindagi/urdu barbad/urdu Hogi/urdu 😢/ambiguous
4k0ZV0UFZSw,"Zindabaad imran bhai... 
Allah pak imran khan ko azadi naseeb karay aameen.",no,none,na,joy,Zindabaad/urdu imran/urdu bhai/urdu Allah/urdu pak/urdu imran/urdu khan/urdu ko/urdu azadi/urdu naseeb/urdu karay/urdu aameen/urdu
BaMLBWWvNHA,Mil gy views😂 sher ka name ly kar,yes,none,na,joy,Mil/urdu gy/urdu views/english sher/urdu ka/urdu name/urdu ly/urdu kar/urdu
VUKai4CZSNw,old ducky bhai kaha hai,no,none,na,none,english/english ambiguous/ambiguous urdu/urdu urdu/urdu urdu/urdu
XHQrr9fmTkc,Yar reply to Kya karo please 🥺🥺🥺❤️,no,none,na,sadness,Yar/urdu reply/english to/english Kya/urdu karo/urdu please/english 🥺🥺🥺❤️/ambiguous
FH8OUP2_sN4,TU sab le le ducky  Money peaked here 😄,yes,none,na,joy,TU/urdu sab/urdu le/urdu le/urdu ducky/english Money/english peaked/english here/english 😄/ambiguous
IMnXqYDHhZI,kanwal api aap he vlogs banana🤚🤚,no,none,na,joy,urdu/urdu api/ambiguous aap/urdu he/urdu vlogs/english banana/urdu
VUKai4CZSNw,Ducky bhai  doramon k gahr jana,no,none,na,joy,Ducky/english bhai/urdu doramon/urdu k/urdu gahr/urdu jana/urdu
4k0ZV0UFZSw,Zalzale karwaye jaathe hain thake mulku ko tabha barbaad kar den...yeh hotha hai mulku ko karzoi karne ka,yes,none,na,anger,Zalzale/urdu karwaye/urdu jaathe/urdu hain/urdu thake/urdu mulku/urdu ko/urdu tabha/urdu barbaad/urdu kar/urdu den/urdu yeh/urdu hotha/urdu hai/urdu mulku/urdu ko/urdu karzoi/urdu karne/urdu ka/urdu
VUKai4CZSNw,Hello Bhai jan 🎉🎉🎉,no,none,na,joy,Hello/english Bhai/urdu jan/urdu 🎉🎉🎉/ambiguous
zfjRK9s0pjA,Allah maa aur beti donon ko hifazat main rakhain,no,none,na,none,Allah/ambiguous maa/urdu aur/urdu beti/urdu donon/urdu ko/urdu hifazat/urdu main/urdu rakhain/urdu
UiYpRBQ74fs,Ye Julm Keb Tek Hota Rahega. Allah Pak Ki Giraft Bohat Jeld Aeagi Or Jalumo Ko Chupneki Jaga Nahi Melegi Insha'Allah.,no,offensive,na,anger,Ye/urdu Julm/urdu Keb/urdu Tek/urdu Hota/urdu Rahega/urdu Allah/urdu Pak/urdu Ki/urdu Giraft/urdu Bohat/urdu Jeld/urdu Aeagi/urdu Or/urdu Jalumo/urdu Ko/urdu Chupneki/urdu Jaga/urdu Nahi/urdu Melegi/urdu Insha'Allah/urdu
-w7eMfsuRgA,Jo sube bnane se kare inkar wo he  de pk ka Sara qarza Asim Munir ko ye qoom new suobe bnane pe slam kare gee,yes,offensive,na,anger,Jo/urdu sube/urdu bnane/urdu se/urdu kare/urdu inkar/urdu wo/urdu he/urdu de/urdu pk/english ka/urdu Sara/urdu qarza/urdu Asim/urdu Munir/urdu ko/urdu ye/urdu qoom/urdu new/english suobe/urdu bnane/urdu pe/urdu slam/urdu kare/urdu gee/urdu
ttL6k7wzGmQ,Awaz Nahin a rahy Sami sab,no,none,na,sadness,Awaz/urdu Nahin/urdu a/urdu rahy/urdu Sami/ambiguous sab/urdu
nqbNLe84dpM,Nal band kro Pani zaya ho raha ha😢,no,none,na,sadness,Nal/urdu band/urdu kro/urdu Pani/urdu zaya/urdu ho/urdu raha/urdu ha/urdu
IMnXqYDHhZI,Khush ho k dikhao madam jab hisab ki bari ayi to tangay jao gy,yes,offensive,na,anger,Khush/urdu ho/urdu k/urdu dikhao/urdu madam/english jab/urdu hisab/urdu ki/urdu bari/urdu ayi/urdu to/urdu tangay/urdu jao/urdu gy/urdu
BljaIOvFkcM,Jab ka ham sab dilo jan sa imran khan ko spport krta hn,no,none,na,joy,Jab/urdu ka/urdu ham/urdu sab/urdu dilo/urdu jan/urdu sa/urdu imran/ambiguous khan/urdu ko/urdu spport/english krta/urdu hn/urdu
Erif7Vj9NSQ,Black pen aap bahut acche top aap apni location bhej sakte hain maine aapko batana main aapko bahut badi fan hun aap panch bahanon ki Maine abhikriya ke Ghar bhi aana hai😊😊😊😊😊😊😊😊😊😊😊,no,none,na,joy,Black/english pen/english aap/urdu bahut/urdu acche/urdu top/english aap/urdu apni/urdu location/english bhej/urdu sakte/urdu hain/urdu maine/urdu aapko/urdu batana/urdu main/urdu aapko/urdu bahut/urdu badi/urdu fan/english hun/urdu aap/urdu panch/urdu bahanon/urdu ki/urdu Maine/urdu abhikriya/urdu ke/urdu Ghar/urdu bhi/urdu aana/urdu hai/urdu
zfjRK9s0pjA,Allah aapko kahate Hain maine aapke liye bahut Aage main jarur Hoga Dua Kiya😢,no,none,na,sadness,Allah/urdu aapko/urdu kahate/urdu Hain/urdu maine/urdu aapke/urdu liye/urdu bahut/urdu Aage/urdu main/urdu jarur/urdu Hoga/urdu Dua/urdu Kiya/urdu
XHQrr9fmTkc,Ap NY bola tha edit Karna sab ma NY b ki haaa please dakhyan ap,no,none,na,none,Ap/urdu NY/ambiguous bola/urdu tha/urdu edit/english Karna/urdu sab/urdu ma/urdu NY/ambiguous b/ambiguous ki/urdu haaa/urdu please/english dakhyan/urdu ap/urdu
PKFU1F2QEMQ,Allah pak AP ko dher sari khushian de rehna bana naseeb Kary mashaallah,no,none,na,joy,Allah/urdu pak/urdu AP/urdu ko/urdu dher/urdu sari/urdu khushian/urdu de/urdu rehna/urdu bana/urdu naseeb/urdu Kary/urdu mashaallah/urdu
VUKai4CZSNw,Ducky Bhai main apki bht bari fan ho Meray request hay Kay ap Switzer land main plzzzz,no,none,na,joy,Ducky/ambiguous Bhai/urdu main/urdu apki/urdu bht/urdu bari/urdu fan/english ho/urdu Meray/urdu request/english hay/urdu Kay/urdu ap/urdu Switzer/english land/english main/urdu plzzzz/english
BljaIOvFkcM,Allah khan or pakistan ka or Omaat  ka hefazat farmaa yahoode egantoo se,no,hate,na,anger,Allah/urdu khan/urdu or/english pakistan/urdu ka/urdu or/english Omaat/urdu ka/urdu hefazat/urdu farmaa/urdu yahoode/urdu egantoo/ambiguous se/urdu
UiYpRBQ74fs,Foji koi b mara to wo shaheed ni wo kute ki mot mara us ko shaid ni kho,yes,offensive,na,anger,Foji/urdu koi/urdu b/urdu mara/urdu to/urdu wo/urdu shaheed/urdu ni/urdu wo/urdu kute/urdu ki/urdu mot/urdu mara/urdu us/urdu ko/urdu shaid/urdu ni/urdu kho/urdu
FH8OUP2_sN4,Ducky Bhai brand ❤️,no,none,na,joy,urdu/ambiguous urdu/urdu english/english ambiguous/ambiguous
eY0i4nBXqdY,Ham bhi game humra per,yes,none,na,joy,Ham/urdu bhi/urdu game/english humra/urdu per/urdu
N-0DINjOMlY,"ab jis ghar me ap log shift hone wale hain kiya wo ap ka khud ka nahi hai wo  bhi kisi or ka hai
sorry agar kuch bura laga ho tou but plzz reply me",no,none,na,none,ab/urdu jis/urdu ghar/urdu me/urdu ap/urdu log/urdu shift/english hone/urdu wale/urdu hain/urdu kiya/urdu wo/urdu ap/urdu ka/urdu khud/urdu ka/urdu nahi/urdu hai/urdu wo/urdu bhi/urdu kisi/urdu or/urdu ka/urdu hai/urdu sorry/english agar/urdu kuch/urdu bura/urdu laga/urdu ho/urdu tou/urdu but/english plzz/english reply/english me/urdu
PKFU1F2QEMQ,Allah humko bhi apna Ghar de,no,none,na,sadness,Allah/urdu humko/urdu bhi/urdu apna/urdu Ghar/urdu de/urdu
IMnXqYDHhZI,Shoze pa Masha Allah kon phirta Hai itni jahil loog😢,yes,offensive,na,anger|sadness,urdu/urdu pa/urdu Masha/urdu Allah/urdu kon/urdu phirta/urdu Hai/urdu itni/urdu jahil/urdu loog/urdu
WJxfQWiP9DQ,Allha aap ko seht o tandursti atta kare hands of to you,no,none,na,joy,Allha/urdu aap/urdu ko/urdu seht/urdu o/urdu tandursti/urdu atta/urdu kare/urdu hands/english of/english to/english you/english
IMnXqYDHhZI,Mashallah fv8 couple dono aise e hasi Khushi vlogs bnye or kanwal api ap b Roz aise vlogging kre acha lga Hy,no,none,na,joy,Mashallah/urdu fv8/ambiguous couple/english dono/urdu aise/urdu e/urdu hasi/urdu Khushi/urdu vlogs/english bnye/urdu or/urdu kanwal/urdu api/urdu ap/urdu b/urdu Roz/urdu aise/urdu vlogging/english kre/urdu acha/urdu lga/urdu Hy/urdu
BljaIOvFkcM,Aik Punjab khush hai or phir jab hm kuch kehte han tou phir khafa hote han 😢,yes,none,na,sadness|anger,Aik/urdu Punjab/urdu khush/urdu hai/urdu or/urdu phir/urdu jab/urdu hm/urdu kuch/urdu kehte/urdu han/urdu tou/urdu phir/urdu khafa/urdu hote/urdu han/urdu 😢/ambiguous
N-0DINjOMlY,Shekh Bhai b Kamal insan hn Boht achy,no,none,na,joy,Shekh/urdu Bhai/urdu b/english Kamal/urdu insan/urdu hn/urdu Boht/urdu achy/urdu
EyrNOfyxSBQ,Jeo spotter tharkion itni acting tuba tuba Sara mod kharab kar dia lol acting 😂😂😂,yes,offensive,na,joy|anger,Jeo/ambiguous spotter/english tharkion/urdu itni/urdu acting/english tuba/urdu tuba/urdu Sara/urdu mod/urdu kharab/urdu kar/urdu dia/urdu lol/english acting/english
BmpRnfu16YA,Siliguri pyari hai papa Kya hai video ekadashi Billi Billi,no,none,na,joy,Siliguri/ambiguous pyari/urdu hai/urdu papa/urdu Kya/urdu hai/urdu video/english ekadashi/urdu Billi/urdu Billi/urdu
BljaIOvFkcM,Andhay ko nazar araha hai k gilgit me ppp ko govt di gai hai or kashmir me pml n ko milni.inki noora khusti k dramaz ab fail hain .ab nai pakistani beaquf bnat ge.Allah ki madad say wo din dur nai jab ye nizam ibrat banay ga inshaa Allah .islam k name par is mulk ka jo inho ne hashar kia uska hisab allah is duniya me e le ga.inshaa Allah,yes,offensive,na,anger,urdu/urdu urdu/urdu urdu/urdu urdu/urdu urdu/urdu urdu/urdu urdu/urdu urdu/urdu english/english urdu/urdu english/english urdu/urdu urdu/urdu urdu/urdu urdu/urdu urdu/urdu urdu/urdu urdu/urdu english/english urdu/urdu urdu/urdu urdu/urdu urdu/urdu urdu/urdu urdu/urdu urdu/urdu urdu/urdu urdu/urdu urdu/urdu urdu/urdu urdu/urdu urdu/urdu urdu/urdu urdu/urdu urdu/urdu urdu/urdu urdu/urdu urdu/urdu urdu/urdu urdu/urdu urdu/urdu urdu/urdu urdu/urdu urdu/urdu urdu/urdu urdu/urdu urdu/urdu urdu/urdu urdu/urdu urdu/urdu urdu/urdu urdu/urdu urdu/urdu urdu/urdu urdu/urdu urdu/urdu urdu/urdu urdu/urdu urdu/urdu urdu/urdu urdu/urdu urdu/urdu urdu/urdu urdu/urdu urdu/urdu urdu/urdu
zfjRK9s0pjA,Aoa api hmari duain ap ka sat ha,no,none,na,joy,Aoa/urdu api/urdu hmari/urdu duain/urdu ap/urdu ka/urdu sat/urdu ha/urdu
Erif7Vj9NSQ,Ap bohot pyari lag Rahi hai Rabia Api ❤❤😊,no,none,na,joy,Ap/urdu bohot/urdu pyari/urdu lag/urdu Rahi/urdu hai/urdu Rabia/ambiguous Api/urdu ❤❤😊/ambiguous
UiYpRBQ74fs,Walikumsalaam Bhai jaan Allah pak AP ko apni hefaazt mine rakhey Ameen summa Ameen brother,no,none,na,joy,Walikumsalaam/urdu Bhai/urdu jaan/urdu Allah/urdu pak/urdu AP/urdu ko/urdu apni/urdu hefaazt/urdu mine/urdu rakhey/urdu Ameen/urdu summa/urdu Ameen/urdu brother/english
BaMLBWWvNHA,Sharm to Nahin aati Hogi vah to insan hai jise Tum insan Kya rakha hai vah khana khane se Koi Fark Nahin padta Lekin Tum to insan ke laane ke layak bhi Nahin ho,yes,offensive,na,anger,Sharm/urdu to/urdu Nahin/urdu aati/urdu Hogi/urdu vah/urdu to/urdu insan/urdu hai/urdu jise/urdu Tum/urdu insan/urdu Kya/urdu rakha/urdu hai/urdu vah/urdu khana/urdu khane/urdu se/urdu Koi/urdu Fark/urdu Nahin/urdu padta/urdu Lekin/urdu Tum/urdu to/urdu insan/urdu ke/urdu laane/urdu ke/urdu layak/urdu bhi/urdu Nahin/urdu ho/urdu
hhFGhAo4ZfY,Molive sab kha ha,yes,none,na,joy,Molive/ambiguous sab/urdu kha/urdu ha/urdu
eY0i4nBXqdY,Happy airport per sab kuchh free hai,yes,none,na,joy,Happy/english airport/english per/urdu sab/urdu kuchh/urdu free/english hai/urdu
BaMLBWWvNHA,Bhai salute you ......lots of love,no,none,na,joy,Bhai/urdu salute/english you/english lots/english of/english love/english
eY0i4nBXqdY,Mashallah mano ka paar sai ho geya,no,none,na,joy,Mashallah/urdu mano/urdu ka/urdu paar/urdu sai/urdu ho/urdu geya/urdu
8ksTrbtyTco,Best bro.... Kuch hat ky to deekhny ko mila.,yes,none,na,joy|surprise,Best/english bro/english Kuch/urdu hat/urdu ky/urdu to/urdu deekhny/urdu ko/urdu mila/urdu
nqbNLe84dpM,iqra api plz chuta sa gher ly do rehne k liye susral Waly bht tang kerte hain 0:36 0:36 0:36 0:37 0:37 0:37 0:37 0:39 0:39 0:39,no,offensive,na,anger,iqra/urdu api/urdu plz/english chuta/urdu sa/urdu gher/urdu ly/urdu do/urdu rehne/urdu k/urdu liye/urdu susral/urdu Waly/urdu bht/urdu tang/urdu kerte/urdu hain/urdu 0:36/ambiguous 0:36/ambiguous 0:36/ambiguous 0:37/ambiguous 0:37/ambiguous 0:37/ambiguous 0:37/ambiguous 0:39/ambiguous 0:39/ambiguous 0:39/ambiguous
eY0i4nBXqdY,Main bhi saudia me Jeddah gi Hoye hon,no,none,na,joy,Main/urdu bhi/urdu saudia/urdu me/urdu Jeddah/ambiguous gi/urdu Hoye/urdu hon/urdu
VUKai4CZSNw,Pakistani jahil hi rahenge aur binomo jese apps ko promote krenge even me wo top YouTuber ho Pakistan ke😂,yes,offensive,na,anger|joy,Pakistani/urdu jahil/urdu hi/urdu rahenge/urdu aur/urdu binomo/english jese/urdu apps/english ko/urdu promote/english krenge/urdu even/english me/urdu wo/urdu top/english YouTuber/english ho/urdu Pakistan/urdu ke/urdu
nqbNLe84dpM,Mashallah mashallah mashallah mashallah mashallah mashallah mashallah mashallah mashallah mashallah mashallah ❤❤ iqra api ap bohat ache lag Rahe ha,no,none,na,joy,Mashallah/urdu mashallah/urdu mashallah/urdu mashallah/urdu mashallah/urdu mashallah/urdu mashallah/urdu mashallah/urdu mashallah/urdu mashallah/urdu mashallah/urdu ❤❤/ambiguous iqra/urdu api/urdu ap/urdu bohat/urdu ache/urdu lag/urdu Rahe/urdu ha/urdu
XHQrr9fmTkc,Fatima Api ki best vlogging ha ❤❤,no,none,na,joy,urdu/urdu Api/urdu ki/urdu best/english vlogging/english ha/urdu ❤❤/ambiguous
HeZ2VBdJeOk,ARMY CHEIF BHI GHAIR AAINI HAY... RETIRED ON JOB..,yes,offensive,na,anger,ARMY/english CHEIF/english BHI/urdu GHAIR/urdu AAINI/urdu HAY/urdu RETIRED/english ON/english JOB/english
gvG35CxYOLg,"Shaveer:share hai tiger hai 
Hashir:meow",yes,none,na,joy,urdu/ambiguous hai/urdu tiger/english hai/urdu meow/english
XHQrr9fmTkc,ap bhut best ho,no,none,na,joy,ap/urdu bhut/urdu best/english ho/urdu
WJxfQWiP9DQ,Muhsin nqvi foj ka pakhana hy,yes,offensive,na,anger,urdu/urdu nqvi/ambiguous foj/urdu ka/urdu pakhana/urdu hy/urdu
BmpRnfu16YA,May saudiya se I Hui hun,no,none,na,none,urdu/urdu saudiya/urdu se/urdu I/english Hui/urdu hun/urdu
BaMLBWWvNHA,Very good zulqarnain Bhai ❤❤,no,none,na,joy,Very/english good/english zulqarnain/ambiguous Bhai/urdu ❤❤/ambiguous
4k0ZV0UFZSw,Ya loog bhi Kia loog Hain mur kuun Nahin jatay,yes,offensive,na,anger,Ya/urdu loog/urdu bhi/urdu Kia/urdu loog/urdu Hain/urdu mur/urdu kuun/urdu Nahin/urdu jatay/urdu
EyrNOfyxSBQ,Khwab Karte Nahin yah Khwab kiye Jaate Hain Jisne yah Tumhare drama Kiya Hai Tumhen sach mein Tumhare Hain movie hai FIR vah Kaun Hai Jo agale block Mein Aate Hain kiye Jaate Hain Magar Bahut Karte Hain😭😭😭😭😭😭😭😭😭😭😭🥺🥺💔💔❤️‍🩹❤️‍🩹,yes,none,na,sadness|anger,Khwab/urdu Karte/urdu Nahin/urdu yah/urdu Khwab/urdu kiye/urdu Jaate/urdu Hain/urdu Jisne/urdu yah/urdu Tumhare/urdu drama/english Kiya/urdu Hai/urdu Tumhen/urdu sach/urdu mein/urdu Tumhare/urdu Hain/urdu movie/english hai/urdu FIR/urdu vah/urdu Kaun/urdu Hai/urdu Jo/urdu agale/urdu block/english Mein/urdu Aate/urdu Hain/urdu kiye/urdu Jaate/urdu Hain/urdu Magar/urdu Bahut/urdu Karte/urdu Hain/urdu
gvG35CxYOLg,Aise na karo. Logon ke liye apni sehat aur zindagi ke saath na khelo.,no,none,na,anger,Aise/urdu na/urdu karo/urdu Logon/urdu ke/urdu liye/urdu apni/urdu sehat/urdu aur/urdu zindagi/urdu ke/urdu saath/urdu na/urdu khelo/urdu
EyrNOfyxSBQ,Harr  kisi kay  in jesi kismat nahi hoti or ya allah in jesi kismat kisi ki na ho apnay deen or apnay allah sau durr hay bass mujra karna aata hay or young generation ko kia sikha rahi hay kay independent honay kay liye mujra karo or apnay dupattay uttar do jahil log,yes,offensive,na,anger,Harr/urdu kisi/urdu kay/urdu in/urdu jesi/urdu kismat/urdu nahi/urdu hoti/urdu or/urdu ya/urdu allah/urdu in/urdu jesi/urdu kismat/urdu kisi/urdu ki/urdu na/urdu ho/urdu apnay/urdu deen/urdu or/urdu apnay/urdu allah/urdu sau/urdu durr/urdu hay/urdu bass/urdu mujra/urdu karna/urdu aata/urdu hay/urdu or/urdu young/english generation/english ko/urdu kia/urdu sikha/urdu rahi/urdu hay/urdu kay/urdu independent/english honay/urdu kay/urdu liye/urdu mujra/urdu karo/urdu or/urdu apnay/urdu dupattay/urdu uttar/urdu do/urdu jahil/urdu log/urdu
gvG35CxYOLg,Liked only for the Sundas's part. Baki video me maza nhi aaya😕complete karna chahiye na saari dish ko,no,none,na,sadness,Liked/english only/english for/english the/english Sundas's/english part/english Baki/urdu video/english me/urdu maza/urdu nhi/urdu aaya/urdu complete/english karna/urdu chahiye/urdu na/urdu saari/urdu dish/english ko/urdu
BaMLBWWvNHA,Lanti insan Rajab family ko fitna mat bolna sala jis tali ma kaya işi ma cihada tari okay Kiya ha tü un ki Shadi karay😊,yes,offensive,na,anger,urdu/urdu urdu/urdu urdu/urdu family/english ko/urdu fitna/urdu mat/urdu bolna/urdu sala/urdu jis/urdu tali/urdu ma/urdu kaya/urdu işi/ambiguous ma/urdu cihada/urdu tari/urdu okay/english Kiya/urdu ha/urdu tü/urdu un/urdu ki/urdu Shadi/urdu karay/urdu
XHQrr9fmTkc,Fatima API shoa Ap ke vlog me ku nai aati🎉,no,none,na,joy|surprise,Fatima/ambiguous API/english shoa/urdu Ap/urdu ke/urdu vlog/english me/urdu ku/urdu nai/urdu aati/urdu
EyrNOfyxSBQ,Very nice movie mashallah allah ap logon ko or kamiyabi da amnen ❤❤❤❤,no,none,na,joy,Very/english nice/english movie/english mashallah/urdu allah/urdu ap/urdu logon/urdu ko/urdu or/urdu kamiyabi/urdu da/urdu amnen/urdu
hhFGhAo4ZfY,Waqas bhai plz funny video banao❤,no,none,na,joy,Waqas/urdu bhai/urdu plz/english funny/english video/english banao/urdu
VUKai4CZSNw,ye beg Indian cricket player m siraj nay pakra hay same use ke copy hay,no,none,na,none,ye/urdu beg/urdu Indian/english cricket/english player/english m/urdu siraj/urdu nay/urdu pakra/urdu hay/urdu same/english use/english ke/urdu copy/english hay/urdu
IMnXqYDHhZI,Plz Positive comment API ny abi Shuru kiya h or wo bohat achi b lgti h vlog krti good 👍 luck api,no,none,na,joy,Plz/english Positive/english comment/english API/english ny/urdu abi/urdu Shuru/urdu kiya/urdu h/urdu or/urdu wo/urdu bohat/urdu achi/urdu b/urdu lgti/urdu h/urdu vlog/english krti/urdu good/english 👍/ambiguous luck/english api/english
VUKai4CZSNw,1rst time tmhari video dekhi but bilkull Tatti hou tum or tmhari bekaar ki overacting. Ptta nahi log itny lallu Q hein jo tmhen follow krty hein,no,offensive,na,anger,english/ambiguous english/english urdu/urdu english/english urdu/urdu english/english urdu/urdu urdu/urdu urdu/urdu urdu/urdu urdu/urdu urdu/urdu urdu/urdu urdu/urdu english/english urdu/urdu urdu/urdu urdu/urdu urdu/urdu urdu/urdu english/english urdu/urdu urdu/urdu urdu/urdu english/english urdu/urdu urdu/urdu
EyrNOfyxSBQ,Ye short film kuch zada hi short hy,yes,none,na,surprise,Ye/urdu short/english film/english kuch/urdu zada/urdu hi/urdu short/english hy/urdu
8ksTrbtyTco,Raffah hai aagg ki basti main or youtubers apni masti main,yes,none,na,anger|sadness,Raffah/ambiguous hai/urdu aagg/urdu ki/urdu basti/urdu main/urdu or/english youtubers/english apni/urdu masti/urdu main/urdu
EyrNOfyxSBQ,Yar mane AJ tak ese ache film nahe dekhw hy is par 7 milon nahe balke 100 milon hone chahe,no,none,na,joy|surprise,Yar/urdu mane/urdu AJ/urdu tak/urdu ese/urdu ache/urdu film/english nahe/urdu dekhw/urdu hy/urdu is/english par/urdu 7/ambiguous milon/urdu nahe/urdu balke/urdu 100/ambiguous milon/urdu hone/urdu chahe/urdu
gvG35CxYOLg,Bhai dubara mat krna bwaseer ho jaye g,no,none,na,fear,Bhai/urdu dubara/urdu mat/urdu krna/urdu bwaseer/urdu ho/urdu jaye/urdu g/ambiguous
N-0DINjOMlY,KANWAL IS THE BESTTT.. IA PISSA AWARDS MAI BHI AP HE JEETEN GEEN🥹❤💪!! We are with youuuu,no,none,na,joy,KANWAL/ambiguous IS/english THE/english BESTTT/english IA/ambiguous PISSA/ambiguous AWARDS/english MAI/urdu BHI/urdu AP/urdu HE/urdu JEETEN/urdu GEEN/urdu We/english are/english with/english youuuu/english
nqbNLe84dpM,Ya kha sy multi ha iqra api zarooor btna plz,no,none,na,none,Ya/urdu kha/urdu sy/urdu multi/english ha/urdu iqra/urdu api/urdu zarooor/urdu btna/urdu plz/english
zfjRK9s0pjA,Iqra API AP ko period hota hai,yes,offensive,na,anger,Iqra/ambiguous API/english AP/english ko/urdu period/english hota/urdu hai/urdu
IMnXqYDHhZI,ALLAH AZZWAJAL falasteen ke musalmano ko behtareen se behtareen iman sehat afiyat ataa karein beshumar rizq qoob khushiyan qoob happiness qoob rizq qoob aaram qoob sukoon qoob raahat qoob peace qoob safety qoob security qoob shifa qoob love qoob smiles immense safety immense security immense shifa immense love immense smiles immense sukoon immense raahat immense aaram immense peace immense rizq unlimited rizq unlimited happiness unlimited khushiyan unlimited safety unlimited security unlimited shifa unlimited love unlimited smiles unlimited sukoon unlimited raahat unlimited peace unlimited aaram unlimited rizq special blessings of ALLAH AZZWAJAL ataa farmaye آمين يارب العالمين,no,none,na,joy,ALLAH/urdu AZZWAJAL/urdu falasteen/urdu ke/urdu musalmano/urdu ko/urdu behtareen/urdu se/urdu behtareen/urdu iman/urdu sehat/urdu afiyat/urdu ataa/urdu karein/urdu beshumar/urdu rizq/urdu qoob/urdu khushiyan/urdu qoob/urdu happiness/english qoob/urdu rizq/urdu qoob/urdu aaram/urdu qoob/urdu sukoon/urdu qoob/urdu raahat/urdu qoob/urdu peace/english qoob/urdu safety/english qoob/urdu security/english qoob/urdu shifa/urdu qoob/urdu love/english qoob/urdu smiles/english immense/english safety/english immense/english security/english immense/english shifa/urdu immense/english love/english immense/english smiles/english immense/english sukoon/urdu immense/english raahat/urdu immense/english aaram/urdu immense/english peace/english immense/english rizq/urdu unlimited/english rizq/urdu unlimited/english happiness/english unlimited/english khushiyan/urdu unlimited/english safety/english unlimited/english security/english unlimited/english shifa/urdu unlimited/english love/english unlimited/english smiles/english unlimited/english sukoon/urdu unlimited/english raahat/urdu unlimited/english peace/english unlimited/english aaram/urdu unlimited/english rizq/urdu special/english blessings/english of/english ALLAH/urdu AZZWAJAL/urdu ataa/urdu farmaye/urdu آمين/urdu يارب/urdu العالمين/urdu
FH8OUP2_sN4,chocta i phone mujhe dy do,yes,none,na,joy,chocta/urdu i/english phone/english mujhe/urdu dy/urdu do/urdu
UiYpRBQ74fs,Ap sy rabta ksy kia jy,no,none,na,none,Ap/urdu sy/urdu rabta/urdu ksy/urdu kia/urdu jy/urdu
BmpRnfu16YA,the way haya said;;hum ac chalate hain,yes,none,na,joy|surprise,the/english way/english haya/ambiguous said/english ac/urdu chalate/urdu hain/urdu
IMnXqYDHhZI,Mashallah nhi bolty  API,yes,none,na,none,Mashallah/urdu nhi/urdu bolty/urdu API/english
nqbNLe84dpM,Mujhe lagta hai ke AJ ka vlog nhi aye ga 😢,no,none,na,sadness,Mujhe/urdu lagta/urdu hai/urdu ke/urdu AJ/ambiguous ka/urdu vlog/english nhi/urdu aye/urdu ga/urdu 😢/ambiguous
BmpRnfu16YA,Tere Piche mujhe bahut acche lagte Hain,no,none,na,joy,Tere/urdu Piche/urdu mujhe/urdu bahut/urdu acche/urdu lagte/urdu Hain/urdu
4k0ZV0UFZSw,"W, salam bhai jaan ❤❤❤❤❤❤❤❤❤❤❤❤❤❤❤❤❤❤❤❤❤❤❤❤❤",no,none,na,joy,"W,/ambiguous salam/urdu bhai/urdu jaan/urdu ❤❤❤❤❤❤❤❤❤❤❤❤❤❤❤❤❤❤❤❤❤❤❤❤❤/ambiguous"
EyrNOfyxSBQ,Kash Itny ghyrat Ashley baab Mai hoti😂😂😂😂😂,yes,offensive,na,joy,Kash/urdu Itny/urdu ghyrat/urdu Ashley/english baab/urdu Mai/urdu hoti/urdu
BmpRnfu16YA,Mujhe paise Aati Hai😢,yes,none,na,sadness,Mujhe/urdu paise/urdu Aati/urdu Hai/urdu
gvG35CxYOLg,Only bnda of Pakistan with nic language ❤ utuber,no,none,na,joy,Only/english bnda/urdu of/english Pakistan/english with/english nic/urdu language/english ❤/ambiguous utuber/english
VUKai4CZSNw,Ducky Bhai Baby kab le rahy ho Allah Sye,yes,none,na,surprise,Ducky/english Bhai/urdu Baby/english kab/urdu le/urdu rahy/urdu ho/urdu Allah/urdu Sye/urdu
nqbNLe84dpM,Zainab tw phly he itne bare over acter hy 😊,yes,offensive,na,joy,Zainab/ambiguous tw/urdu phly/urdu he/urdu itne/urdu bare/urdu over/english acter/english hy/urdu 😊/ambiguous
BaMLBWWvNHA,Allah pak in ke taha hamin b kamiyabian dai ameen,no,none,na,joy,Allah/urdu pak/urdu in/urdu ke/urdu taha/urdu hamin/urdu b/urdu kamiyabian/urdu dai/urdu ameen/urdu
zfjRK9s0pjA,Sahi bole to aap yad Karen Nahin kuchh bhi Nahin hota bahubali mama banne wali hai are bhai abhi papa banne wala,yes,none,na,joy|surprise,Sahi/urdu bole/urdu to/urdu aap/urdu yad/urdu Karen/urdu Nahin/urdu kuchh/urdu bhi/urdu Nahin/urdu hota/urdu bahubali/ambiguous mama/urdu banne/urdu wali/urdu hai/urdu are/urdu bhai/urdu abhi/urdu papa/urdu banne/urdu wala/urdu
BmpRnfu16YA,Haya Ka Ghar bahut bahut hi jyada pyara hai 🥰🥰🥰🥰🥰🥰🥰,no,none,na,joy,Haya/ambiguous Ka/urdu Ghar/urdu bahut/urdu bahut/urdu hi/urdu jyada/urdu pyara/urdu hai/urdu 🥰🥰🥰🥰🥰🥰🥰/ambiguous
zfjRK9s0pjA,Plz asi jaga pak nam na Lia karo oapr sary jotia lekar aty hai asy berommati hai plz atyat😢😊,no,none,na,sadness|joy,Plz/english asi/urdu jaga/urdu pak/urdu nam/urdu na/urdu Lia/urdu karo/urdu oapr/urdu sary/urdu jotia/urdu lekar/urdu aty/urdu hai/urdu asy/urdu berommati/urdu hai/urdu plz/english atyat/urdu
BmpRnfu16YA,"Haya ka ghr ❌
Ambani ka ghr ✔️",yes,none,na,joy,Haya/urdu ka/urdu ghr/urdu ❌/ambiguous Ambani/urdu ka/urdu ghr/urdu ✔️/ambiguous
IMnXqYDHhZI,"Kitni respect deta hai zulqar apni wife ko, kasm sai zulqar you don’t deserve her. She is so cheap",yes,offensive,na,anger,Kitni/urdu respect/english deta/urdu hai/urdu zulqar/ambiguous apni/urdu wife/english ko/urdu kasm/urdu sai/urdu zulqar/ambiguous you/english don't/english deserve/english her/english She/english is/english so/english cheap/english
XHQrr9fmTkc,Bhot Maza Aya Gai poll ma Jahan  aap rahi  hai Khushi mujhe ho rahi hai😂 aapke vlog interesting hote Hain fans ap k Pagal hai ap par mere thara,no,none,na,joy,Bhot/urdu Maza/urdu Aya/urdu Gai/urdu poll/english ma/urdu Jahan/urdu aap/urdu rahi/urdu hai/urdu Khushi/urdu mujhe/urdu ho/urdu rahi/urdu hai/urdu aapke/urdu vlog/english interesting/english hote/urdu Hain/urdu fans/english ap/urdu k/urdu Pagal/urdu hai/urdu ap/urdu par/urdu mere/urdu thara/urdu
BljaIOvFkcM,Sab dhashatgardee phojj karwatee hee,yes,none,na,anger,Sab/urdu dhashatgardee/urdu phojj/urdu karwatee/urdu hee/urdu
FH8OUP2_sN4,Yra ducky chas Kara di ha ju anti ki nakal utari ha😅😅😂😂,yes,none,na,joy|surprise,urdu/ambiguous english/english urdu/urdu urdu/urdu urdu/urdu urdu/urdu urdu/urdu urdu/urdu urdu/urdu urdu/urdu urdu/urdu
BaMLBWWvNHA,100% Sahi baat hai❤🎉,no,none,na,joy,english/english Sahi/urdu baat/urdu hai/urdu
XHQrr9fmTkc,Assalam Walekum aap Chalaki wali video Kyon Nahin banati😢,no,none,na,sadness,Assalam/urdu Walekum/urdu aap/urdu Chalaki/urdu wali/urdu video/english Kyon/urdu Nahin/urdu banati/urdu
BaMLBWWvNHA,"Bichara Rajab se jealous ho rha he ke Rajab bhai ❤ .
Itne paisy kio kma rahy Hain 😂
Hasdi family 
Anti g😂😅",yes,none,na,joy,Bichara/urdu Rajab/urdu se/urdu jealous/english ho/urdu rha/urdu he/urdu ke/urdu Rajab/urdu bhai/urdu ❤/ambiguous ./ambiguous Itne/urdu paisy/urdu kio/urdu kma/urdu rahy/urdu Hain/urdu 😂/ambiguous Hasdi/urdu family/english Anti/urdu g/ambiguous
UiYpRBQ74fs,Iran ki BAAT bh❤i zaror Kya Karen shukria,no,none,na,none,urdu/urdu urdu/urdu urdu/urdu urdu/urdu urdu/urdu urdu/urdu urdu/urdu urdu/urdu
ttL6k7wzGmQ,Neklo iman ky khatter,no,none,na,none,Neklo/urdu iman/urdu ky/urdu khatter/urdu
BmpRnfu16YA,Tenu Sara kuchh pasand hai,no,none,na,joy,urdu/urdu urdu/urdu urdu/urdu urdu/urdu urdu/urdu
BmpRnfu16YA,Tum  hara  hous  kaha  ha,no,none,na,none,Tum/urdu hara/urdu hous/english kaha/urdu ha/urdu
BaMLBWWvNHA,Best Volga bhai you are right ❤,no,none,na,joy,Best/english Volga/english bhai/urdu you/english are/english right/english ❤/ambiguous
WJxfQWiP9DQ,mohsin naqwi asal me pakistan ki har taraf se barbadi ko except kar raha hy,yes,offensive,na,anger,mohsin/ambiguous naqwi/ambiguous asal/urdu me/urdu pakistan/urdu ki/urdu har/urdu taraf/urdu se/urdu barbadi/urdu ko/urdu except/english kar/urdu raha/urdu hy/urdu
XHQrr9fmTkc,Fatima api ma ap ki fan ho,no,none,na,joy,Fatima/ambiguous api/urdu ma/urdu ap/urdu ki/urdu fan/english ho/urdu
BaMLBWWvNHA,Bhai congratulations for  3.7 million subscribers,no,none,na,joy,Bhai/urdu congratulations/english for/english 3.7/ambiguous million/english subscribers/english
hhFGhAo4ZfY,O Bala o anda wala challenge karo❤❤❤❤❤❤❤❤❤❤,no,none,na,joy,O/urdu Bala/urdu o/urdu anda/urdu wala/urdu challenge/english karo/urdu
EyrNOfyxSBQ,Ya short film ik reality ha jo aj bhi zinda ha hamhen mil kar isa khatam karna chahia,no,none,na,none,Ya/urdu short/english film/english ik/urdu reality/english ha/urdu jo/urdu aj/urdu bhi/urdu zinda/urdu ha/urdu hamhen/urdu mil/urdu kar/urdu isa/urdu khatam/urdu karna/urdu chahia/urdu
BaMLBWWvNHA,Kehan vo 10 million wala kehan tum 3 million wale 😎🤣 rajab ke nam pe phale views leke ab Bhonk reha ha 😂 vo fitna ha to tum fit a pro max ho bhai,yes,offensive,na,joy|anger,Kehan/urdu vo/urdu 10/english million/english wala/urdu kehan/urdu tum/urdu 3/english million/english wale/urdu 😎🤣/ambiguous rajab/urdu ke/urdu nam/urdu pe/urdu phale/urdu views/english leke/urdu ab/urdu Bhonk/urdu reha/urdu ha/urdu 😂/ambiguous vo/urdu fitna/urdu ha/urdu to/urdu tum/urdu fit/english a/english pro/english max/english ho/urdu bhai/urdu
eY0i4nBXqdY,Namaz kabhi AP me paree Nahi omra Karne ga Rahi ho😡😡😡😡😡😡😡😡😡😡😡😡😡😡😡😡😡😡😡😡😡😡😡😡😡😡😡😡😡😡😡😡😡😡😡😡😡😡😡😡😡😡😡😡😡😡😡😡😡😡😡😡😡😡😡😡😡😡😡😡😡😡😡😡😡😡😡😡😡😡😡😡😡😡😡😡😡😡😡😡😡😡😡😡😡😡😡😡😡😡😡😡😡😡😡😡😡😡😡😡😡😡😡😡😡😡😡😡😡😡😡😡😡😡😡😡😡😡😡😡😡😡😡😡😡😡😡😡😡😡😡😡😡😡😡😡😡😡😡😡😡😡😡😡😡😡😡😡😡😡😡😡😡😡😡😡😡😡😡😡😡😡😡😡😡😡😡😡😡😡😡😡😡😡😡😡😡😡😡😡😡😡😡😡😡😡😡😡😡😡😡😡😡😡😡😡😡😡😡😡😡😡😡😡😡😡😡😡😡😡😡😡😡😡😡😡😡😡😡😡😡😡😡😡😡😡😡😡😡😡😡😡😡😡😡😡😡😡😡😡😡😡😡😡😡😡😡😡😡😡😡😡😡😡😡😡😡😡😡😡😡😡😡😡😡😡😡😡😡😡😡😡😡😡😡😡😡😡😡😡😡😡😡😡😡😡😡😡😡😡😡😡😡😡😡😡😡😡😡😡😡,no,none,na,anger,Namaz/urdu kabhi/urdu AP/urdu me/urdu paree/urdu Nahi/urdu omra/urdu Karne/urdu ga/urdu Rahi/urdu ho/urdu
IMnXqYDHhZI,Kanwal hi bnaya kre vlog boht mza arha h kanwal k vlog m,no,none,na,joy,Kanwal/ambiguous hi/urdu bnaya/urdu kre/urdu vlog/english boht/urdu mza/urdu arha/urdu h/urdu kanwal/ambiguous k/urdu vlog/english m/urdu
XHQrr9fmTkc,Fatima api both maza aya api ap ise hi 24 hours vlog banaye,no,none,na,joy,Fatima/ambiguous api/urdu both/english maza/urdu aya/urdu api/urdu ap/urdu ise/urdu hi/urdu 24/english hours/english vlog/english banaye/urdu
XHQrr9fmTkc,Ap ki mamma ka mere jesa mobile hai same,yes,offensive,na,anger,Ap/urdu ki/urdu mamma/urdu ka/urdu mere/urdu jesa/urdu mobile/english hai/urdu same/english
4k0ZV0UFZSw,Haji sb ye sab enjoy kar rahy hain awam ko kiry makory samjhty hian is awam k sath asa hona chahye.,yes,offensive,na,anger,urdu/urdu sb/ambiguous ye/urdu sab/urdu enjoy/english kar/urdu rahy/urdu hain/urdu awam/urdu ko/urdu kiry/urdu makory/urdu samjhty/urdu hian/urdu is/english awam/urdu k/urdu sath/urdu asa/urdu hona/urdu chahye/urdu
-w7eMfsuRgA,"Gill bhai, They are going for Sisi model as you remember Ch. Nizmdin frequent visits to  Egypt.",no,none,na,none,urdu/ambiguous bhai/urdu They/english are/english going/english for/english Sisi/english model/english as/english you/english remember/english Ch./english Nizmdin/urdu frequent/english visits/english to/english Egypt/english
4k0ZV0UFZSw,Kl iran ne missile mara but ye ni pta dubai me konsi jagga mara imran bahi,no,none,na,surprise,urdu/ambiguous urdu/ambiguous urdu/ambiguous english/english urdu/ambiguous english/english urdu/ambiguous urdu/ambiguous urdu/ambiguous english/english urdu/ambiguous urdu/ambiguous urdu/ambiguous urdu/ambiguous urdu/ambiguous
BmpRnfu16YA,Ap na chatt to dikhai hi nhi,yes,none,na,anger,Ap/urdu na/urdu chatt/urdu to/urdu dikhai/urdu hi/urdu nhi/urdu
VUKai4CZSNw,Hum ashi rahtey hain Japan main,no,none,na,none,Hum/urdu ashi/urdu rahtey/urdu hain/urdu Japan/english main/urdu
N-0DINjOMlY,Meny aj tk kbhi kisi ki video pay commet ni kia likn itni gndi editing meny aj kl apk vlogs may ni dekhi plzz asy sara mza khrb hota hy plz,no,offensive,na,anger,urdu/urdu urdu/urdu urdu/urdu urdu/urdu urdu/urdu urdu/urdu english/english urdu/urdu english/english urdu/urdu urdu/urdu urdu/urdu urdu/urdu urdu/urdu english/english urdu/urdu urdu/urdu urdu/urdu english/english english/english urdu/urdu urdu/urdu english/english urdu/urdu urdu/urdu urdu/urdu urdu/urdu urdu/urdu urdu/urdu english/english
EyrNOfyxSBQ,"Zbrdast 🎉 sister proud of you,ye he to such he jo bardasht nhe hota, I'm speechless itny km time mei itna jan dar msg dya aap ny itni choti c age mei love you ❤️ god bless you ever 💝",no,none,na,joy|surprise,Zbrdast/urdu 🎉/ambiguous sister/english proud/english of/english you/english ye/urdu he/urdu to/urdu such/english he/urdu jo/urdu bardasht/urdu nhe/urdu hota/urdu I'm/english speechless/english itny/urdu km/urdu time/english mei/urdu itna/urdu jan/urdu dar/urdu msg/english dya/urdu aap/urdu ny/urdu itni/urdu choti/urdu c/english age/english mei/urdu love/english you/english ❤️/ambiguous god/english bless/english you/english ever/english 💝/ambiguous
PKFU1F2QEMQ,Mashallah Allah pk ap sb ko rahna naseeb kry ap ka waldan ko salmt rakhy amen ❤,no,none,na,joy,Mashallah/urdu Allah/urdu pk/ambiguous ap/urdu sb/urdu ko/urdu rahna/urdu naseeb/urdu kry/urdu ap/urdu ka/urdu waldan/urdu ko/urdu salmt/urdu rakhy/urdu amen/ambiguous ❤/ambiguous
IMnXqYDHhZI,ye iss kallo ny kon sa paint  kerwaya hai,yes,none,na,surprise,ye/urdu iss/urdu kallo/urdu ny/urdu kon/urdu sa/urdu paint/english kerwaya/urdu hai/urdu
BljaIOvFkcM,Allah Pak Imran Khan shb ke lahmbi umar atta farmay ameen,no,none,na,joy,Allah/urdu Pak/urdu Imran/ambiguous Khan/ambiguous shb/urdu ke/urdu lahmbi/urdu umar/urdu atta/urdu farmay/urdu ameen/urdu
8ksTrbtyTco,Channel apna toh jitwana he apny apko tha,yes,none,na,anger,Channel/english apna/urdu toh/urdu jitwana/urdu he/urdu apny/urdu apko/urdu tha/urdu
BaMLBWWvNHA,Ok toh aap aapka channel smbhale unki pareshani voh jada samjh sakte he aap nhi,yes,none,na,anger,Ok/ambiguous toh/urdu aap/urdu aapka/urdu channel/english smbhale/urdu unki/urdu pareshani/urdu voh/urdu jada/urdu samjh/urdu sakte/urdu he/urdu aap/urdu nhi/urdu
BaMLBWWvNHA,kamaaaaaaaaaal zulqur bhai.....dil khush kr dya bhattttii ki be izzati kr ke😂🤣🥰,yes,offensive,na,joy,kamaaaaaaaaaal/urdu zulqur/urdu bhai.....dil/urdu khush/urdu kr/urdu dya/urdu bhattttii/urdu ki/urdu be/urdu izzati/urdu kr/urdu ke/urdu
BmpRnfu16YA,Bohat acha yarr ghr hai😊,no,none,na,joy,Bohat/urdu acha/urdu yarr/urdu ghr/urdu hai/urdu
VUKai4CZSNw,2:33 ma gai ap gai ik e bat haa 😂😂,yes,none,na,joy,2:33/ambiguous ma/urdu gai/urdu ap/urdu gai/urdu ik/urdu e/urdu bat/urdu haa/urdu 😂😂/ambiguous
WJxfQWiP9DQ,Jazzak Allah Kher Imran Riaz Khan Bhai ❤❤❤,no,none,na,joy,Jazzak/urdu Allah/urdu Kher/urdu Imran/urdu Riaz/urdu Khan/urdu Bhai/urdu ❤❤❤/ambiguous
zXAAAXogJ78,Non stick ka Bartan agar khrab ho gya to isy use ni  kry bemari banti,no,none,factual,fear,Non/english stick/english ka/urdu Bartan/urdu agar/urdu khrab/urdu ho/urdu gya/urdu to/urdu isy/urdu use/english ni/urdu kry/urdu bemari/urdu banti/urdu
UiYpRBQ74fs,Abhi be qabiz hy pr Pakistani army…. Stay away now hum Kashmiri har nhi manyen gy InshaAllah,no,offensive,na,anger,Abhi/urdu be/urdu qabiz/urdu hy/urdu pr/urdu Pakistani/english army/english Stay/english away/english now/english hum/urdu Kashmiri/urdu har/urdu nhi/urdu manyen/urdu gy/urdu InshaAllah/ambiguous
hhFGhAo4ZfY,Nainao sb k samosay khanau k baad buger ider rakh do k yeh b mai he lha jaoun😂😂,yes,none,na,joy,Nainao/urdu sb/urdu k/urdu samosay/urdu khanau/urdu k/urdu baad/urdu buger/english ider/urdu rakh/urdu do/urdu k/urdu yeh/urdu b/urdu mai/urdu he/urdu lha/urdu jaoun/urdu
IMnXqYDHhZI,Hi kNwal kese ho ap mujhe biuhut achi lagte hai P aizL ke kPre awr joote mujhy donate kRy mere bete aizal se tori chote hI,no,none,na,joy,Hi/english kNwal/urdu kese/urdu ho/urdu ap/urdu mujhe/urdu biuhut/urdu achi/urdu lagte/urdu hai/urdu P/ambiguous aizL/urdu ke/urdu kPre/urdu awr/urdu joote/urdu mujhy/urdu donate/english kRy/urdu mere/urdu bete/urdu aizal/urdu se/urdu tori/urdu chote/urdu hI/urdu
BmpRnfu16YA,"Hmara Ghar bi at gundna wali mashin ha but woo ess taran ki Nahi or only 10,000 ki ha",no,none,na,none,"Hmara/urdu Ghar/urdu bi/urdu at/urdu gundna/urdu wali/urdu mashin/urdu ha/urdu but/english woo/urdu ess/urdu taran/urdu ki/urdu Nahi/urdu or/english only/english 10,000/ambiguous ki/urdu ha/urdu"
BljaIOvFkcM,Imran bhai new na day ab gaerat delay pti k udaydaro ko specially sohail afridi bagairate ko mera baap mari bahan meray bhai Mar rahay hai plz plz plz ab news na diyah karay ab sharam dilayah karay,no,offensive,na,anger|sadness,Imran/ambiguous bhai/urdu new/english na/urdu day/urdu ab/urdu gaerat/urdu delay/english pti/english k/urdu udaydaro/urdu ko/urdu specially/english sohail/ambiguous afridi/ambiguous bagairate/urdu ko/urdu mera/urdu baap/urdu mari/urdu bahan/urdu meray/urdu bhai/urdu Mar/urdu rahay/urdu hai/urdu plz/english plz/english plz/english ab/urdu news/english na/urdu diyah/urdu karay/urdu ab/urdu sharam/urdu dilayah/urdu karay/urdu
zXAAAXogJ78,Zlqarnen ajeeb makhlooq lgrha h bhikaario wala get up kiawa ha makhanchooo lgra 😂😂😂😂😂😂😂,yes,offensive,na,joy,urdu/ambiguous urdu/urdu urdu/urdu urdu/urdu urdu/urdu urdu/urdu urdu/urdu english/english english/english urdu/urdu urdu/urdu urdu/urdu urdu/urdu
IMnXqYDHhZI,Comment mayn btao lets see .....Kanwal vlog acha bna rhi ya Zulqar bhai,yes,none,na,none,Comment/english mayn/urdu btao/urdu lets/english see/english .....Kanwal/urdu vlog/english acha/urdu bna/urdu rhi/urdu ya/urdu Zulqar/urdu bhai/urdu
zfjRK9s0pjA,Itna kya tum Sharma ho tumhari beti bahut acchi hai❤❤❤❤❤❤❤❤❤❤❤❤❤❤❤❤❤❤❤😊,no,none,na,joy,Itna/urdu kya/urdu tum/urdu Sharma/ambiguous ho/urdu tumhari/urdu beti/urdu bahut/urdu acchi/urdu hai/urdu
zXAAAXogJ78,Sach mein bhai jab Sath rahte hain Jab  bad mein alag ho jaate Hain Hain Bada dukh hota😢😢😢 hai AJ to main b ro 😢ra  hi hon😢,no,none,na,sadness,Sach/urdu mein/urdu bhai/urdu jab/urdu Sath/urdu rahte/urdu hain/urdu Jab/urdu bad/urdu mein/urdu alag/urdu ho/urdu jaate/urdu Hain/urdu Hain/urdu Bada/urdu dukh/urdu hota/urdu hai/urdu AJ/urdu to/urdu main/urdu b/ambiguous ro/urdu ra/urdu hi/urdu hon/urdu
FH8OUP2_sN4,"Duku kab aey ga MATLAB baby duck samjh dar k liey ishara kafi ha 2 sal marriage KO ho Gary hain koi khushkhabri Nahi suni , ducky Bhai duku Laney ki koshish karein",yes,none,na,joy|surprise,"Duku/urdu kab/urdu aey/urdu ga/urdu MATLAB/english baby/english duck/english samjh/urdu dar/urdu k/urdu liey/urdu ishara/urdu kafi/urdu ha/urdu 2/english sal/urdu marriage/english KO/urdu ho/urdu Gary/urdu hain/urdu koi/urdu khushkhabri/urdu Nahi/urdu suni/urdu ,/ambiguous ducky/english Bhai/urdu duku/urdu Laney/urdu ki/urdu koshish/urdu karein/urdu"
WJxfQWiP9DQ,Imran Khan ka faisala bi asim adalt ne kerna ha aur tu koi adalt ha nhi,yes,none,na,anger,Imran/ambiguous Khan/ambiguous ka/urdu faisala/urdu bi/urdu asim/urdu adalt/urdu ne/urdu kerna/urdu ha/urdu aur/urdu tu/urdu koi/urdu adalt/urdu ha/urdu nhi/urdu
zfjRK9s0pjA,Bhi areeb ap or api iqra best couple❤❤❤,no,none,na,joy,Bhi/urdu areeb/urdu ap/urdu or/urdu api/urdu iqra/ambiguous best/english couple/english
nqbNLe84dpM,Rabiya kaangri pehalwan lag Rahi hai,yes,none,na,joy,Rabiya/ambiguous kaangri/urdu pehalwan/urdu lag/urdu Rahi/urdu hai/urdu
nqbNLe84dpM,Iqra api aniyaia konsa millk peeti h please or kia kia ap isko khelati han. Ap isko I am a new mother,no,none,na,none,Iqra/urdu api/urdu aniyaia/urdu konsa/urdu millk/urdu peeti/urdu h/urdu please/english or/english kia/urdu kia/urdu ap/urdu isko/urdu khelati/urdu han/urdu Ap/urdu isko/urdu I/english am/english a/english new/english mother/english
BaMLBWWvNHA,Aewien bakwas kr rahay ho tum rajab butt is king of social media,yes,none,na,anger,Aewien/urdu bakwas/urdu kr/urdu rahay/urdu ho/urdu tum/urdu rajab/urdu butt/urdu is/english king/english of/english social/english media/english
N-0DINjOMlY,Zulqurnain Bhai aap ne Jo nack main chain dale hw hai wo Islam main mard pr Haram hai 😢,no,offensive,na,sadness|anger,Zulqurnain/ambiguous Bhai/urdu aap/urdu ne/urdu Jo/urdu nack/urdu main/urdu chain/urdu dale/urdu hw/urdu hai/urdu wo/urdu Islam/urdu main/urdu mard/urdu pr/urdu Haram/urdu hai/urdu 😢/ambiguous
eY0i4nBXqdY,Mubarak ho but kasam se zianab dupatta lena tumhare bass me nhn ge,yes,none,na,joy|surprise,Mubarak/urdu ho/urdu but/english kasam/urdu se/urdu zianab/urdu dupatta/urdu lena/urdu tumhare/urdu bass/urdu me/urdu nhn/urdu ge/urdu
zfjRK9s0pjA,Anavia🎉 ka face reveal ho gia🎉 ap ke bati bohat cute ja🎉🎉🎉🎉🎉❤❤,no,none,na,joy|surprise,urdu/ambiguous urdu/urdu english/english english/english urdu/urdu urdu/urdu urdu/urdu urdu/urdu urdu/urdu urdu/urdu english/english urdu/urdu
BaMLBWWvNHA,Phaly apny followers dekh phir bakwas 4 millions or 9 millions ka muqabala kare tu hasdee family hai,yes,none,na,anger,Phaly/urdu apny/urdu followers/english dekh/urdu phir/urdu bakwas/urdu 4/english millions/english or/english 9/english millions/english ka/urdu muqabala/urdu kare/urdu tu/urdu hasdee/urdu family/english hai/urdu
BaMLBWWvNHA,Shankar Narayan bhai Apne ke bacchon ko bahut bura kaha aisa Nahin kahana chahie tha vah itna bura bhi Nahin hai hamara raja bhai hai vah jyada hi achcha hai Raju bhai ki pareshani log dekhte hain kyunki vah aapke dost hai isliye main aapko ham log dekhti hun Varna main aapko block Nahin dekhna chahti sabse chhota hai jab se aap mujhe bhai ko yah kaha tha Nahin to apna kahe to achcha hoga,no,offensive,na,anger|sadness,Shankar/ambiguous Narayan/ambiguous bhai/urdu Apne/urdu ke/urdu bacchon/urdu ko/urdu bahut/urdu bura/urdu kaha/urdu aisa/urdu Nahin/urdu kahana/urdu chahie/urdu tha/urdu vah/urdu itna/urdu bura/urdu bhi/urdu Nahin/urdu hai/urdu hamara/urdu raja/urdu bhai/urdu hai/urdu vah/urdu jyada/urdu hi/urdu achcha/urdu hai/urdu Raju/ambiguous bhai/urdu ki/urdu pareshani/urdu log/urdu dekhte/urdu hain/urdu kyunki/urdu vah/urdu aapke/urdu dost/urdu hai/urdu isliye/urdu main/urdu aapko/urdu ham/urdu log/urdu dekhti/urdu hun/urdu Varna/urdu main/urdu aapko/urdu block/english Nahin/urdu dekhna/urdu chahti/urdu sabse/urdu chhota/urdu hai/urdu jab/urdu se/urdu aap/urdu mujhe/urdu bhai/urdu ko/urdu yah/urdu kaha/urdu tha/urdu Nahin/urdu to/urdu apna/urdu kahe/urdu to/urdu achcha/urdu hoga/urdu
EyrNOfyxSBQ,Masha ALLAH bht Rabia g Kamal ki story thi,no,none,na,joy,urdu/urdu ALLAH/ambiguous bht/urdu Rabia/ambiguous g/urdu Kamal/ambiguous ki/urdu story/english thi/urdu
VUKai4CZSNw,"Subscribe kie beghair ziyada maza a
ta hai",yes,none,na,joy,Subscribe/english kie/urdu beghair/urdu ziyada/urdu maza/urdu a/urdu ta/urdu hai/urdu
BmpRnfu16YA,mashalah hayaaa api ka ghr bhot pyara hai    mashallah,no,none,na,joy,mashalah/urdu hayaaa/urdu api/urdu ka/urdu ghr/urdu bhot/urdu pyara/urdu hai/urdu mashallah/urdu
zfjRK9s0pjA,Koi hai lekin yah Kaisa bacchon ke gane kabhi bhi nahin meri baat sunokoxolsojd87dojd,no,none,na,anger,Koi/urdu hai/urdu lekin/urdu yah/urdu Kaisa/urdu bacchon/urdu ke/urdu gane/urdu kabhi/urdu bhi/urdu nahin/urdu meri/urdu baat/urdu sunokoxolsojd87dojd/ambiguous
FH8OUP2_sN4,Sahi haram ka paisa uraya jarha ha 😅,yes,none,na,joy,Sahi/urdu haram/urdu ka/urdu paisa/urdu uraya/urdu jarha/urdu ha/urdu 😅/ambiguous
FH8OUP2_sN4,Ducky bhai love you ❣️,no,none,na,joy,english/ambiguous urdu/urdu english/english english/english ambiguous/ambiguous
BmpRnfu16YA,Khuda pak aap sab friends ko apni hifazat me rakhe Amin or buri Nazar se bachai shukria or salamat rakhe Amin 😊😊😊💍💍♥️♥️❤️😘😘🥀🏅🏅💫💫🥉🥉⭐⭐🥳🥳🩵💚💓💛💛💝💯💯😙🎖️💗💗🫶❤️‍🩹❤️‍🩹🎁👌👌💟💟🥰🥰😍👌👑🏆🏆🏆💞👍👍👍🏆👑🥰,no,none,na,joy,Khuda/urdu pak/urdu aap/urdu sab/urdu friends/english ko/urdu apni/urdu hifazat/urdu me/urdu rakhe/urdu Amin/urdu or/urdu buri/urdu Nazar/urdu se/urdu bachai/urdu shukria/urdu or/urdu salamat/urdu rakhe/urdu Amin/urdu
IMnXqYDHhZI,Owr abi bi Dil nai bhara Jo da,no,none,na,sadness,Owr/urdu abi/urdu bi/urdu Dil/urdu nai/urdu bhara/urdu Jo/urdu da/urdu
PKFU1F2QEMQ,Allah SWT aap KO dheron khushian naseeb fermaye Aameen,no,none,na,joy,Allah/ambiguous SWT/english aap/urdu KO/urdu dheron/urdu khushian/urdu naseeb/urdu fermaye/urdu Aameen/urdu
BaMLBWWvNHA,Hisad ka mara rajab uper hy ye kuch bhi nhi,yes,none,na,anger,Hisad/urdu ka/urdu mara/urdu rajab/urdu uper/urdu hy/urdu ye/urdu kuch/urdu bhi/urdu nhi/urdu
N-0DINjOMlY,Apney ayashiyan yad ha bayghayraton koah aizal keah gift nahi yad Khud lakho keah shopping aur aizal keah Liye hazaro keah cheezay Maa Bap keah nam peah dhaba ho,yes,none,na,anger,Apney/urdu ayashiyan/urdu yad/urdu ha/urdu bayghayraton/urdu koah/urdu aizal/urdu keah/urdu gift/english nahi/urdu yad/urdu Khud/urdu lakho/urdu keah/urdu shopping/english aur/urdu aizal/urdu keah/urdu Liye/urdu hazaro/urdu keah/urdu cheezay/urdu Maa/urdu Bap/urdu keah/urdu nam/urdu peah/urdu dhaba/urdu ho/urdu
XHQrr9fmTkc,Yeh kutty ki bachi rabia bahot bhonkti hy,no,offensive,na,anger,Yeh/urdu kutty/urdu ki/urdu bachi/urdu rabia/urdu bahot/urdu bhonkti/urdu hy/urdu
IMnXqYDHhZI,"Yei agr medam kanwal vlogs mein mil kr shohar ki help krti, or zra shohar k sath tameez ka muzahira krti  to us bechare k  views aty q k btamizi kanwal krti hy or ye zulqarnain usko kuch khta nai hy to phr log pkr kr zulqarnain ko dhoty hain or phr ghuse sy vlogs bhi ni dekhty  tbi views ni aty....",yes,offensive,na,anger|sadness,Yei/urdu agr/urdu medam/urdu kanwal/ambiguous vlogs/english mein/urdu mil/urdu kr/urdu shohar/urdu ki/urdu help/english krti/urdu or/urdu zra/urdu shohar/urdu k/urdu sath/urdu tameez/urdu ka/urdu muzahira/urdu krti/urdu to/urdu us/urdu bechare/urdu k/urdu views/english aty/urdu q/urdu k/urdu btamizi/urdu kanwal/ambiguous krti/urdu hy/urdu or/urdu ye/urdu zulqarnain/ambiguous usko/urdu kuch/urdu khta/urdu nai/urdu hy/urdu to/urdu phr/urdu log/urdu pkr/urdu kr/urdu zulqarnain/ambiguous ko/urdu dhoty/urdu hain/urdu or/urdu phr/urdu ghuse/urdu sy/urdu vlogs/english bhi/urdu ni/urdu dekhty/urdu tbi/urdu views/english ni/urdu aty/urdu
zfjRK9s0pjA,Bs A to Z bta dety yeh personal mumalat hoty Hain ap social media py dal rhy Hain     begarti ki b had hoti hai.,yes,offensive,na,anger,urdu/urdu english/english english/english urdu/urdu urdu/urdu urdu/urdu urdu/urdu english/english urdu/urdu urdu/urdu urdu/urdu english/english english/english english/english urdu/urdu urdu/urdu urdu/urdu urdu/urdu urdu/urdu urdu/urdu english/english urdu/urdu urdu/urdu
BaMLBWWvNHA,ALLAH PAK AP KO AP KOA PERARI SI BETI KO SLAMT RAKHY AMEEN🤲,no,none,na,joy,ALLAH/urdu PAK/urdu AP/urdu KO/urdu AP/urdu KOA/urdu PERARI/urdu SI/urdu BETI/urdu KO/urdu SLAMT/urdu RAKHY/urdu AMEEN/urdu
zfjRK9s0pjA,Arif bhai Ham Aapke Sath Hain Ham aapko duaon mein bhi Yad rakhte hain aap Hamen apna number Bata De,no,none,na,joy,Arif/urdu bhai/urdu Ham/urdu Aapke/urdu Sath/urdu Hain/urdu Ham/urdu aapko/urdu duaon/urdu mein/urdu bhi/urdu Yad/urdu rakhte/urdu hain/urdu aap/urdu Hamen/urdu apna/urdu number/english Bata/urdu De/urdu
FH8OUP2_sN4,5:29 sharab sede pe 😮,yes,none,na,surprise,ambiguous/ambiguous sharab/urdu sede/urdu pe/urdu 😮/ambiguous
N-0DINjOMlY,Bai mujhe ap ka vlogs❤ bhout pad and gain allah ap dono ki jori salamat rakhe,no,none,na,joy,Bai/urdu mujhe/urdu ap/urdu ka/urdu vlogs❤/english bhout/urdu pad/urdu and/english gain/urdu allah/urdu ap/urdu dono/urdu ki/urdu jori/urdu salamat/urdu rakhe/urdu
nqbNLe84dpM,Aapki Anamika ka face Mel kar de,no,offensive,na,anger,Aapki/urdu Anamika/ambiguous ka/urdu face/english Mel/urdu kar/urdu de/urdu
IMnXqYDHhZI,Collection ne ye promtion me meli chezy hy..collection wo hoti jo ap apny peso sy apni pasand ke lyy,yes,none,na,anger,Collection/english ne/urdu ye/urdu promtion/english me/urdu meli/urdu chezy/urdu hy/urdu collection/english wo/urdu hoti/urdu jo/urdu ap/urdu apny/urdu peso/urdu sy/urdu apni/urdu pasand/urdu ke/urdu lyy/urdu
FH8OUP2_sN4,Ducky bhai labubu toy na lo wo haram hai,yes,none,na,none,Ducky/english bhai/urdu labuib/urdu toy/english na/urdu lo/urdu wo/urdu haram/urdu hai/urdu
gvG35CxYOLg,Shahveer bhai kha to lia apny phir next day kia howa apky sath wo b share karein.😅😂,yes,none,na,joy,Shahveer/urdu bhai/urdu kha/urdu to/urdu lia/urdu apny/urdu phir/urdu next/english day/english kia/urdu howa/urdu apky/urdu sath/urdu wo/urdu b/english share/english karein/urdu 😅😂/ambiguous
BaMLBWWvNHA,hasadi family aj ka bad agar rajab ka bhar ma bakwas ki na phar dakna,yes,none,na,anger,hasadi/urdu family/english aj/urdu ka/urdu bad/urdu agar/urdu rajab/urdu ka/urdu bhar/urdu ma/urdu bakwas/urdu ki/urdu na/urdu phar/urdu dakna/urdu
8ksTrbtyTco,Apni wifes ko b kanjar harkato mein laga deya.chalo paisy anay chaiye .dunia chahy jo marzi kahy,yes,offensive,na,anger,Apni/urdu wifes/english ko/urdu b/urdu kanjar/urdu harkato/urdu mein/urdu laga/urdu deya.chalo/urdu paisy/urdu anay/urdu chaiye/urdu .dunia/urdu chahy/urdu jo/urdu marzi/urdu kahy/urdu
BaMLBWWvNHA,Rajab ka name pa views lana wala lora 😂😂🖕🏻🖕🏻,yes,offensive,na,joy|anger,Rajab/urdu ka/urdu name/urdu pa/urdu views/english lana/urdu wala/urdu lora/urdu 😂😂🖕🏻🖕🏻/ambiguous
FH8OUP2_sN4,Love you ducky bhai ❤,no,none,na,joy,Love/english you/english ducky/english bhai/urdu ❤/ambiguous
IMnXqYDHhZI,Kanwal abhi please mere Sath madad karo Ham bahut garib hai😢,no,none,na,sadness,Kanwal/ambiguous abhi/urdu please/english mere/urdu Sath/urdu madad/urdu karo/urdu Ham/urdu bahut/urdu garib/urdu hai/urdu
FH8OUP2_sN4,bhai leave family vlogging in past. i make motovlogging is very funny and entraining. watch me🙏🙏😂😂,no,none,na,joy,bhai/urdu leave/english family/english vlogging/english in/english past/english i/english make/english motovlogging/english is/english very/english funny/english and/english entraining/english watch/english me/english
PKFU1F2QEMQ,MashAllah sister BHT peyara hy ❤❤❤❤❤,no,none,na,joy,urdu/ambiguous sister/english BHT/urdu peyara/urdu hy/urdu ❤❤❤❤❤/ambiguous
EyrNOfyxSBQ,Beghairat k spelling sahi kro,no,none,na,none,Beghairat/urdu k/urdu spelling/english sahi/urdu kro/urdu
eY0i4nBXqdY,Abhi aapko Mubarak ho aap mana karne Gai ho lekin business class ke paper mein kitni Mani lagti hai ek bande ki❤❤❤,yes,none,na,joy|surprise,Abhi/urdu aapko/urdu Mubarak/urdu ho/urdu aap/urdu mana/urdu karne/urdu Gai/urdu ho/urdu lekin/urdu business/english class/english ke/urdu paper/english mein/urdu kitni/urdu Mani/ambiguous lagti/urdu hai/urdu ek/urdu bande/urdu ki/urdu
BljaIOvFkcM,Only ONE SOLUTION awam ko kafn band kar KRPT chour BADMASH koi bhi o ESTABLISHMENT JUDGES POLICIANS GENERALS sab ko KUCHALNA hy,yes,hate,na,anger,Only/english ONE/english SOLUTION/english awam/urdu ko/urdu kafn/urdu band/urdu kar/urdu KRPT/ambiguous chour/urdu BADMASH/urdu koi/urdu bhi/urdu o/urdu ESTABLISHMENT/english JUDGES/english POLICIANS/english GENERALS/english sab/urdu ko/urdu KUCHALNA/urdu hy/urdu
FH8OUP2_sN4,"Ducky bhai, yeh bohot fazool cheezein hai trust me. Woh mic, woh earth spinning etc. Hum Hong Kong ke log inn cheezon se pak chuke hai🤣 main bachpan mein sab kuch dekh chuki hon aur buy kar ke bas ho gayi hai akhir mein pehnk deti thi.",yes,none,na,joy,Ducky/ambiguous bhai/urdu yeh/urdu bohot/urdu fazool/urdu cheezein/urdu hai/urdu trust/english me/english Woh/urdu mic/english woh/urdu earth/english spinning/english etc/english Hum/urdu Hong/english Kong/english ke/urdu log/urdu inn/urdu cheezon/urdu se/urdu pak/urdu chuke/urdu hai/urdu main/urdu bachpan/urdu mein/urdu sab/urdu kuch/urdu dekh/urdu chuki/urdu hon/urdu aur/urdu buy/english kar/urdu ke/urdu bas/urdu ho/urdu gayi/urdu hai/urdu akhir/urdu mein/urdu pehnk/urdu deti/urdu thi/urdu
4k0ZV0UFZSw,Iran ko bi thoda aqal se kaam lena chahiya yeh khud bi mary Ga sath dusry mulko ke logo ko bi marway Ga bhok se,no,hate,na,anger,Iran/ambiguous ko/urdu bi/urdu thoda/urdu aqal/urdu se/urdu kaam/urdu lena/urdu chahiya/urdu yeh/urdu khud/urdu bi/urdu mary/urdu Ga/urdu sath/urdu dusry/urdu mulko/urdu ke/urdu logo/urdu ko/urdu bi/urdu marway/urdu Ga/urdu bhok/urdu se/urdu
VUKai4CZSNw,ducky bhai ap please koi anime related jaga main jai japan main especially naruto,no,none,na,joy,ducky/english bhai/urdu ap/urdu please/english koi/urdu anime/english related/english jaga/urdu main/urdu jai/urdu japan/english main/urdu especially/english naruto/english
BaMLBWWvNHA,Hatt khuch shram  kro. Pehly zuban sy khuch ni nikla or ab sab khuch itna SELFISH ufff ALLAH 😤,no,offensive,na,anger,Hatt/urdu khuch/urdu shram/urdu kro/urdu Pehly/urdu zuban/urdu sy/urdu khuch/urdu ni/urdu nikla/urdu or/urdu ab/urdu sab/urdu khuch/urdu itna/urdu SELFISH/english ufff/ambiguous ALLAH/urdu 😤/ambiguous
UiYpRBQ74fs,Chor hukomat pe lanat beshumar,no,offensive,na,anger,Chor/urdu hukomat/urdu pe/urdu lanat/urdu beshumar/urdu
VUKai4CZSNw,Bhai ya daal na khalao hm na sub Kiya hua haa 😅😅😅,yes,none,na,joy,Bhai/urdu ya/urdu daal/urdu na/urdu khalao/urdu hm/urdu na/urdu sub/urdu Kiya/urdu hua/urdu haa/urdu 😅😅😅/ambiguous
BljaIOvFkcM,Establishment jin ko hakumat bana kar de gi wohi log establishment ko jootay maray gay jaisay mazi main genral bajwa Imran khan ko lekar aya thaa phir wohi Imran khan bajwa ko meer jafar kehta raha ab PLMN jo establishment ke khilaf naray lagati rahi wohi hakumat main hai,yes,offensive,na,anger,Establishment/english jin/urdu ko/urdu hakumat/urdu bana/urdu kar/urdu de/urdu gi/urdu wohi/urdu log/urdu establishment/english ko/urdu jootay/urdu maray/urdu gay/urdu jaisay/urdu mazi/urdu main/urdu genral/urdu bajwa/urdu Imran/urdu khan/urdu ko/urdu lekar/urdu aya/urdu thaa/urdu phir/urdu wohi/urdu Imran/urdu khan/urdu bajwa/urdu ko/urdu meer/urdu jafar/urdu kehta/urdu raha/urdu ab/urdu PLMN/english jo/urdu establishment/english ke/urdu khilaf/urdu naray/urdu lagati/urdu rahi/urdu wohi/urdu hakumat/urdu main/urdu hai/urdu
Erif7Vj9NSQ,Fatima api app ki coice  nahi achi,no,none,na,anger,Fatima/ambiguous api/urdu app/english ki/urdu coice/english nahi/urdu achi/urdu
HeZ2VBdJeOk,Salam he China ko ❤❤,no,none,na,joy,Salam/urdu he/english China/ambiguous ko/urdu ❤❤/ambiguous
BaMLBWWvNHA,Lanat besumar tum pr tumry khandan par khandani log kabhi khaiya peya nahi ginty,no,hate,na,anger,Lanat/urdu besumar/urdu tum/urdu pr/urdu tumry/urdu khandan/urdu par/urdu khandani/urdu log/urdu kabhi/urdu khaiya/urdu peya/urdu nahi/urdu ginty/urdu
nqbNLe84dpM,Iqra api aniva ka case rav,no,none,na,none,urdu/ambiguous urdu/ambiguous urdu/ambiguous urdu/urdu english/english urdu/urdu
nqbNLe84dpM,Best Park 👌😂ki aap logon Nepali,yes,offensive,na,joy|surprise,Best/english Park/english 👌😂ki/ambiguous aap/urdu logon/urdu Nepali/english
BmpRnfu16YA,. Yah Ghar bahut Pyara Hai Ghar cross Mahal pic🎉❤❤,no,none,na,joy,ambiguous/ambiguous Yah/urdu Ghar/urdu bahut/urdu Pyara/urdu Hai/urdu Ghar/urdu cross/english Mahal/urdu pic/english
4k0ZV0UFZSw,Or usi paisay ki wajha sy aap Ishaq e Imran khan sy bahir bi nhi nikl pa rhy,yes,offensive,na,anger,Or/ambiguous usi/urdu paisay/urdu ki/urdu wajha/urdu sy/urdu aap/urdu Ishaq/urdu e/urdu Imran/urdu khan/urdu sy/urdu bahir/urdu bi/urdu nhi/urdu nikl/urdu pa/urdu rhy/urdu
nqbNLe84dpM,Iqra api driving sikho ap b,no,none,na,none,urdu/ambiguous urdu/urdu english/english urdu/urdu urdu/urdu urdu/urdu
IMnXqYDHhZI,InshAllah tume koi saza tu miley gee mey phir kehti hoo aag lge tumharey chootoo r ghar ko tu india hi ja isko pak se nikall do plzzz maafi mango mango maaafi mera baas nhi chal rha Allah key naam kis cheez pr use kr rhe hai kuch bhi hai masha Allah mey dekho paisey ke liye ye log kya  kr rhe hai,yes,hate,na,anger,urdu/urdu urdu/urdu urdu/urdu urdu/urdu urdu/urdu urdu/urdu urdu/urdu urdu/urdu urdu/urdu urdu/urdu urdu/urdu urdu/urdu urdu/urdu urdu/urdu urdu/urdu urdu/urdu urdu/urdu urdu/urdu urdu/urdu english/english urdu/urdu urdu/urdu urdu/urdu urdu/urdu urdu/urdu english/english urdu/urdu urdu/urdu urdu/urdu urdu/urdu urdu/urdu urdu/urdu urdu/urdu urdu/urdu urdu/urdu urdu/urdu urdu/urdu urdu/urdu urdu/urdu urdu/urdu urdu/urdu urdu/urdu urdu/urdu urdu/urdu urdu/urdu urdu/urdu urdu/urdu urdu/urdu urdu/urdu urdu/urdu urdu/urdu urdu/urdu urdu/urdu urdu/urdu urdu/urdu urdu/urdu urdu/urdu urdu/urdu
UiYpRBQ74fs,"Nehatay logo par lethal weapons say hamlay kar rahy. Ap ye recors durist kar len. 
Musallah steuggle abhi start nahi hui. Nehatay logo par golian barsa rahi hen.",no,offensive,na,anger,Nehatay/urdu logo/urdu par/urdu lethal/english weapons/english say/urdu hamlay/urdu kar/urdu rahy/urdu Ap/urdu ye/urdu recors/english durist/urdu kar/urdu len/urdu Musallah/urdu steuggle/english abhi/urdu start/english nahi/urdu hui/urdu Nehatay/urdu logo/urdu par/urdu golian/urdu barsa/urdu rahi/urdu hen/urdu
EyrNOfyxSBQ,"Madam Sirf mashra hi nh blky hamara Deen b ourat ki izat sy jura hai. Kia Islam iss sab ki ijazat dyta hai. Asal me real me apky Abu ko aysa hi hona chahye tha phr aj koi gye mard apky jism ko hath tak na lgta jysy film k chkron me Abu k name py Kisi namyheam sy apny dupta utar kr apny galy tak hath pgwalia. M b issi mashry ki lrki hn hmyn to nh aysi azadi ki talab.. 

Film k zrye logon py apny Dil ki bhras bikalrhi hn k hmary Abu NY hmyn khuli chpt dyrkhi hai usper koi bat na kry. AP Jo mrzi kro aysi films bnakr Baki girls ko khrab ni kro shy nh do apki waja sy aik b lrki bagi hogai to uska hisab apko dyna Hoga",yes,offensive,na,anger,Madam/english Sirf/urdu mashra/urdu hi/urdu nh/urdu blky/urdu hamara/urdu Deen/urdu b/urdu ourat/urdu ki/urdu izat/urdu sy/urdu jura/urdu hai/urdu Kia/urdu Islam/urdu iss/urdu sab/urdu ki/urdu ijazat/urdu dyta/urdu hai/urdu Asal/urdu me/urdu real/english me/urdu apky/urdu Abu/urdu ko/urdu aysa/urdu hi/urdu hona/urdu chahye/urdu tha/urdu phr/urdu aj/urdu koi/urdu gye/urdu mard/urdu apky/urdu jism/urdu ko/urdu hath/urdu tak/urdu na/urdu lgta/urdu jysy/urdu film/english k/urdu chkron/urdu me/urdu Abu/urdu k/urdu name/english py/urdu Kisi/urdu namyheam/urdu sy/urdu apny/urdu dupta/urdu utar/urdu kr/urdu apny/urdu galy/urdu tak/urdu hath/urdu pgwalia/urdu M/english b/urdu issi/urdu mashry/urdu ki/urdu lrki/urdu hn/urdu hmyn/urdu to/urdu nh/urdu aysi/urdu azadi/urdu ki/urdu talab/urdu Film/english k/urdu zrye/urdu logon/urdu py/urdu apny/urdu Dil/urdu ki/urdu bhras/urdu bikalrhi/urdu hn/urdu k/urdu hmary/urdu Abu/urdu NY/urdu hmyn/urdu khuli/urdu chpt/urdu dyrkhi/urdu hai/urdu usper/urdu koi/urdu bat/urdu na/urdu kry/urdu AP/urdu Jo/urdu mrzi/urdu kro/urdu aysi/urdu films/english bnakr/urdu Baki/urdu girls/english ko/urdu khrab/urdu ni/urdu kro/urdu shy/urdu nh/urdu do/urdu apki/urdu waja/urdu sy/urdu aik/urdu b/urdu lrki/urdu bagi/urdu hogai/urdu to/urdu uska/urdu hisab/urdu apko/urdu dyna/urdu Hoga/urdu
zXAAAXogJ78,😂😂food challenge acha tha,no,none,na,joy,ambiguous/ambiguous food/english challenge/english acha/urdu tha/urdu
BaMLBWWvNHA,Chal Nikal Baap ko bhej 😂Rajab Brand ha tujhe ko koi jaanta bhi ha tera jetna total views han uss ke popular video par Etna ha 😮,yes,offensive,na,joy|anger,Chal/urdu Nikal/urdu Baap/urdu ko/urdu bhej/urdu Rajab/urdu Brand/english ha/urdu tujhe/urdu ko/urdu koi/urdu jaanta/urdu bhi/urdu ha/urdu tera/urdu jetna/urdu total/english views/english han/urdu uss/urdu ke/urdu popular/english video/english par/urdu Etna/urdu ha/urdu
-w7eMfsuRgA,"YEH AQAL E QUL HAY,  25 KAROOR PER 8 10 AQALMAND
AQAL E QUL BANY HUY HAIN
KOI JAWAB DAHI, KOI KOF E KHUDA NAHI JIDER CHAHTAY HAIN ISLAMABAD K
ROADS BAGIR ETLAH BAGIR NOTICE BAND KER DAYTAY HAIN 
JO AWAM KO HAR LEHAZ SAY
SAKTH TAKLEEF KA BAHIS BANTEE HAY MAREEZ, BUDAY KHAWATEEN SCHOOL K BACHY
SAB KO RAGRA LAGATAY HAIN
NAQVI SB KI YEH GOVERNANCE HAY 😢😢😢😮😮😮😮😮:",yes,offensive,na,anger|sadness,YEH/urdu AQAL/urdu E/urdu QUL/urdu HAY/urdu 25/ambiguous KAROOR/urdu PER/urdu 8/ambiguous 10/ambiguous AQALMAND/urdu AQAL/urdu E/urdu QUL/urdu BANY/urdu HUY/urdu HAIN/urdu KOI/urdu JAWAB/urdu DAHI/urdu KOI/urdu KOF/urdu E/urdu KHUDA/urdu NAHI/urdu JIDER/urdu CHAHTAY/urdu HAIN/urdu ISLAMABAD/urdu K/urdu ROADS/english BAGIR/urdu ETLAH/urdu BAGIR/urdu NOTICE/english BAND/urdu KER/urdu DAYTAY/urdu HAIN/urdu JO/urdu AWAM/urdu KO/urdu HAR/urdu LEHAZ/urdu SAY/urdu SAKTH/urdu TAKLEEF/urdu KA/urdu BAHIS/urdu BANTEE/urdu HAY/urdu MAREEZ/urdu BUDAY/urdu KHAWATEEN/urdu SCHOOL/english K/urdu BACHY/urdu SAB/urdu KO/urdu RAGRA/urdu LAGATAY/urdu HAIN/urdu NAQVI/urdu SB/urdu KI/urdu YEH/urdu GOVERNANCE/english HAY/urdu
-w7eMfsuRgA,Pa Kristan I dhom dgam se Shayan ker ra hen 18:41,no,none,na,none,urdu/ambiguous Kristan/english I/english dhom/urdu dgam/urdu se/urdu Shayan/urdu ker/urdu ra/urdu hen/urdu 18:41/ambiguous
FH8OUP2_sN4,ducky aroob ko mard bna kr chora ga 😂😂,yes,offensive,na,joy,english/english urdu/urdu urdu/urdu urdu/urdu urdu/urdu urdu/urdu urdu/urdu urdu/urdu ambiguous/ambiguous
XHQrr9fmTkc,fatima appi apki behen zainab ko  boyfriend ka itna shoq he to kardien phir uski shadi are yar mazzak karrahee hon sirios mat hona,yes,none,na,joy,fatima/urdu appi/urdu apki/urdu behen/urdu zainab/urdu ko/urdu boyfriend/english ka/urdu itna/urdu shoq/urdu he/urdu to/urdu kardien/urdu phir/urdu uski/urdu shadi/urdu are/urdu yar/urdu mazzak/urdu karrahee/urdu hon/urdu sirios/english mat/urdu hona/urdu
HeZ2VBdJeOk,"ALLAH pak hmaary mulk Pakistan 🇵🇰 awr Pakistani bhen bhaaiyon per 
Kashmiri bhn bhaaiyon per APNA khaas Karam o fazal frmayaay aamin 🤲 Suma aamin",no,none,na,joy,ALLAH/urdu pak/urdu hmaary/urdu mulk/urdu Pakistan/english 🇵🇰/ambiguous awr/urdu Pakistani/english bhen/urdu bhaaiyon/urdu per/urdu Kashmiri/english bhn/urdu bhaaiyon/urdu per/urdu APNA/urdu khaas/urdu Karam/urdu o/urdu fazal/urdu frmayaay/urdu aamin/urdu 🤲/ambiguous Suma/urdu aamin/urdu
XHQrr9fmTkc,Fatima api ap Kabhi Mansehra Ka tour karein na hamein apke tou's bhttttt ache lgte hainn❤,no,none,na,joy,Fatima/ambiguous api/urdu ap/urdu Kabhi/urdu Mansehra/ambiguous Ka/urdu tour/english karein/urdu na/urdu hamein/urdu apke/urdu tou's/urdu bhttttt/urdu ache/urdu lgte/urdu hainn/urdu
nqbNLe84dpM,Love you api Allah pak AP ko hamesha salamt rkhy ameen or duniya ki hr Khushi dy ameen and bhut maza aia api 😅😅😅😅😅😅😅,no,none,na,joy,Love/english you/english api/urdu Allah/urdu pak/urdu AP/urdu ko/urdu hamesha/urdu salamt/urdu rkhy/urdu ameen/urdu or/urdu duniya/urdu ki/urdu hr/urdu Khushi/urdu dy/urdu ameen/urdu and/english bhut/urdu maza/urdu aia/urdu api/urdu
zfjRK9s0pjA,Iqra API ki beti Kaa nasib ACHA karaa 💜🌹🌷💐🌺,no,none,na,joy,Iqra/urdu API/english ki/urdu beti/urdu Kaa/urdu nasib/urdu ACHA/urdu karaa/urdu 💜🌹🌷💐🌺/ambiguous
Erif7Vj9NSQ,Fatima api ap vlog ku nhi upload kar rahi,no,none,na,sadness,Fatima/ambiguous api/urdu ap/urdu vlog/english ku/urdu nhi/urdu upload/english kar/urdu rahi/urdu
eY0i4nBXqdY,Fatima appi Maine app se milna hai,no,none,na,none,Fatima/ambiguous appi/urdu Maine/urdu app/english se/urdu milna/urdu hai/urdu
PKFU1F2QEMQ,Ma sha Allah. Alla taala  barakat day. Kisi nay advice di thi k grill lagwao nichay walay kitchen ki window ko safety k liye jaisy upar walay room ki window ko lagi hui hai. To main bhi wo hi mashwara du gi. Sab say zaroori cheez hai k aap log khush ho to ye dekh kar mujay bohat khushi hui. Allah pak khush rakhay. Ameen,no,none,na,joy,urdu/urdu urdu/urdu urdu/urdu urdu/urdu urdu/urdu urdu/urdu urdu/urdu urdu/urdu urdu/urdu urdu/urdu urdu/urdu urdu/urdu urdu/urdu urdu/urdu urdu/urdu urdu/urdu urdu/urdu urdu/urdu urdu/urdu urdu/urdu urdu/urdu urdu/urdu urdu/urdu urdu/urdu urdu/urdu urdu/urdu urdu/urdu urdu/urdu urdu/urdu urdu/urdu urdu/urdu urdu/urdu urdu/urdu urdu/urdu urdu/urdu urdu/urdu urdu/urdu urdu/urdu urdu/urdu urdu/urdu urdu/urdu urdu/urdu urdu/urdu urdu/urdu urdu/urdu urdu/urdu urdu/urdu urdu/urdu urdu/urdu urdu/urdu urdu/urdu urdu/urdu urdu/urdu urdu/urdu urdu/urdu urdu/urdu urdu/urdu urdu/urdu urdu/urdu urdu/urdu
FH8OUP2_sN4,Bakwas 7month bad aya wahi bakwas hai aski tu😂,yes,none,na,joy,Bakwas/urdu 7month/english bad/urdu aya/urdu wahi/urdu bakwas/urdu hai/urdu aski/urdu tu/urdu
VUKai4CZSNw,bhai luv u yaaar😫😫btw a big fan :D,no,none,na,joy,bhai/urdu luv/english u/english yaaar/urdu a/english big/english fan/english :D/ambiguous
nqbNLe84dpM,Ap log kia cheez hain,yes,offensive,na,anger,Ap/urdu log/urdu kia/urdu cheez/urdu hain/urdu
BljaIOvFkcM,Sub KO pta Pakistan kon loot k khaa Raha 78 Saal sy,yes,offensive,na,anger,Sub/urdu KO/urdu pta/urdu Pakistan/urdu kon/urdu loot/urdu k/urdu khaa/urdu Raha/urdu 78/ambiguous Saal/urdu sy/urdu
EyrNOfyxSBQ,Ab beghrat hamien gherat k bare me batye ge,yes,offensive,na,anger,Ab/urdu beghrat/urdu hamien/urdu gherat/urdu k/urdu bare/urdu me/urdu batye/urdu ge/urdu
BmpRnfu16YA,Assalamu alaikum aapi Aapne Fatima aur uski chalakiyan per vlog kyon Nahin dala hai,no,none,na,surprise,Assalamu/urdu alaikum/urdu aapi/urdu Aapne/urdu Fatima/ambiguous aur/urdu uski/urdu chalakiyan/urdu per/urdu vlog/english kyon/urdu Nahin/urdu dala/urdu hai/urdu
EyrNOfyxSBQ,Kis na ya 3 : 33 wala clip tiktok par dekha😂,no,none,na,joy|surprise,Kis/urdu na/urdu ya/urdu 3/ambiguous :/ambiguous 33/ambiguous wala/urdu clip/english tiktok/english par/urdu dekha/urdu
8ksTrbtyTco,Very disappointed team Jaffrey is very chalak uh know khud ka channel vou thk h bt khud ki task tym to tym khud he krra uffcourse tu he jitenga nh sb tere marzi see hora h guest ko bula kar khud he sb soch ra ullog ko moka he nai dera hai 😂,yes,offensive,na,anger|surprise,Very/english disappointed/english team/english Jaffrey/ambiguous is/english very/english chalak/urdu uh/english know/english khud/urdu ka/urdu channel/english vou/ambiguous thk/urdu h/urdu bt/urdu khud/urdu ki/urdu task/english tym/urdu to/urdu tym/urdu khud/urdu he/urdu krra/urdu uffcourse/urdu tu/urdu he/urdu jitenga/urdu nh/urdu sb/urdu tere/urdu marzi/urdu see/urdu hora/urdu h/urdu guest/english ko/urdu bula/urdu kar/urdu khud/urdu he/urdu sb/urdu soch/urdu ra/urdu ullog/urdu ko/urdu moka/urdu he/urdu nai/urdu dera/urdu hai/urdu 😂/ambiguous
FH8OUP2_sN4,9:45 😂😂 Duck bahi na aroobb ko rost kia,yes,none,na,joy|surprise,9:45/ambiguous 😂😂/ambiguous Duck/english bahi/urdu na/urdu aroobb/urdu ko/urdu rost/urdu kia/urdu
hhFGhAo4ZfY,Bhi phaly wali jga py video bnya karo bhi ma okara say,no,none,na,none,Bhi/urdu phaly/urdu wali/urdu jga/urdu py/urdu video/english bnya/urdu karo/urdu bhi/urdu ma/urdu okara/urdu say/urdu
UiYpRBQ74fs,"Students ko is liay nikala ho ga,ta k duniya ko show kia jai ham bhi student ko kuch nahi kehtay, chahay hr jagha free firing shuroo kr den",yes,offensive,na,anger,"Students/english ko/urdu is/urdu liay/urdu nikala/urdu ho/urdu ga,ta/urdu k/urdu duniya/urdu ko/urdu show/english kia/urdu jai/urdu ham/urdu bhi/urdu student/english ko/urdu kuch/urdu nahi/urdu kehtay/urdu chahay/urdu hr/urdu jagha/urdu free/english firing/english shuroo/urdu kr/urdu den/urdu"
eY0i4nBXqdY,Allah Allah sharm nahin aati tumko Apne man baap ko bhej de mamma Papa ko bhej Deta hai tumhara per,yes,offensive,na,anger,Allah/urdu Allah/urdu sharm/urdu nahin/urdu aati/urdu tumko/urdu Apne/urdu man/urdu baap/urdu ko/urdu bhej/urdu de/urdu mamma/urdu Papa/urdu ko/urdu bhej/urdu Deta/urdu hai/urdu tumhara/urdu per/urdu
hhFGhAo4ZfY,3:46 naino nay othaya tha,no,none,na,none,english/ambiguous naino/urdu nay/urdu othaya/urdu tha/urdu
zXAAAXogJ78,konsa show hai ya koi name bta dy,no,none,na,none,konsa/urdu show/english hai/urdu ya/urdu koi/urdu name/english bta/urdu dy/urdu
IMnXqYDHhZI,Hum bags ya shoes lety to use kr k de dety hn qk ye b ek bhoj lagta Hy itni cheezein extra,yes,none,na,anger,Hum/urdu bags/english ya/urdu shoes/english lety/urdu to/urdu use/english kr/urdu k/urdu de/urdu dety/urdu hn/urdu qk/urdu ye/urdu b/urdu ek/urdu bhoj/urdu lagta/urdu Hy/urdu itni/urdu cheezein/urdu extra/english
PKFU1F2QEMQ,Sasti Rajab but bannay ki Koshish mat karobilkul bakwas lagti h ASI harktan,yes,none,na,anger,Sasti/urdu Rajab/urdu but/english bannay/urdu ki/urdu Koshish/urdu mat/urdu karobilkul/urdu bakwas/urdu lagti/urdu h/urdu ASI/english harktan/urdu
eY0i4nBXqdY,Ap. Dobata ma buhat achi lag Rahi hoo 😳,no,none,na,joy|surprise,urdu/ambiguous urdu/ambiguous urdu/ambiguous urdu/ambiguous urdu/ambiguous urdu/ambiguous urdu/ambiguous urdu/ambiguous ambiguous/ambiguous
IMnXqYDHhZI,Lahore ki larkya sari are hi sound ha apparently husband ki respect  krna anniversary toheen smjti hn,yes,offensive,na,anger,Lahore/urdu ki/urdu larkya/urdu sari/urdu are/urdu hi/urdu sound/english ha/urdu apparently/english husband/english ki/urdu respect/english krna/urdu anniversary/english toheen/urdu smjti/urdu hn/urdu
HeZ2VBdJeOk,Is armi chief ko do ghut Pani Mai dobke marjana chaheye Imran Khan ki dar sai ishteshna Lena buzdili hai,yes,offensive,na,anger,Is/ambiguous armi/english chief/english ko/urdu do/urdu ghut/urdu Pani/urdu Mai/urdu dobke/urdu marjana/urdu chaheye/urdu Imran/urdu Khan/urdu ki/urdu dar/urdu sai/urdu ishteshna/urdu Lena/urdu buzdili/urdu hai/urdu
VUKai4CZSNw,Ducky Bhai Doraemon bhi Tokyo rheta ha meri trf Sy usy hi! Keh daina😂😂😂😂,yes,none,na,joy|surprise,Ducky/english Bhai/urdu Doraemon/english bhi/urdu Tokyo/english rheta/urdu ha/urdu meri/urdu trf/urdu Sy/urdu usy/urdu hi/urdu Keh/urdu daina/urdu
IMnXqYDHhZI,Sab Kuch bohat acha hai laikin shoes par maa shaa Allah nai kahtay plz,no,none,na,joy,Sab/urdu Kuch/urdu bohat/urdu acha/urdu hai/urdu laikin/urdu shoes/english par/urdu maa/urdu shaa/urdu Allah/urdu nai/urdu kahtay/urdu plz/english
VUKai4CZSNw,Bathroom ko dekh kr *MA SHA ALLAH OR SUBHAN ALLAH * keh saktay hai?,yes,none,na,anger|surprise,Bathroom/english ko/urdu dekh/urdu kr/urdu MA/urdu SHA/urdu ALLAH/urdu OR/urdu SUBHAN/urdu ALLAH/urdu keh/urdu saktay/urdu hai/urdu
EyrNOfyxSBQ,Tum bhi gairat khao sharm kro,yes,offensive,na,anger,Tum/urdu bhi/urdu gairat/urdu khao/urdu sharm/urdu kro/urdu
EyrNOfyxSBQ,Sharm kro kuch to khuda ka khuf kro,no,offensive,na,anger,Sharm/urdu kro/urdu kuch/urdu to/urdu khuda/urdu ka/urdu khuf/urdu kro/urdu
nqbNLe84dpM,Iqra api please anaviya ka ka face reveal kr da,no,none,na,none,urdu/ambiguous urdu/ambiguous english/english urdu/ambiguous urdu/ambiguous urdu/ambiguous english/english english/english urdu/ambiguous urdu/ambiguous
BaMLBWWvNHA,is banata ka wali k family k sat jo jo kar rahe ho utna b unki oqaaat deka din k mai aisa hun aaj jo nahi karta hun ka wali tora u par utana tu ouqaat  deka dungga,yes,offensive,na,anger,is/urdu banata/urdu ka/urdu wali/urdu k/urdu family/english k/urdu sat/urdu jo/urdu jo/urdu kar/urdu rahe/urdu ho/urdu utna/urdu b/urdu unki/urdu oqaaat/urdu deka/urdu din/urdu k/urdu mai/urdu aisa/urdu hun/urdu aaj/urdu jo/urdu nahi/urdu karta/urdu hun/urdu ka/urdu wali/urdu tora/urdu u/ambiguous par/urdu utana/urdu tu/urdu ouqaat/urdu deka/urdu dungga/urdu
HeZ2VBdJeOk,Astablishment gadar hai or awam pheche lagi hai or ye awam Mai behes chal Rahi hai,no,offensive,na,anger,english/ambiguous urdu/urdu urdu/urdu urdu/urdu urdu/urdu urdu/urdu urdu/urdu urdu/urdu urdu/urdu urdu/urdu urdu/urdu urdu/urdu urdu/urdu urdu/urdu urdu/urdu urdu/urdu
Erif7Vj9NSQ,Ye ghaa ACHA nhi tha😢,no,none,na,sadness,Ye/urdu ghaa/urdu ACHA/urdu nhi/urdu tha/urdu
VUKai4CZSNw,ducky bhai isa hi mood mai akar vlog banaya karo mazak waly mai 3 month se tmare vlog nhi dek raha ta q k tm boring ho chuky thay,yes,offensive,na,anger|sadness,ducky/english bhai/urdu isa/urdu hi/urdu mood/english mai/urdu akar/urdu vlog/english banaya/urdu karo/urdu mazak/urdu waly/urdu mai/urdu 3/ambiguous month/english se/urdu tmare/urdu vlog/english nhi/urdu dek/urdu raha/urdu ta/urdu q/urdu k/urdu tm/urdu boring/english ho/urdu chuky/urdu thay/urdu
PKFU1F2QEMQ,Pando b sangar maz kahty ha ap to asal pando ho jo Shankar maz kah rhy ho zain bhai,yes,none,na,anger,Pando/urdu b/ambiguous sangar/urdu maz/urdu kahty/urdu ha/urdu ap/urdu to/urdu asal/urdu pando/urdu ho/urdu jo/urdu Shankar/urdu maz/urdu kah/urdu rhy/urdu ho/urdu zain/urdu bhai/urdu
zfjRK9s0pjA,Aapke liye aapki biwi ke liye bahut acchi Dua karungi lekin main abhi bacchi karungi Ramzan mein main aap jhooth Nahin,yes,none,na,joy,Aapke/urdu liye/urdu aapki/urdu biwi/urdu ke/urdu liye/urdu bahut/urdu acchi/urdu Dua/urdu karungi/urdu lekin/urdu main/urdu abhi/urdu bacchi/urdu karungi/urdu Ramzan/urdu mein/urdu main/urdu aap/urdu jhooth/urdu Nahin/urdu
nqbNLe84dpM,Kripya bahut acchi hai main aapko follow Karti hun aapane mujhe apna number de do main baat kar lungi main apna channel banaa lo❤❤❤❤❤❤,no,none,na,joy,Kripya/urdu bahut/urdu acchi/urdu hai/urdu main/urdu aapko/urdu follow/english Karti/urdu hun/urdu aapane/urdu mujhe/urdu apna/urdu number/english de/urdu do/urdu main/urdu baat/urdu kar/urdu lungi/urdu main/urdu apna/urdu channel/english banaa/urdu lo/urdu
FH8OUP2_sN4,Bhi 7000 mein mujhe se le lo,yes,none,na,none,Bhi/urdu 7000/ambiguous mein/urdu mujhe/urdu se/urdu le/urdu lo/urdu
IMnXqYDHhZI,MashaAllah aaj bhi bohat Achaa vlog tha kanwal Api maza aagya 😊 please ab ap Roz vlog bnaye na ❤,no,none,na,joy,MashaAllah/urdu aaj/urdu bhi/urdu bohat/urdu Achaa/urdu vlog/english tha/urdu kanwal/urdu Api/urdu maza/urdu aagya/urdu 😊/ambiguous please/english ab/urdu ap/urdu Roz/urdu vlog/english bnaye/urdu na/urdu ❤/ambiguous
BaMLBWWvNHA,Zulqarnain Bhai ap ne to bht ach Kiya is bnde k sath😂😂😂 ye isi  k kabil ha,yes,none,na,joy,Zulqarnain/ambiguous Bhai/urdu ap/urdu ne/urdu to/urdu bht/urdu ach/urdu Kiya/urdu is/urdu bnde/urdu k/urdu sath/urdu ye/urdu isi/urdu k/urdu kabil/urdu ha/urdu
IMnXqYDHhZI,Kindly aizal ki koi aik poem vlog mai add kren ❤❤ cute awaz Mai Aizal ki,no,none,na,joy,Kindly/english aizal/urdu ki/urdu koi/urdu aik/urdu poem/english vlog/english mai/urdu add/english kren/urdu ❤❤/ambiguous cute/english awaz/urdu Mai/urdu Aizal/urdu ki/urdu
IMnXqYDHhZI,Masha Allah ❤❤❤ good volg ap rajab bahi  k bata sa mili q nae gaya h ❤❤❤,no,none,na,joy,Masha/urdu Allah/urdu ❤❤❤/ambiguous good/english volg/english ap/urdu rajab/urdu bahi/urdu k/urdu bata/urdu sa/urdu mili/urdu q/urdu nae/urdu gaya/urdu h/urdu ❤❤❤/ambiguous
BljaIOvFkcM,Mera zati khayal ye hai k intahab ka pehla marhala Jin cities main ho Chuka wahan k logo ki awaz goliyan Chala kr dabana chahty hain ye ta k kisi ko PATA na chaly iny vote Boht thory sy logo ny diye thy,yes,offensive,na,anger,Mera/urdu zati/urdu khayal/urdu ye/urdu hai/urdu k/urdu intahab/urdu ka/urdu pehla/urdu marhala/urdu Jin/urdu cities/english main/urdu ho/urdu Chuka/urdu wahan/urdu k/urdu logo/urdu ki/urdu awaz/urdu goliyan/urdu Chala/urdu kr/urdu dabana/urdu chahty/urdu hain/urdu ye/urdu ta/urdu k/urdu kisi/urdu ko/urdu PATA/urdu na/urdu chaly/urdu iny/urdu vote/english Boht/urdu thory/urdu sy/urdu logo/urdu ny/urdu diye/urdu thy/urdu
nqbNLe84dpM,Fatima bhot gussy min hi 😊😊😊ab is ky saye sy bhi drna 😢😢,yes,none,na,sadness|fear,Fatima/ambiguous bhot/urdu gussy/urdu min/urdu hi/urdu ab/urdu is/urdu ky/urdu saye/urdu sy/urdu bhi/urdu drna/urdu
IMnXqYDHhZI,Kanwal api your my bro your best api zulqar bhi r Azil k Liya b bht Sara Pyar 🙂♥️♥️,no,none,na,joy,Kanwal/ambiguous api/urdu your/english my/english bro/english your/english best/english api/urdu zulqar/ambiguous bhi/urdu r/urdu Azil/ambiguous k/urdu Liya/urdu b/urdu bht/urdu Sara/urdu Pyar/urdu 🙂♥️♥️/ambiguous
N-0DINjOMlY,I am from India 🇮🇳 congregulation zulqarnain kanwal also rabiya faisal sistrology group yahi reality hai trending in india 🇮🇳,no,none,na,none,I/english am/english from/english India/english 🇮🇳/ambiguous congregulation/english zulqarnain/urdu kanwal/urdu also/english rabiya/urdu faisal/urdu sistrology/english group/english yahi/urdu reality/english hai/urdu trending/english in/english india/english 🇮🇳/ambiguous
N-0DINjOMlY,Bhai ap iqreeab ki beti beti ko kaise milane gaye the Tu Raja Babu ke bete ko milane Nahin Gaye,yes,none,na,anger,Bhai/urdu ap/urdu iqreeab/urdu ki/urdu beti/urdu beti/urdu ko/urdu kaise/urdu milane/urdu gaye/urdu the/urdu Tu/urdu Raja/urdu Babu/urdu ke/urdu bete/urdu ko/urdu milane/urdu Nahin/urdu Gaye/urdu
BmpRnfu16YA,Aap namaj Nahin padati sirf aap Nahin padati ya FIR aapka pura Ghar Nahin padta,yes,none,na,anger,Aap/urdu namaj/urdu Nahin/urdu padati/urdu sirf/urdu aap/urdu Nahin/urdu padati/urdu ya/urdu FIR/english aapka/urdu pura/urdu Ghar/urdu Nahin/urdu padta/urdu
BaMLBWWvNHA,Phodia dia is vlog ta chek kar view abu ka name Lana per,no,none,na,none,Phodia/ambiguous dia/urdu is/english vlog/english ta/urdu chek/english kar/urdu view/english abu/urdu ka/urdu name/english Lana/ambiguous per/urdu
HeZ2VBdJeOk,"bare sharam ki baat hai k
KSA aur UAE sood ka kaam
kertey hain yani khul ker Allah
aur Uskey Rasool SAW se
khuli jang ker rahe hain.Astaghfirullah",no,offensive,na,anger,bare/urdu sharam/urdu ki/urdu baat/urdu hai/urdu k/urdu KSA/english aur/urdu UAE/english sood/urdu ka/urdu kaam/urdu kertey/urdu hain/urdu yani/urdu khul/urdu ker/urdu Allah/urdu aur/urdu Uskey/urdu Rasool/urdu SAW/english se/urdu khuli/urdu jang/urdu ker/urdu rahe/urdu hain.Astaghfirullah/urdu
PKFU1F2QEMQ,MashaAllah meray liye b sab dua karain allah mujay b new ghar bananay k liye ghaib say madad farmain ameen,no,none,na,joy,MashaAllah/urdu meray/urdu liye/urdu b/urdu sab/urdu dua/urdu karain/urdu allah/urdu mujay/urdu b/urdu new/english ghar/urdu bananay/urdu k/urdu liye/urdu ghaib/urdu say/urdu madad/urdu farmain/urdu ameen/urdu
zfjRK9s0pjA,"allah pak sab thik kare ga,ameen",no,none,na,joy,allah/urdu pak/urdu sab/urdu thik/urdu kare/urdu ga/urdu ameen/urdu
BaMLBWWvNHA,teri maa ka poda zulqarnain,no,offensive,na,anger,teri/urdu maa/urdu ka/urdu poda/urdu zulqarnain/ambiguous
Erif7Vj9NSQ,Puri sistrology bhot achi lag rahi hain 🥰😍💖💗💓🩷❤️😊❤,no,none,na,joy,Puri/urdu sistrology/english bhot/urdu achi/urdu lag/urdu rahi/urdu hain/urdu 🥰😍💖💗💓🩷❤️😊❤/ambiguous
VUKai4CZSNw,Aroob bhabi ka vlog q nai ataa,no,none,na,none,Aroob/ambiguous bhabi/urdu ka/urdu vlog/english q/urdu nai/urdu ataa/urdu
8ksTrbtyTco,Rhs ye si log ni hain 😢😢,no,none,na,sadness,ambiguous/ambiguous ye/urdu si/urdu log/urdu ni/urdu hain/urdu
nqbNLe84dpM,Iqra api ap ak vlog panjabi me banay please🙏🙏🙏,no,none,na,joy,Iqra/ambiguous api/urdu ap/urdu ak/urdu vlog/english panjabi/urdu me/urdu banay/urdu please/english
gvG35CxYOLg,Shahveer Bhai please don't do such kind of challenges because your health is always the first priority for us please ❤😢,no,none,na,sadness|fear,Shahveer/urdu Bhai/urdu please/english don't/english do/english such/english kind/english of/english challenges/english because/english your/english health/english is/english always/english the/english first/english priority/english for/english us/english please/english ❤😢/ambiguous
WJxfQWiP9DQ,Wo tajer nahi fouji MULAZIM thy sir,yes,none,na,anger,Wo/urdu tajer/urdu nahi/urdu fouji/urdu MULAZIM/urdu thy/urdu sir/english
-w7eMfsuRgA,"Gill sahab qayamat wala din Allah sirf kashmirioo ka he pochee ga karachi ka urdu speaking kia Allah ki makhlook nahi,pure pakistan ma jitna log mara ha abhe tak urdu speaking ka 25% bhe nahi kia ap ko inka lia awaz nahi uthani thee ab sab ko zulm yad araha ha kia ye ap logo ka insaf ha.lanat ha aisa insaf per urdu speaking ka alawa sab ki jan qemtee ha.",yes,hate,misinfo,anger|sadness,urdu/ambiguous urdu/urdu urdu/urdu urdu/urdu urdu/urdu urdu/urdu urdu/urdu urdu/urdu urdu/urdu urdu/urdu urdu/urdu urdu/urdu urdu/urdu urdu/urdu urdu/urdu urdu/urdu urdu/urdu urdu/urdu urdu/urdu urdu/urdu urdu/urdu urdu/urdu urdu/urdu urdu/urdu urdu/urdu urdu/urdu urdu/urdu urdu/urdu urdu/urdu urdu/urdu urdu/urdu urdu/urdu english/english urdu/urdu urdu/urdu urdu/urdu urdu/urdu urdu/urdu urdu/urdu urdu/urdu urdu/urdu urdu/urdu urdu/urdu urdu/urdu urdu/urdu urdu/urdu urdu/urdu urdu/urdu urdu/urdu urdu/urdu urdu/urdu urdu/urdu urdu/urdu urdu/urdu urdu/urdu urdu/urdu urdu/urdu urdu/urdu urdu/urdu urdu/urdu urdu/urdu urdu/urdu urdu/urdu urdu/urdu urdu/urdu urdu/urdu urdu/urdu urdu/urdu urdu/urdu urdu/urdu
BljaIOvFkcM,"ab to har namaaz me bhi in haraam khor Generals, Politicians, Judges k khilaf Dua mangtey hen, Allah Tala jald sakht azaab dey de in haraam khoron ko. Ameen",no,hate,na,anger,ab/urdu to/urdu har/urdu namaaz/urdu me/urdu bhi/urdu in/urdu haraam/urdu khor/urdu Generals/english Politicians/english Judges/english k/urdu khilaf/urdu Dua/urdu mangtey/urdu hen/urdu Allah/urdu Tala/urdu jald/urdu sakht/urdu azaab/urdu dey/urdu de/urdu in/urdu haraam/urdu khoron/urdu ko/urdu Ameen/urdu
EyrNOfyxSBQ,Bare bare YouTuber ko support krte hoo kindly Jin ko need ha unko bi kia kro,no,none,na,none,Bare/urdu bare/urdu YouTuber/english ko/urdu support/english krte/urdu hoo/urdu kindly/english Jin/urdu ko/urdu need/english ha/urdu unko/urdu bi/urdu kia/urdu kro/urdu
4k0ZV0UFZSw,Humy manghai say zayda faruq nahi pharta jitna I'mran Khan ka consoutry consignment say pharta ha😢😢😢,yes,offensive,na,anger|sadness,Humy/urdu manghai/urdu say/urdu zayda/urdu faruq/urdu nahi/urdu pharta/urdu jitna/urdu I'mran/ambiguous Khan/urdu ka/urdu consoutry/english consignment/english say/urdu pharta/urdu ha/urdu
nqbNLe84dpM,Assalamualaikum iqra aapi mujay app py areeb bhai ki Pasand ka dress bahut bahut acha laga mashallah iqra aapi aap ki look bahut bahut pyaari lag rahi hai mashallah kisi ki nazer na lage iqra aapi aap ko mashallah 🤲🤲🤲🤲🤲🤲🤲🤲🤲🤲🤲💖💖💖💖💙💙💙💙💙😍😍😍😍🥰🥰🥰🥰,no,none,na,joy,Assalamualaikum/urdu iqra/urdu aapi/urdu mujay/urdu app/english py/urdu areeb/urdu bhai/urdu ki/urdu Pasand/urdu ka/urdu dress/english bahut/urdu bahut/urdu acha/urdu laga/urdu mashallah/urdu iqra/urdu aapi/urdu aap/urdu ki/urdu look/english bahut/urdu bahut/urdu pyaari/urdu lag/urdu rahi/urdu hai/urdu mashallah/urdu kisi/urdu ki/urdu nazer/urdu na/urdu lage/urdu iqra/urdu aapi/urdu aap/urdu ko/urdu mashallah/urdu
VUKai4CZSNw,Me bhi japan me rhe tha hu,no,none,na,none,Me/ambiguous bhi/urdu japan/english me/urdu rhe/urdu tha/urdu hu/urdu
8ksTrbtyTco,Kiya zabardast dress hai please dress code bata Dy ❤❤❤❤❤❤❤❤❤❤❤❤❤❤❤❤❤❤❤❤❤❤❤❤❤❤❤❤❤❤❤❤❤❤❤❤❤❤❤❤❤❤❤❤,no,none,na,joy,Kiya/urdu zabardast/urdu dress/english hai/urdu please/english dress/english code/english bata/urdu Dy/urdu
BaMLBWWvNHA,Ye saaf jhoot bolta hai bakes insan exposed zulqarnain bara tu ameer tha na,no,offensive,na,anger,Ye/urdu saaf/urdu jhoot/urdu bolta/urdu hai/urdu bakes/english insan/urdu exposed/english zulqarnain/urdu bara/urdu tu/urdu ameer/urdu tha/urdu na/urdu
WJxfQWiP9DQ,Mohsin nakvi jo marzi kahay hum is par bilkul yaqeen nahi kartay kyu kay asim munir kay saat mil kar aur in sayaasi jammatu kay saat mil kar is nay 9 may 26 November mureed kay kashmir aur aab pir kashmir karwaya yah sab qatil hai imran khan ko giranay kay liya sab nay mil kar mulk ko taba kiya aab yah hud peachay nahi hut sakta jis din insaf ager huwa to yah sab zimadar hu gay is waqt kashmir balochistan aur kpk may jo shahaadaty hu rahi hai us kay zimadar yah sab hai aur jo innu nay hamary kashmiriyu kay saat kiya us kay liya hum kashmiri in sab ko maf nahi karay gay .,no,hate,misinfo,anger|sadness,Mohsin/ambiguous nakvi/urdu jo/urdu marzi/urdu kahay/urdu hum/urdu is/urdu par/urdu bilkul/urdu yaqeen/urdu nahi/urdu kartay/urdu kyu/urdu kay/urdu asim/ambiguous munir/urdu kay/urdu saat/urdu mil/urdu kar/urdu aur/urdu in/urdu sayaasi/urdu jammatu/urdu kay/urdu saat/urdu mil/urdu kar/urdu is/urdu nay/urdu 9/ambiguous may/urdu 26/ambiguous November/english mureed/urdu kay/urdu kashmir/urdu aur/urdu aab/urdu pir/urdu kashmir/urdu karwaya/urdu yah/urdu sab/urdu qatil/urdu hai/urdu imran/ambiguous khan/urdu ko/urdu giranay/urdu kay/urdu liya/urdu sab/urdu nay/urdu mil/urdu kar/urdu mulk/urdu ko/urdu taba/urdu kiya/urdu aab/urdu yah/urdu hud/urdu peachay/urdu nahi/urdu hut/urdu sakta/urdu jis/urdu din/urdu insaf/urdu ager/urdu huwa/urdu to/urdu yah/urdu sab/urdu zimadar/urdu hu/urdu gay/urdu is/urdu waqt/urdu kashmir/urdu balochistan/urdu aur/urdu kpk/ambiguous may/urdu jo/urdu shahaadaty/urdu hu/urdu rahi/urdu hai/urdu us/urdu kay/urdu zimadar/urdu yah/urdu sab/urdu hai/urdu aur/urdu jo/urdu innu/urdu nay/urdu hamary/urdu kashmiriyu/urdu kay/urdu saat/urdu kiya/urdu us/urdu kay/urdu liya/urdu hum/urdu kashmiri/urdu in/urdu sab/urdu ko/urdu maf/urdu nahi/urdu karay/urdu gay/urdu ./ambiguous
eY0i4nBXqdY,AP sab bohot cute hu,no,none,na,joy,urdu/ambiguous urdu/urdu urdu/urdu english/english urdu/urdu
nqbNLe84dpM,😅 lata shastri ka aakhri block astrology ka aakhiri block😅😊😮 janleva hai 🤏❌ ram vivah Thoda sa dikhayen Suraj Nahin hota hai yah thoda hi khana😂😱,yes,none,na,joy|surprise,ambiguous/ambiguous lata/urdu shastri/urdu ka/urdu aakhri/urdu block/english astrology/english ka/urdu aakhiri/urdu block/english janleva/urdu hai/urdu ambiguous/ambiguous ram/urdu vivah/urdu Thoda/urdu sa/urdu dikhayen/urdu Suraj/urdu Nahin/urdu hota/urdu hai/urdu yah/urdu thoda/urdu hi/urdu khana/urdu
nqbNLe84dpM,Bohaatt kamal thi rabia hira kii performance,no,none,na,joy,Bohaatt/urdu kamal/urdu thi/urdu rabia/urdu hira/urdu kii/urdu performance/english
BljaIOvFkcM,"JINKO GHADDR KAHA JATA HE WOHI LOG BADE GHADDARON KI GOD MAIN BETHE HAIN.
SOCHNE KI BAT HE K IS PAKISTAN MAIN ASAL GHADDAR KON HE QOOM KO SAMUJHNA HOGA",yes,offensive,na,anger,JINKO/urdu GHADDR/urdu KAHA/urdu JATA/urdu HE/urdu WOHI/urdu LOG/urdu BADE/urdu GHADDARON/urdu KI/urdu GOD/urdu MAIN/urdu BETHE/urdu HAIN/urdu SOCHNE/urdu KI/urdu BAT/urdu HE/urdu K/urdu IS/english PAKISTAN/urdu MAIN/urdu ASAL/urdu GHADDAR/urdu KON/urdu HE/urdu QOOM/urdu KO/urdu SAMUJHNA/urdu HOGA/urdu
FH8OUP2_sN4,Maza aya waqae ma is vlog ka,no,none,na,joy,Maza/urdu aya/urdu waqae/urdu ma/urdu is/english vlog/english ka/urdu
nqbNLe84dpM,Has has ka bura Hal ho gagya areeb bhi ka Sath TU maza agys😊😊😊😊😊😊😊😊,yes,none,na,joy,Has/ambiguous has/ambiguous ka/urdu bura/urdu Hal/urdu ho/urdu gagya/urdu areeb/urdu bhi/urdu ka/urdu Sath/urdu TU/urdu maza/urdu agys/urdu
XHQrr9fmTkc,Pink colour  ka Food challenge vote for pink bolor ❤❤❤,no,none,na,joy,Pink/english colour/english ka/urdu Food/english challenge/english vote/english for/english pink/english bolor/urdu ❤❤❤/ambiguous
WJxfQWiP9DQ,"You really need to focus on Punjabis for the sake of Pakistan.
You keep on saying the same thing again and again in different ways, and that is: This Army is corrupt. 
We all know that, question is what can be done about it?
Answer: Nothing.
Reason: Punjabi (largest population and a curse of Pakistan). 
Karachi kicked out first field Marshal, Bengalis stood up and kicked out this Army, Sindhi stood up in 1970s, Baloch have been standing for a while, KPK is standing, Kashmir is standing; but Punjab, NO WAY. 
Punjab has NEVER stood against “zalims” or “Yazids” (Punjab never stood with any “mazloom” including their country men, either it’s Fatima Jinnah, Karachi, Bengalis, Sindhis, KPK, Baloch or Kashmiris) instead, Punjab has always provided man power to tyrants, ALWAYS. 
That is the 3000 yrs of history of Punjab and Army knows this very well. IK did not fully understood this historical fact about Punjab, and that is why he is in Jail and his whole family is suffering, including others.
Yeh baat too abb meray imaan kaa hissa hay kay; Punjabi mard (largest population in Pakistan; “koofis” and a curse) see ziyada baghairaat aur buzdil qoom iss dunya main koi aur nahin hay.",no,hate,misinfo,anger|sadness,You/english really/english need/english to/english focus/english on/english Punjabis/english for/english the/english sake/english of/english Pakistan/english You/english keep/english on/english saying/english the/english same/english thing/english again/english and/english again/english in/english different/english ways/english and/english that/english is/english This/english Army/english is/english corrupt/english We/english all/english know/english that/english question/english is/english what/english can/english be/english done/english about/english it/english Answer/english Nothing/english Reason/english Punjabi/english largest/english population/english and/english a/english curse/english of/english Pakistan/english Karachi/english kicked/english out/english first/english field/english Marshal/english Bengalis/english stood/english up/english and/english kicked/english out/english this/english Army/english Sindhi/english stood/english up/english in/english 1970s/english Baloch/english have/english been/english standing/english for/english a/english while/english KPK/english is/english standing/english Kashmir/english is/english standing/english but/english Punjab/english NO/english WAY/english Punjab/english has/english NEVER/english stood/english against/english zalims/urdu or/english Yazids/urdu Punjab/english never/english stood/english with/english any/english mazloom/urdu including/english their/english country/english men/english either/english it's/english Fatima/english Jinnah/english Karachi/english Bengalis/english Sindhis/english KPK/english Baloch/english or/english Kashmiris/english instead/english Punjab/english has/english always/english provided/english man/english power/english to/english tyrants/english ALWAYS/english That/english is/english the/english 3000/english yrs/english of/english history/english of/english Punjab/english and/english Army/english knows/english this/english very/english well/english IK/english did/english not/english fully/english understood/english this/english historical/english fact/english about/english Punjab/english and/english that/english is/english why/english he/english is/english in/english Jail/english and/english his/english whole/english family/english is/english suffering/english including/english others/english Yeh/urdu baat/urdu too/urdu abb/urdu meray/urdu imaan/urdu kaa/urdu hissa/urdu hay/urdu kay/urdu Punjabi/english mard/urdu largest/english population/english in/english Pakistan/english koofis/urdu and/english a/english curse/english see/urdu ziyada/urdu baghairaat/urdu aur/urdu buzdil/urdu qoom/urdu iss/urdu dunya/urdu main/urdu koi/urdu aur/urdu nahin/urdu hay/urdu
nqbNLe84dpM,Ye challenge bhai bhabhi ki Sath bhi kare plzzz,no,none,na,joy,Ye/urdu challenge/english bhai/urdu bhabhi/urdu ki/urdu Sath/urdu bhi/urdu kare/urdu plzzz/english
N-0DINjOMlY,Papa mama se airport 🛫 parh milna ki khushi hi alag huti hn,no,none,na,joy|surprise,Papa/urdu mama/urdu se/urdu airport/english 🛫/ambiguous parh/urdu milna/urdu ki/urdu khushi/urdu hi/urdu alag/urdu huti/urdu hn/urdu
BaMLBWWvNHA,Bro Kesy ku Kuch nahi sekhna cahiye Baad MN vo hi ap KY muqably MN aa jata litterly😢,yes,none,na,sadness,Bro/english Kesy/urdu ku/urdu Kuch/urdu nahi/urdu sekhna/urdu cahiye/urdu Baad/urdu MN/urdu vo/urdu hi/urdu ap/urdu KY/urdu muqably/urdu MN/urdu aa/urdu jata/urdu litterly/english
FH8OUP2_sN4,Ai arpob AP Meray Liyay aik smart watch la day Please api aroob,no,none,na,joy,Ai/urdu arpob/ambiguous AP/ambiguous Meray/urdu Liyay/urdu aik/urdu smart/english watch/english la/urdu day/urdu Please/english api/ambiguous aroob/ambiguous
FH8OUP2_sN4,Ducky bhi o white shirt wali ladki mast ti yrrrr 😂,yes,none,na,joy,Ducky/ambiguous bhi/urdu o/urdu white/english shirt/english wali/urdu ladki/urdu mast/urdu ti/urdu yrrrr/ambiguous 😂/ambiguous
BaMLBWWvNHA,Agr ap us ko waaqi main Bhai smjhty hoty to ab usy support krty ...,yes,none,na,anger,Agr/urdu ap/urdu us/urdu ko/urdu waaqi/urdu main/urdu Bhai/urdu smjhty/urdu hoty/urdu to/urdu ab/urdu usy/urdu support/english krty/urdu .../ambiguous
ttL6k7wzGmQ,Allah app haleema sahaba ki hafzat or madad kry Ameen,no,none,na,joy,Allah/urdu app/urdu haleema/urdu sahaba/urdu ki/urdu hafzat/urdu or/urdu madad/urdu kry/urdu Ameen/urdu
WJxfQWiP9DQ,Allah ap ko sehat dy,no,none,na,joy,urdu/urdu ap/urdu ko/urdu sehat/urdu dy/urdu
BmpRnfu16YA,Baki sab to theek hai lekin hai ki Billi bahut cute hai,no,none,na,joy,Baki/urdu sab/urdu to/urdu theek/urdu hai/urdu lekin/urdu hai/urdu ki/urdu Billi/urdu bahut/urdu cute/english hai/urdu
HeZ2VBdJeOk,Imran bhi Allah pak ke qusam india na b kashamir ka khoraq or advance bund ni ke,yes,offensive,misinfo,anger,Imran/ambiguous bhi/urdu Allah/urdu pak/urdu ke/urdu qusam/urdu india/urdu na/urdu b/urdu kashamir/urdu ka/urdu khoraq/urdu or/english advance/english bund/urdu ni/urdu ke/urdu
FH8OUP2_sN4,Ducky bahi 9 million main 7 miliion wala call karo shugahl karo🙏🙏🙏🙏,no,none,na,none,Ducky/ambiguous bahi/urdu 9/ambiguous million/english main/urdu 7/ambiguous miliion/english wala/urdu call/english karo/urdu shugahl/urdu karo/urdu
HeZ2VBdJeOk,Azid Asim Muner orSahbaj Sahrif And Zardari pati pakistan ko Dobadi Hai Allah Bacca pakistan,no,hate,na,anger,Azid/urdu Asim/urdu Muner/urdu orSahbaj/urdu Sahrif/urdu And/english Zardari/urdu pati/urdu pakistan/urdu ko/urdu Dobadi/urdu Hai/urdu Allah/urdu Bacca/urdu pakistan/urdu
IMnXqYDHhZI,Ufff Mary Khuda ku daikhty hain apny Ghar ki cheezin had hai AJ Kal h Kise ky pass time k in ko daikhin afsos ki bat hai koi b Kam b bat nh fazul yeh sab,yes,none,na,anger|sadness,Ufff/ambiguous Mary/english Khuda/urdu ku/urdu daikhty/urdu hain/urdu apny/urdu Ghar/urdu ki/urdu cheezin/urdu had/urdu hai/urdu AJ/urdu Kal/urdu h/urdu Kise/urdu ky/urdu pass/english time/english k/urdu in/urdu ko/urdu daikhin/urdu afsos/urdu ki/urdu bat/urdu hai/urdu koi/urdu b/urdu Kam/urdu b/urdu bat/urdu nh/urdu fazul/urdu yeh/urdu sab/urdu
EyrNOfyxSBQ,Comment Mai Allah ya Muhammad ka nam koi b na likhay video daikhni ha daikho ni daikhni to dfa ho jao is baigharat drama k comment Mai pak nam na likho shrm karo,no,offensive,na,anger,english/ambiguous urdu/urdu urdu/urdu urdu/urdu urdu/urdu urdu/urdu urdu/urdu urdu/urdu urdu/urdu urdu/urdu english/english urdu/urdu urdu/urdu urdu/urdu urdu/urdu urdu/urdu urdu/urdu urdu/urdu urdu/urdu urdu/urdu urdu/urdu urdu/urdu urdu/urdu urdu/urdu english/ambiguous urdu/urdu urdu/urdu urdu/urdu urdu/urdu urdu/urdu urdu/urdu urdu/urdu
UiYpRBQ74fs,Kahen is main Bharat ka haat to nahi halaat kharab Karne main ???,yes,none,na,anger,Kahen/urdu is/english main/urdu Bharat/urdu ka/urdu haat/urdu to/urdu nahi/urdu halaat/urdu kharab/urdu Karne/urdu main/urdu ???/ambiguous
IMnXqYDHhZI,Kanwal e kry zulqarnain sy wesa mza ni ata,yes,none,na,joy,Kanwal/urdu e/urdu kry/urdu zulqarnain/urdu sy/urdu wesa/urdu mza/urdu ni/urdu ata/urdu
8ksTrbtyTco,Kaise karlete hou aap logg aaese logo ko subscribe guyz,yes,none,na,surprise,Kaise/urdu karlete/urdu hou/urdu aap/urdu logg/urdu aaese/urdu logo/urdu ko/urdu subscribe/english guyz/english
hhFGhAo4ZfY,Yarrrr bohat zyada enjoy kia video dekh k love from sargodha ❤,no,none,na,joy,urdu/ambiguous urdu/urdu urdu/urdu english/english urdu/urdu english/english urdu/urdu urdu/urdu english/english english/english urdu/urdu english/ambiguous
EyrNOfyxSBQ,Wese ap sisters Jo kuch kr ri hn ap k father ku bhe ap logun k sath ye he krna chahiye🫢,yes,none,na,surprise,Wese/urdu ap/urdu sisters/english Jo/urdu kuch/urdu kr/urdu ri/urdu hn/urdu ap/urdu k/urdu father/english ku/urdu bhe/urdu ap/urdu logun/urdu k/urdu sath/urdu ye/urdu he/urdu krna/urdu chahiye/urdu
BaMLBWWvNHA,Zabardast Bhai merry dil ke bateen kee Hain ❤❤❤❤❤❤❤❤❤❤,no,none,na,joy,Zabardast/urdu Bhai/urdu merry/english dil/urdu ke/urdu bateen/urdu kee/urdu Hain/urdu ❤❤❤❤❤❤❤❤❤❤/ambiguous
PKFU1F2QEMQ,allaha paak ap k ghr ko salamat rakhy amen or apko hamesha khush rakhy,no,none,na,joy,allaha/urdu paak/urdu ap/urdu k/urdu ghr/urdu ko/urdu salamat/urdu rakhy/urdu amen/urdu or/urdu apko/urdu hamesha/urdu khush/urdu rakhy/urdu
VUKai4CZSNw,"Ducky Bhai ab AP Japan ke bad south Korea jae please please please please 🥺❤
Who is agree 💯 
👇",no,none,na,joy,Ducky/ambiguous Bhai/urdu ab/urdu AP/english Japan/english ke/urdu bad/urdu south/english Korea/english jae/urdu please/english please/english please/english please/english 🥺❤/ambiguous Who/english is/english agree/english 💯/ambiguous 👇/ambiguous
XHQrr9fmTkc,Fatima API kia ye bat AP nai note nahi ki jab Iqra API ka shoot apni nand Kai sath shoot kia tha to Iqra API ki baisti ho gayi thi Lekin jab AP androon Lahore gai thi aur cycle Chala Rahi thi to Babar nai AP ko kuch nahi kaha is ka Matlab Babar AP ki roasting sai darta hai please maira comment Apne vlog Mai read zaroor kare please please please please please please please please please please please please please please please please please please please please please please please please please please please please please please 😮,no,offensive,na,anger|surprise,urdu/urdu english/english urdu/urdu urdu/urdu urdu/urdu english/english urdu/urdu urdu/urdu urdu/urdu urdu/urdu urdu/urdu urdu/urdu english/english urdu/urdu urdu/urdu urdu/urdu urdu/urdu urdu/urdu urdu/urdu urdu/urdu urdu/urdu urdu/urdu urdu/urdu urdu/urdu urdu/urdu urdu/urdu urdu/urdu urdu/urdu urdu/urdu urdu/urdu urdu/urdu english/english urdu/urdu english/english urdu/urdu urdu/urdu urdu/urdu urdu/urdu urdu/urdu urdu/urdu english/english urdu/urdu english/english urdu/urdu urdu/urdu urdu/urdu urdu/urdu urdu/urdu urdu/urdu urdu/urdu urdu/urdu urdu/urdu urdu/urdu urdu/urdu urdu/urdu urdu/urdu urdu/urdu urdu/urdu english/english urdu/urdu english/english english/english urdu/urdu english/english urdu/urdu urdu/urdu english/english urdu/urdu english/english english/english english/english english/english english/english english/english english/english english/english english/english english/english english/english english/english english/english english/english english/english english/english english/english english/english english/english english/english english/english english/english english/english english/english english/english english/english english/english english/english english/english english/english english/english ambiguous/ambiguous
VUKai4CZSNw,ducky bhai plz oman ka trrip bhi karain,no,none,na,joy,ducky/english bhai/urdu plz/english oman/english ka/urdu trrip/english bhi/urdu karain/urdu
BaMLBWWvNHA,Aap aapka kam kre rajab butt bhot acche he or inke fen bache nhi balki bade bhi he or inki bivi hi kharb thi toh isme unki koi galti nhi inke heaters ne kes kra he in pr,no,offensive,na,anger,Aap/urdu aapka/urdu kam/urdu kre/urdu rajab/urdu butt/urdu bhot/urdu acche/urdu he/urdu or/urdu inke/urdu fen/urdu bache/urdu nhi/urdu balki/urdu bade/urdu bhi/urdu he/urdu or/urdu inki/urdu bivi/urdu hi/urdu kharb/urdu thi/urdu toh/urdu isme/urdu unki/urdu koi/urdu galti/urdu nhi/urdu inke/urdu heaters/english ne/urdu kes/urdu kra/urdu he/urdu in/urdu pr/urdu
IMnXqYDHhZI,Zulqarnain bhia and kanwal hum apko miss krta hay❤❤❤❤,no,none,na,sadness|joy,Zulqarnain/urdu bhia/urdu and/english kanwal/urdu hum/urdu apko/urdu miss/english krta/urdu hay/urdu
eY0i4nBXqdY,fatimaآپی  آپ kahan رہتی hain,no,none,na,none,urdu/ambiguous urdu/urdu english/english urdu/urdu urdu/urdu
WJxfQWiP9DQ,Ap bi Kuch Socha kre bs v log....,yes,none,na,anger,Ap/urdu bi/urdu Kuch/urdu Socha/urdu kre/urdu bs/urdu v/ambiguous log/urdu
8ksTrbtyTco,obv shahveer ka channel hay wohi jeetay ga,no,none,na,none,english/english urdu/urdu urdu/urdu english/english urdu/urdu urdu/urdu urdu/urdu urdu/urdu
nqbNLe84dpM,Macaroni ya loaded fries bna k us k andr Jolo chip powder bna k iqra or areeb k Sath prank kro,no,none,na,joy,Macaroni/english ya/urdu loaded/english fries/english bna/urdu k/urdu us/urdu k/urdu andr/urdu Jolo/ambiguous chip/english powder/english bna/urdu k/urdu iqra/urdu or/urdu areeb/urdu k/urdu Sath/urdu prank/english kro/urdu
N-0DINjOMlY,Kamal aunty aapka face Khwaja Sarai se bahut Milta Hai such bol rahi ho,yes,offensive,na,anger,Kamal/ambiguous aunty/urdu aapka/urdu face/english Khwaja/urdu Sarai/urdu se/urdu bahut/urdu Milta/urdu Hai/urdu such/urdu bol/urdu rahi/urdu ho/urdu
EyrNOfyxSBQ,"Moment wen she said: ""or muashry ko laga sudhar agaya"" damnnn🙌🏻 
the fact gave me goose bumps. that boy is still wandering free....",no,none,na,surprise|anger,Moment/english wen/english she/english said:/english or/urdu muashry/urdu ko/urdu laga/urdu sudhar/urdu agaya/urdu damnnn🙌🏻/english the/english fact/english gave/english me/english goose/english bumps./english that/english boy/english is/english still/english wandering/english free..../english
FH8OUP2_sN4,"Love you ❤
Duck Bhai",no,none,na,joy,Love/english you/english ❤/ambiguous Duck/english Bhai/urdu
XHQrr9fmTkc,Ma na mujhe reply nai diya kyu,no,none,na,sadness|anger,Ma/urdu na/urdu mujhe/urdu reply/english nai/urdu diya/urdu kyu/urdu
IMnXqYDHhZI,Waisai Zulqar sahi mai Kanwal ko uski ukat dekhata hai. Kamzarf aurat. Shodi,yes,offensive,na,anger,Waisai/urdu Zulqar/urdu sahi/urdu mai/urdu Kanwal/urdu ko/urdu uski/urdu ukat/urdu dekhata/urdu hai/urdu Kamzarf/urdu aurat/urdu Shodi/urdu
EyrNOfyxSBQ,Beghairat  ki jG Ghairat likh diya Hai,yes,offensive,na,anger,Beghairat/urdu ki/urdu jG/ambiguous Ghairat/urdu likh/urdu diya/urdu Hai/urdu
VUKai4CZSNw,Washroom KO Deakh ker Masha Allah na Praha Karen Ducky bhi,yes,none,na,joy,Washroom/english KO/urdu Deakh/urdu ker/urdu Masha/urdu Allah/urdu na/urdu Praha/urdu Karen/urdu Ducky/english bhi/urdu
zXAAAXogJ78,Pata nai is game m is kutty ko q saat rahkte ho,yes,offensive,na,anger,Pata/urdu nai/urdu is/english game/english m/urdu is/english kutty/urdu ko/urdu q/urdu saat/urdu rahkte/urdu ho/urdu
UiYpRBQ74fs,Khoti KY bachoun ko koi fark ni par Raha qatloun KY sar pr trump ka jota ha ici vja SE kutty kaat rahy han kashmrioun ko,yes,hate,na,anger,urdu/urdu urdu/urdu urdu/urdu urdu/urdu urdu/urdu urdu/urdu urdu/urdu urdu/urdu urdu/urdu urdu/urdu urdu/urdu urdu/urdu urdu/urdu english/english urdu/urdu urdu/urdu urdu/urdu urdu/urdu urdu/urdu urdu/urdu urdu/urdu urdu/urdu urdu/urdu urdu/urdu
IMnXqYDHhZI,Kawal chawal Tum gajab se jealous hoti ho na isliye uski kamyabi dekhkar Tum bardasht Nahin kar paati aur tadapna shuru ho jaati hai aur sath hi tumhara miyan Sahab baat ko badal deta hai,yes,offensive,na,anger|sadness,Kawal/urdu chawal/urdu Tum/urdu gajab/urdu se/urdu jealous/english hoti/urdu ho/urdu na/urdu isliye/urdu uski/urdu kamyabi/urdu dekhkar/urdu Tum/urdu bardasht/urdu Nahin/urdu kar/urdu paati/urdu aur/urdu tadapna/urdu shuru/urdu ho/urdu jaati/urdu hai/urdu aur/urdu sath/urdu hi/urdu tumhara/urdu miyan/urdu Sahab/urdu baat/urdu ko/urdu badal/urdu deta/urdu hai/urdu
8ksTrbtyTco,shahveer yai ju bhi is ku sharam nahi aati israel products ku promote karta hai ye .....Tum Jase logo ku sharam nhi hai or cheezu ku israel products ku promote karte ho ...... sirf khane ke liye hi bana hai ....May Allah guide us all ameen,no,offensive,na,anger,urdu/urdu urdu/urdu urdu/urdu urdu/urdu urdu/urdu urdu/urdu urdu/urdu urdu/urdu urdu/urdu english/english english/english urdu/urdu english/english urdu/urdu urdu/urdu urdu/urdu urdu/urdu urdu/urdu urdu/urdu urdu/urdu urdu/urdu urdu/urdu urdu/urdu urdu/urdu urdu/urdu english/english english/english urdu/urdu english/english urdu/urdu urdu/urdu urdu/urdu urdu/urdu urdu/urdu urdu/urdu urdu/urdu urdu/urdu urdu/urdu english/english english/english english/english english/english english/english urdu/urdu
EyrNOfyxSBQ,Lekin aap Mein Nahin Hai,yes,none,na,none,Lekin/urdu aap/urdu Mein/urdu Nahin/urdu Hai/urdu
EyrNOfyxSBQ,ye to baaghi dramy ki cheating hn same shayari saba qamar ka drama tha abhi recently may ny watch kia hn wo bhi end pr osky bhai ny gala daba diya  tha,yes,none,na,anger|surprise,ye/urdu to/urdu baaghi/urdu dramy/urdu ki/urdu cheating/english hn/urdu same/english shayari/urdu saba/urdu qamar/urdu ka/urdu drama/urdu tha/urdu abhi/urdu recently/english may/urdu ny/urdu watch/english kia/urdu hn/urdu wo/urdu bhi/urdu end/english pr/urdu osky/urdu bhai/urdu ny/urdu gala/urdu daba/urdu diya/urdu tha/urdu
BaMLBWWvNHA,Rajab na galti kar de toj ko dost bana kat,yes,none,na,anger,Rajab/ambiguous na/urdu galti/urdu kar/urdu de/urdu toj/urdu ko/urdu dost/urdu bana/urdu kat/urdu
BmpRnfu16YA,Kon bata sakta hai ka fatima na kitne bar asthetic bola😂😂😂😂😂😂,yes,none,na,joy,Kon/urdu bata/urdu sakta/urdu hai/urdu ka/urdu fatima/ambiguous na/urdu kitne/urdu bar/urdu asthetic/english bola/urdu
eY0i4nBXqdY,Api jahan مری api hoti ha ya okay  Mobil ha,yes,none,na,none,Api/urdu jahan/urdu مری/urdu api/urdu hoti/urdu ha/urdu ya/urdu okay/english Mobil/english ha/urdu
HeZ2VBdJeOk,PDM Bichu hai is pr koi etabar ni,yes,none,na,anger,PDM/ambiguous Bichu/urdu hai/urdu is/english pr/urdu koi/urdu etabar/urdu ni/urdu
VUKai4CZSNw,ducky sorry to say likin may nay apko vlog may kabhi nimaz kartay nahi dekha,no,none,na,sadness,ducky/english sorry/english to/english say/english likin/urdu may/urdu nay/urdu apko/urdu vlog/english may/urdu kabhi/urdu nimaz/urdu kartay/urdu nahi/urdu dekha/urdu
N-0DINjOMlY,Zulqurnain bhai ap apny parents k liye koi gift ni lai???,yes,none,na,surprise,Zulqurnain/ambiguous bhai/urdu ap/urdu apny/urdu parents/english k/urdu liye/urdu koi/urdu gift/english ni/urdu lai/urdu
BmpRnfu16YA,Mera ghar bhi haya jaisa hai❤,no,none,na,joy,Mera/urdu ghar/urdu bhi/urdu haya/urdu jaisa/urdu hai/urdu
eY0i4nBXqdY,ma ap ke funny ho❤❤❤,no,none,na,joy,urdu/urdu ap/urdu ke/urdu funny/english ho/urdu
EyrNOfyxSBQ,mujhe samjh nhi arhi ya log itna appreciate q kar rahy hai mujhe to is film Mai koi b khas cheez nazar nhi aya waste of time,no,none,na,anger|sadness,mujhe/urdu samjh/urdu nhi/urdu arhi/urdu ya/urdu log/urdu itna/urdu appreciate/english q/urdu kar/urdu rahy/urdu hai/urdu mujhe/urdu to/urdu is/urdu film/urdu Mai/urdu koi/urdu b/urdu khas/urdu cheez/urdu nazar/urdu nhi/urdu aya/urdu waste/english of/english time/english
IMnXqYDHhZI,Miyan BV Ka rishta dosto wala HOTA h kis b way cy BT kry logo KO msla hta HR bat cy ajeeb log h,yes,offensive,na,anger,Miyan/urdu BV/english Ka/urdu rishta/urdu dosto/urdu wala/urdu HOTA/urdu h/urdu kis/urdu b/ambiguous way/english cy/urdu BT/english kry/urdu logo/urdu KO/urdu msla/urdu hta/urdu HR/english bat/urdu cy/urdu ajeeb/urdu log/urdu h/urdu
HeZ2VBdJeOk,Paisy aay bhi or huppt bhi hogay,yes,none,na,anger,Paisy/urdu aay/urdu bhi/urdu or/urdu huppt/urdu bhi/urdu hogay/urdu
nqbNLe84dpM,Koi dushman ke saath bhi aisaa naa karee yaarr hadd h 😂😂😂😂😂,yes,none,na,joy,Koi/urdu dushman/urdu ke/urdu saath/urdu bhi/urdu aisaa/urdu naa/urdu karee/urdu yaarr/urdu hadd/urdu h/urdu 😂😂😂😂😂/ambiguous
nqbNLe84dpM,Ham na bahut intezar Kiya lekin aap umra ya hajj per abhi tak Nahin Gaye,no,none,na,sadness,Ham/urdu na/urdu bahut/urdu intezar/urdu Kiya/urdu lekin/urdu aap/urdu umra/urdu ya/urdu hajj/urdu per/urdu abhi/urdu tak/urdu Nahin/urdu Gaye/urdu
BaMLBWWvNHA,We are always believe in zulqurnain bhai ❤ and God bless you always❤,no,none,na,joy,We/english are/english always/english believe/english in/english zulqurnain/urdu bhai/urdu ❤/ambiguous and/english God/english bless/english you/english always/english
zfjRK9s0pjA,Pyar ka pichhle block mein jab vah roti Thi Fatima jab uski report I Thi to Tum usko kaise rote Nahin hai tab Tumne bhi apna Dil chhota kar liya na na 😢😢,yes,none,na,sadness|anger,Pyar/urdu ka/urdu pichhle/urdu block/english mein/urdu jab/urdu vah/urdu roti/urdu Thi/urdu Fatima/ambiguous jab/urdu uski/urdu report/english I/english Thi/urdu to/urdu Tum/urdu usko/urdu kaise/urdu rote/urdu Nahin/urdu hai/urdu tab/urdu Tumne/urdu bhi/urdu apna/urdu Dil/urdu chhota/urdu kar/urdu liya/urdu na/urdu na/urdu 😢😢/ambiguous
IMnXqYDHhZI,Nd one more thing u both r natural nd aijal soooo pretty di aap vlogging continue rkhe aap best hai,no,none,na,joy,urdu/ambiguous one/english more/english thing/english u/english both/english r/english natural/english nd/urdu aijal/urdu soooo/english pretty/english di/urdu aap/urdu vlogging/english continue/english rkhe/urdu aap/urdu best/english hai/urdu
4k0ZV0UFZSw,Sar Kya ap abi b samjty k asy nizam m elakshion shi o ga,yes,none,na,anger,Sar/urdu Kya/urdu ap/urdu abi/urdu b/urdu samjty/urdu k/urdu asy/urdu nizam/urdu m/urdu elakshion/english shi/urdu o/urdu ga/urdu
VUKai4CZSNw,@Duckybhai new year Tokyo Mai hi ho gay ap?,no,none,na,joy|surprise,@Duckybhai/ambiguous new/english year/english Tokyo/english Mai/urdu hi/urdu ho/urdu gay/urdu ap/urdu
PKFU1F2QEMQ,Fatima jatoi bhi aisai halal tareekai sai earn kar sakti thi bas allah usai hidayad ata karai ❤,no,none,na,sadness,Fatima/ambiguous jatoi/urdu bhi/urdu aisai/urdu halal/urdu tareekai/urdu sai/urdu earn/english kar/urdu sakti/urdu thi/urdu bas/urdu allah/urdu usai/urdu hidayad/urdu ata/urdu karai/urdu ❤/ambiguous
gvG35CxYOLg,So sorry shaveer Bhai  again sorry 😢😢😢,no,none,na,sadness,So/english sorry/english shaveer/urdu Bhai/urdu again/english sorry/english 😢😢😢/ambiguous
BaMLBWWvNHA,Rajab ka beta zulqarnain,yes,none,na,none,Rajab/urdu ka/urdu beta/urdu zulqarnain/urdu
IMnXqYDHhZI,Kanwal ap plzz apni eyelashes ka secret bana daay itani barii kasay ho gai mashallah..,no,none,na,joy|surprise,Kanwal/ambiguous ap/urdu plzz/english apni/urdu eyelashes/english ka/urdu secret/english bana/urdu daay/urdu itani/urdu barii/urdu kasay/urdu ho/urdu gai/urdu mashallah/urdu
zXAAAXogJ78,zulqar bhai ap thore se healthy ho gaye hain,yes,none,na,joy,zulqar/ambiguous bhai/urdu ap/urdu thore/urdu se/urdu healthy/english ho/urdu gaye/urdu hain/urdu
UiYpRBQ74fs,Salam hy Kashmir ko logon ko...hum aap k Saath hein,no,none,na,sadness,Salam/urdu hy/urdu Kashmir/urdu ko/urdu logon/urdu ko...hum/urdu aap/urdu k/urdu Saath/urdu hein/urdu
IMnXqYDHhZI,Bohat mza AA rha hai qanwal aapi AAP k vlog dekhny main.jab jab Bhai vlog bnatay thy or jis part main AAP aatein the wo main dekhti Hoti thi Baki b vlog dekhti thi Lekin ziada AAP ka dekhti thi.masha'Allah AAP bohat piyaari lagti hein.main enjoy kr rhe Hun  dekh kr AAP k vlog ko.,no,none,na,joy,Bohat/urdu mza/urdu AA/urdu rha/urdu hai/urdu qanwal/urdu aapi/urdu AAP/urdu k/urdu vlog/english dekhny/urdu main.jab/urdu jab/urdu Bhai/urdu vlog/english bnatay/urdu thy/urdu or/urdu jis/urdu part/english main/urdu AAP/urdu aatein/urdu the/urdu wo/urdu main/urdu dekhti/urdu Hoti/urdu thi/urdu Baki/urdu b/english vlog/english dekhti/urdu thi/urdu Lekin/urdu ziada/urdu AAP/urdu ka/urdu dekhti/urdu thi.masha'Allah/urdu AAP/urdu bohat/urdu piyaari/urdu lagti/urdu hein.main/urdu enjoy/english kr/urdu rhe/urdu Hun/urdu dekh/urdu kr/urdu AAP/urdu k/urdu vlog/english ko/urdu
WJxfQWiP9DQ,A.salam imran Bhai mai na kaha tha Allah pak in k har jhoth samna larha hai sach k sat Allah hosh mai lay ye hojoom e qoom Pakistani ko think about it anyone?,yes,offensive,na,anger,urdu/ambiguous urdu/ambiguous urdu/ambiguous urdu/ambiguous urdu/ambiguous urdu/ambiguous urdu/ambiguous urdu/ambiguous urdu/ambiguous urdu/ambiguous urdu/ambiguous urdu/ambiguous urdu/ambiguous urdu/ambiguous urdu/ambiguous urdu/ambiguous urdu/ambiguous urdu/ambiguous urdu/ambiguous urdu/ambiguous urdu/ambiguous urdu/ambiguous urdu/ambiguous urdu/ambiguous urdu/ambiguous urdu/ambiguous urdu/ambiguous urdu/ambiguous urdu/ambiguous english/english english/english english/english english/english
VUKai4CZSNw,Ducky bhi mere pas milne ao,yes,none,na,joy,Ducky/english bhi/urdu mere/urdu pas/urdu milne/urdu ao/urdu
WJxfQWiP9DQ,Sir mai bhi mass communication ker rahi hoo aur bilkul app aur Arshad shareef shaheed ki tarah banna chahti hoo inshallah ❤,no,none,na,joy,Sir/ambiguous mai/urdu bhi/urdu mass/english communication/english ker/urdu rahi/urdu hoo/urdu aur/urdu bilkul/urdu app/urdu aur/urdu Arshad/urdu shareef/urdu shaheed/urdu ki/urdu tarah/urdu banna/urdu chahti/urdu hoo/urdu inshallah/urdu ❤/ambiguous
BaMLBWWvNHA,Proud of u Bhai !❤,no,none,na,joy,Proud/english of/english u/english Bhai/urdu !/ambiguous
XHQrr9fmTkc,API secret room banao Ghar par jis ka kisy ko pta na chaly,yes,none,na,joy,API/english secret/english room/english banao/urdu Ghar/urdu par/urdu jis/urdu ka/urdu kisy/urdu ko/urdu pta/urdu na/urdu chaly/urdu
N-0DINjOMlY,Allah kanwal ko parda karnay ki tofeeq ata framaye ameen aur us k husband ko hadayat de k bv ko gher merham se parda krwanay ki tofeq de ..... roz e kyamath kia jawab dain gy,no,offensive,na,anger|sadness,Allah/urdu kanwal/urdu ko/urdu parda/urdu karnay/urdu ki/urdu tofeeq/urdu ata/urdu framaye/urdu ameen/urdu aur/urdu us/urdu k/urdu husband/english ko/urdu hadayat/urdu de/urdu k/urdu bv/english ko/urdu gher/urdu merham/urdu se/urdu parda/urdu krwanay/urdu ki/urdu tofeq/urdu de/urdu ....../ambiguous roz/urdu e/urdu kyamath/urdu kia/urdu jawab/urdu dain/urdu gy/urdu
zfjRK9s0pjA,Allah aapko sehat ka Karen,no,none,na,joy,Allah/urdu aapko/urdu sehat/urdu ka/urdu Karen/urdu
HeZ2VBdJeOk,Koi ni hogi tahqeek 😂😂,yes,none,na,joy,Koi/urdu ni/urdu hogi/urdu tahqeek/urdu 😂😂/ambiguous
VUKai4CZSNw,Subscribe kar ka aik dafa vlog dheke ga ager Maza na aia tu dudara unfollow,no,none,na,none,Subscribe/english kar/urdu ka/urdu aik/urdu dafa/urdu vlog/english dheke/urdu ga/urdu ager/urdu Maza/urdu na/urdu aia/urdu tu/urdu dudara/urdu unfollow/english
UiYpRBQ74fs,"Yehi to cheez samjhne ki hai, yahan lashien girti Hain wahan Maryam nawaz Celebration karti Hain. Yeh Pakistan ke masoom sheriyun KO Kuch Nahi samjhte hain",yes,offensive,na,anger|sadness,Yehi/urdu to/urdu cheez/urdu samjhne/urdu ki/urdu hai/urdu yahan/urdu lashien/urdu girti/urdu Hain/urdu wahan/urdu Maryam/ambiguous nawaz/urdu Celebration/english karti/urdu Hain/urdu Yeh/urdu Pakistan/ambiguous ke/urdu masoom/urdu sheriyun/urdu KO/urdu Kuch/urdu Nahi/urdu samjhte/urdu hain/urdu
ttL6k7wzGmQ,Same bhai Allah pak apko jaldazjald sehat tandrusti de ameen ameen ameen,no,none,na,joy,Same/english bhai/urdu Allah/urdu pak/urdu apko/urdu jaldazjald/urdu sehat/urdu tandrusti/urdu de/urdu ameen/urdu ameen/urdu ameen/urdu
BaMLBWWvNHA,I'm Big Fan❤❤❤❤❤❤Bahie G❤❤❤❤❤❤❤❤❤❤❤❤❤❤❤❤❤❤❤ap Gariat.how❤❤❤❤,no,none,na,joy,I'm/english Big/english Fan/english Bahie/urdu G/ambiguous ap/urdu Gariat/urdu how/english
gvG35CxYOLg,"When you eat biryani with hashir ,that was epic 😂and when he said itna doodh mujy Ammi me nahi pilaya jitna mein me yahan se pi liya😂😂😂😂also when he kiss milk and said Tumhi Meri Zindagi Bachao ge😅😄😃",no,none,na,joy|surprise,"When/english you/english eat/english biryani/urdu with/english hashir/urdu ,that/english was/english epic/english 😂and/ambiguous when/english he/english said/english itna/urdu doodh/urdu mujy/urdu Ammi/urdu me/urdu nahi/urdu pilaya/urdu jitna/urdu mein/urdu me/urdu yahan/urdu se/urdu pi/urdu liya😂😂😂😂also/english when/english he/english kiss/english milk/english and/english said/english Tumhi/urdu Meri/urdu Zindagi/urdu Bachao/urdu ge😅😄😃/ambiguous"
IMnXqYDHhZI,Wow ab Tak ka Best vlog jis mein Shoes bags Sab girly chize thi Maza aa gaya 👌❤️ Mujhe next apka jewellery collection dekhna hai 🥰,no,none,na,joy|surprise,Wow/english ab/urdu Tak/urdu ka/urdu Best/english vlog/english jis/urdu mein/urdu Shoes/english bags/english Sab/urdu girly/english chize/urdu thi/urdu Maza/urdu aa/urdu gaya/urdu 👌❤️/ambiguous Mujhe/urdu next/english apka/urdu jewellery/english collection/english dekhna/urdu hai/urdu 🥰/ambiguous
XHQrr9fmTkc,Itni gandi tiyat Hai Tum Hari Fatima had hi krdi😂😂😂😂,yes,offensive,na,joy|anger,Itni/urdu gandi/urdu tiyat/urdu Hai/urdu Tum/urdu Hari/urdu Fatima/urdu had/urdu hi/urdu krdi/urdu
BmpRnfu16YA,So cute house mashahallah Allah aap ko ACHA naseeb da ameen,no,none,na,joy,So/english cute/english house/english mashahallah/urdu Allah/urdu aap/urdu ko/urdu ACHA/urdu naseeb/urdu da/urdu ameen/urdu
VUKai4CZSNw,Ducky bhai family trip ticket book kara,no,none,na,none,english/english urdu/urdu english/english english/english english/english english/english urdu/urdu
gvG35CxYOLg,On another level suno ja k Pakistani rapper shamroz butt n aag lga di h internet p kia song gaya h us n yoyo ko peechy chor dia h 😂😂😂,yes,none,na,joy|surprise,On/english another/english level/english suno/urdu ja/urdu k/urdu Pakistani/english rapper/english shamroz/urdu butt/urdu n/urdu aag/urdu lga/urdu di/urdu h/urdu internet/english p/urdu kia/urdu song/english gaya/urdu h/urdu us/urdu n/urdu yoyo/ambiguous ko/urdu peechy/urdu chor/urdu dia/urdu h/urdu 😂😂😂/ambiguous
eY0i4nBXqdY,Allah aapki umra ko qubool farmae 🕋🕋🕋,no,none,na,joy,Allah/urdu aapki/urdu umra/urdu ko/urdu qubool/urdu farmae/urdu 🕋🕋🕋/ambiguous
nqbNLe84dpM,Ghlat bat ni hows hira Fatima NY gift deya AP subsi bari bahin zyada kamati sub k leye karty idhr Kuch bih ho o Rabia favorite bi o Kuch ni jabki hak banta bahno ko sat main start kiya,yes,offensive,na,anger,Ghlat/urdu bat/urdu ni/urdu hows/english hira/urdu Fatima/urdu NY/english gift/english deya/urdu AP/urdu subsi/urdu bari/urdu bahin/urdu zyada/urdu kamati/urdu sub/urdu k/urdu leye/urdu karty/urdu idhr/urdu Kuch/urdu bih/urdu ho/urdu o/urdu Rabia/urdu favorite/english bi/urdu o/urdu Kuch/urdu ni/urdu jabki/urdu hak/urdu banta/urdu bahno/urdu ko/urdu sat/urdu main/urdu start/english kiya/urdu
8ksTrbtyTco,Plz plz ducky and aroob k sth karein next cooking challenge,no,none,na,joy,Plz/english plz/english ducky/english and/english aroob/ambiguous k/urdu sth/english karein/urdu next/english cooking/english challenge/english
IMnXqYDHhZI,MashaAllah nhi bolte jotun ko,yes,none,na,joy,MashaAllah/urdu nhi/urdu bolte/urdu jotun/ambiguous ko/urdu
N-0DINjOMlY,Kanwal appi ka vlog bna sa vlog ma bht zada entertainment hoti ha 😅,no,none,na,joy,Kanwal/ambiguous appi/urdu ka/urdu vlog/english bna/urdu sa/urdu vlog/english ma/urdu bht/urdu zada/urdu entertainment/english hoti/urdu ha/urdu 😅/ambiguous
WJxfQWiP9DQ,Imran Bhai ap ko salam hai ❤❤❤❤❤❤❤❤❤❤❤,no,none,na,joy,Imran/ambiguous Bhai/urdu ap/urdu ko/urdu salam/urdu hai/urdu ❤❤❤❤❤❤❤❤❤❤❤/ambiguous
Erif7Vj9NSQ,Fatima appi agar aap shampooColgate aur nimbu ko mix karoge aap apne munh per lagaoge to aap white ho jaaungi please  TRAI karo na please please❤,no,none,misinfo,joy,Fatima/ambiguous appi/urdu agar/urdu aap/urdu shampooColgate/english aur/urdu nimbu/urdu ko/urdu mix/english karoge/urdu aap/urdu apne/urdu munh/urdu per/urdu lagaoge/urdu to/urdu aap/urdu white/english ho/urdu jaaungi/urdu please/english TRAI/english karo/urdu na/urdu please/english please/english
VUKai4CZSNw,love ducky bhai and aroob❤❤❤❤,no,none,na,joy,love/english ducky/english bhai/urdu and/english aroob/ambiguous
BmpRnfu16YA,Sab sab SE acha room 🎉🎉🎉🎉🎉,no,none,na,joy,Sab/urdu sab/urdu SE/urdu acha/urdu room/english 🎉🎉🎉🎉🎉/ambiguous
4k0ZV0UFZSw,Is qoom ma gharat nahi ha imran bai,yes,none,na,anger,Is/urdu qoom/urdu ma/urdu gharat/urdu nahi/urdu ha/urdu imran/urdu bai/urdu
eY0i4nBXqdY,Aap ka Umrah qabul nhi hwa bcz hadees k mutabiq mehrum k bgair Umrah nhi hota jese k bhai papa ya koi b larka ho,no,none,na,none,Aap/urdu ka/urdu Umrah/urdu qabul/urdu nhi/urdu hwa/urdu bcz/english hadees/urdu k/urdu mutabiq/urdu mehrum/urdu k/urdu bgair/urdu Umrah/urdu nhi/urdu hota/urdu jese/urdu k/urdu bhai/urdu papa/urdu ya/urdu koi/urdu b/english larka/urdu ho/urdu
IMnXqYDHhZI,آنٹی ban game hy,no,none,na,none,آنٹی/urdu ban/english game/english hy/urdu
BaMLBWWvNHA,Views. Kaa chaker hai Bhai Sirf isi vlog pr million m views aye hai😂😂😂hasdi family jee,yes,none,na,joy,Views./english Kaa/urdu chaker/urdu hai/urdu Bhai/urdu Sirf/urdu isi/urdu vlog/english pr/urdu million/english m/urdu views/english aye/urdu hai/urdu hasdi/urdu family/english jee/urdu
PKFU1F2QEMQ,Ap uper waly room me lakri ka kam krwa k almari banwayen or kitchen me bhi,no,none,na,none,Ap/urdu uper/urdu waly/urdu room/english me/urdu lakri/urdu ka/urdu kam/urdu krwa/urdu k/urdu almari/urdu banwayen/urdu or/english kitchen/english me/urdu bhi/urdu
BaMLBWWvNHA,Views ke Lia agya,yes,none,na,none,Views/english ke/urdu Lia/urdu agya/urdu
zfjRK9s0pjA,Allah aap ko khush rakya ameen,no,none,na,joy,Allah/ambiguous aap/urdu ko/urdu khush/urdu rakya/urdu ameen/ambiguous
UiYpRBQ74fs,Asal mn uss protocol mn mn sharab manshiyat aur other illegal items hotin hyn asal wajah batou apko pata bhi hy phr bui nhi bolty,yes,none,na,anger,Asal/urdu mn/urdu uss/urdu protocol/english mn/urdu mn/urdu sharab/urdu manshiyat/urdu aur/urdu other/english illegal/english items/english hotin/urdu hyn/urdu asal/urdu wajah/urdu batou/urdu apko/urdu pata/urdu bhi/urdu hy/urdu phr/urdu bui/urdu nhi/urdu bolty/urdu
8ksTrbtyTco,Ayesha KO COCKING sikhany ka acha tariqa dhonda h wesy shahveer ny❤😂,yes,none,na,joy|surprise,Ayesha/ambiguous KO/urdu COCKING/english sikhany/urdu ka/urdu acha/urdu tariqa/urdu dhonda/urdu h/urdu wesy/urdu shahveer/ambiguous ny/urdu
nqbNLe84dpM,Iqra API AP areeb k sat Jo AP na horror prank keya ta ose Tarah horror prank Kara please please please please please please please please please please please please please please please please please please please please please please please please please please please please please please please please please please please please please please please please please please please please please please please please please please please please please please please please please please please please please please please please please please please please please please please 🥺 sab comment karo,no,none,na,joy|surprise,Iqra/ambiguous API/english AP/english areeb/urdu k/urdu sat/urdu Jo/urdu AP/english na/urdu horror/english prank/english keya/urdu ta/urdu ose/urdu Tarah/urdu horror/english prank/english Kara/urdu please/english please/english please/english please/english please/english please/english please/english please/english please/english please/english please/english please/english please/english please/english please/english please/english please/english please/english please/english please/english please/english please/english please/english please/english please/english please/english please/english please/english please/english please/english please/english please/english please/english please/english please/english please/english please/english please/english please/english please/english please/english please/english please/english please/english please/english please/english please/english please/english please/english please/english please/english please/english please/english please/english please/english please/english please/english please/english please/english please/english please/english please/english please/english please/english 🥺/ambiguous sab/urdu comment/english karo/urdu
N-0DINjOMlY,Calvin Klein k underwear😂 wesy best hote,yes,none,na,joy,Calvin/english Klein/english k/urdu underwear/english wesy/urdu best/english hote/urdu
zfjRK9s0pjA,Areeb bhai or iqra apee bohot bohot mubariq ho ❤❤❤❤❤❤❤❤❤❤❤❤❤ Allah ap ko sehat dai mashallah ❤❤❤❤❤❤❤❤ God bless you're family home life  and Allah will give you happiness ❤❤❤❤❤❤❤❤❤❤❤❤❤❤❤❤❤❤❤❤❤❤❤❤❤❤❤,no,none,na,joy,Areeb/urdu bhai/urdu or/english iqra/urdu apee/urdu bohot/urdu bohot/urdu mubariq/urdu ho/urdu ❤❤❤❤❤❤❤❤❤❤❤❤❤/ambiguous Allah/urdu ap/urdu ko/urdu sehat/urdu dai/urdu mashallah/urdu ❤❤❤❤❤❤❤❤/ambiguous God/english bless/english you're/english family/english home/english life/english and/english Allah/urdu will/english give/english you/english happiness/english ❤❤❤❤❤❤❤❤❤❤❤❤❤❤❤❤❤❤❤❤❤❤❤❤❤❤❤/ambiguous
BaMLBWWvNHA,"Rajab aik du takkay ka insaan hai ....
Jis ko aukaat se zada mil jaey usko hazam nhi hua na hi paisa na hi fame......",yes,offensive,na,anger,Rajab/urdu aik/urdu du/urdu takkay/urdu ka/urdu insaan/urdu hai/urdu ..../ambiguous Jis/urdu ko/urdu aukaat/urdu se/urdu zada/urdu mil/urdu jaey/urdu usko/urdu hazam/urdu nhi/urdu hua/urdu na/urdu hi/urdu paisa/urdu na/urdu hi/urdu fame/english ..../ambiguous
Erif7Vj9NSQ,Yar ya vlog itni dafa dekhna Ka bad bhi dobra kon Dekh rha ha 2k26 ma  date.12 june😮😅,yes,none,na,surprise|joy,Yar/urdu ya/urdu vlog/english itni/urdu dafa/urdu dekhna/urdu Ka/urdu bad/urdu bhi/urdu dobra/urdu kon/urdu Dekh/urdu rha/urdu ha/urdu 2k26/ambiguous ma/urdu date.12/ambiguous june/english
IMnXqYDHhZI,Juton py mashallah nhi bolty🙄,yes,none,na,anger,Juton/urdu py/urdu mashallah/urdu nhi/urdu bolty/urdu
EyrNOfyxSBQ,Hira API aapki aapki Na Koi nakal kar raha hai jaise aapane drama film banai hai na uski to please jakar dekhen❤❤❤❤❤🎉🎉🎉🎉🎉,no,none,na,joy|surprise,Hira/ambiguous API/english aapki/urdu aapki/urdu Na/urdu Koi/urdu nakal/urdu kar/urdu raha/urdu hai/urdu jaise/urdu aapane/urdu drama/english film/english banai/urdu hai/urdu na/urdu uski/urdu to/urdu please/english jakar/urdu dekhen/urdu
ttL6k7wzGmQ,Shami Ibrahim meri meri taraf se aapko Allah Pak jald aur jald sehat Yad Karen Delhi Dua Hai Ameen Summa Ameen,no,none,na,joy,Shami/urdu Ibrahim/urdu meri/urdu meri/urdu taraf/urdu se/urdu aapko/urdu Allah/urdu Pak/urdu jald/urdu aur/urdu jald/urdu sehat/urdu Yad/urdu Karen/urdu Delhi/urdu Dua/urdu Hai/urdu Ameen/urdu Summa/urdu Ameen/urdu
EyrNOfyxSBQ,Ya full movie  hai 😂😂,yes,none,na,joy|surprise,Ya/urdu full/english movie/english hai/urdu 😂😂/ambiguous
VUKai4CZSNw,Uroob ka baby honay wala hai,no,none,na,joy,Uroob/urdu ka/urdu baby/english honay/urdu wala/urdu hai/urdu
gvG35CxYOLg,Ye kha to Liya Hai jab nikle GA to asal mout ka nanga nach shuru hoga😊,yes,none,na,joy,Ye/urdu kha/urdu to/urdu Liya/urdu Hai/urdu jab/urdu nikle/urdu GA/urdu to/urdu asal/urdu mout/urdu ka/urdu nanga/urdu nach/urdu shuru/urdu hoga/urdu
4k0ZV0UFZSw,Jeetey Raho imran Bhai Allah Apko Apne Hifzo Amaan Men Rakhey Or Allah Apko Salamat Rakhey Or Allah Apko Hamesha Ki Taran Sach Boltey Rehne Ki Tofeeq Ata Farmae 🇵🇰🇵🇰🇵🇰🇵🇰,no,none,na,joy,Jeetey/urdu Raho/urdu imran/ambiguous Bhai/urdu Allah/urdu Apko/urdu Apne/urdu Hifzo/urdu Amaan/urdu Men/urdu Rakhey/urdu Or/urdu Allah/urdu Apko/urdu Salamat/urdu Rakhey/urdu Or/urdu Allah/urdu Apko/urdu Hamesha/urdu Ki/urdu Taran/urdu Sach/urdu Boltey/urdu Rehne/urdu Ki/urdu Tofeeq/urdu Ata/urdu Farmae/urdu 🇵🇰🇵🇰🇵🇰🇵🇰/ambiguous
WJxfQWiP9DQ,Bht time baad yeh channel nazar aya.. what a downfall man.. pichli 20 videos men ek bh video py 1 million bhi views nahi aye.. most py 5 lac se bh kam views.. jhoota propaganda krne wale log zida dur tak nahi jaskte..,no,offensive,na,anger|sadness,Bht/urdu time/english baad/urdu yeh/urdu channel/english nazar/urdu aya/urdu what/english a/english downfall/english man/english pichli/urdu 20/english videos/english men/urdu ek/urdu bh/urdu video/english py/urdu 1/english million/english bhi/urdu views/english nahi/urdu aye/urdu most/english py/urdu 5/english lac/urdu se/urdu bh/urdu kam/urdu views/english jhoota/urdu propaganda/english krne/urdu wale/urdu log/urdu zida/urdu dur/urdu tak/urdu nahi/urdu jaskte/urdu
XHQrr9fmTkc,Pink colar ka food eating challange,no,none,na,joy,english/english urdu/urdu urdu/urdu english/english english/english english/english
BljaIOvFkcM,"Bangalio,Pashtoono,balocho, k bad ab kashmir ki bari hy.😢😮😭 ya ghadari 1857 sy hay....",yes,none,na,sadness|anger,Bangalio/urdu Pashtoono/urdu balocho/urdu k/urdu bad/urdu ab/urdu kashmir/urdu ki/urdu bari/urdu hy/urdu ya/urdu ghadari/urdu 1857/ambiguous sy/urdu hay/urdu
WJxfQWiP9DQ,Shakly badalny sai nazam theak nahi ho ga 12 class pass log mulk nahi chala sakta,yes,offensive,misinfo,anger,Shakly/urdu badalny/urdu sai/urdu nazam/urdu theak/urdu nahi/urdu ho/urdu ga/urdu 12/ambiguous class/english pass/english log/urdu mulk/urdu nahi/urdu chala/urdu sakta/urdu
gvG35CxYOLg,App itna khaty hu but phir bhi smart hu❤,yes,none,na,joy,App/urdu itna/urdu khaty/urdu hu/urdu but/english phir/urdu bhi/urdu smart/english hu/urdu
8ksTrbtyTco,Challenge me jis bandy k rules hon usy khud participate nai krna chahiye Q k usy pehly se sab pta hota to ye cheating hy,no,none,na,anger,Challenge/english me/english jis/urdu bandy/urdu k/urdu rules/english hon/urdu usy/urdu khud/urdu participate/english nai/urdu krna/urdu chahiye/urdu Q/urdu k/urdu usy/urdu pehly/urdu se/urdu sab/urdu pta/urdu hota/urdu to/urdu ye/urdu cheating/english hy/urdu
nqbNLe84dpM,Apii plzz ek sub kilye challenge hai dare challenge Karo  apne bhen me satt plzzz,no,none,na,joy,Apii/urdu plzz/english ek/urdu sub/urdu kilye/urdu challenge/english hai/urdu dare/english challenge/english Karo/urdu apne/urdu bhen/urdu me/urdu satt/urdu plzzz/english
IMnXqYDHhZI,Wqi kanwal tameez se nhi bolti,no,offensive,na,anger,ambiguous/urdu kanwal/urdu tameez/urdu se/urdu nhi/urdu bolti/urdu
BmpRnfu16YA,Man wo hon man pindi ki jann,yes,none,na,joy,Man/ambiguous wo/urdu hon/urdu man/urdu pindi/urdu ki/urdu jann/urdu
PKFU1F2QEMQ,Ma Sha Allah bhoot nice home hy ap ka Allah sp sab ko khush rakay hamasha happy rahay very nice ap sub ki videos bhoot achi hoti hai Allah or dhay ap ko,no,none,na,joy,Ma/urdu Sha/urdu Allah/urdu bhoot/urdu nice/english home/english hy/urdu ap/urdu ka/urdu Allah/urdu sp/urdu sab/urdu ko/urdu khush/urdu rakay/urdu hamasha/urdu happy/english rahay/urdu very/english nice/english ap/urdu sub/urdu ki/urdu videos/english bhoot/urdu achi/urdu hoti/urdu hai/urdu Allah/urdu or/urdu dhay/urdu ap/urdu ko/urdu
gvG35CxYOLg,mery shoty Bhai NY mery Saath Beth Kar ye Vedio Dekhi or jab biriyani Khany k baad shaveer sir ki halat dekhi tuo kehta hy... api mien ye nhi khaonga mine bas biriyani ko meethi chatni k Saath khaounga  and i m still laughing ...hahahaha,yes,none,na,joy|surprise,mery/urdu shoty/urdu Bhai/urdu NY/urdu mery/urdu Saath/urdu Beth/urdu Kar/urdu ye/urdu Vedio/urdu Dekhi/urdu or/english jab/urdu biriyani/urdu Khany/urdu k/urdu baad/urdu shaveer/urdu sir/urdu ki/urdu halat/urdu dekhi/urdu tuo/urdu kehta/urdu hy.../urdu api/urdu mien/urdu ye/urdu nhi/urdu khaonga/urdu mine/urdu bas/urdu biriyani/urdu ko/urdu meethi/urdu chatni/urdu k/urdu Saath/urdu khaounga/urdu and/english i/english m/english still/english laughing/english ...hahahaha/ambiguous
XHQrr9fmTkc,1000 pair ka note ka blue colour hai lekin Humne to yellow change kiya tha yah yah Chinese galat hai,no,offensive,misinfo,anger|surprise,1000/ambiguous pair/urdu ka/urdu note/english ka/urdu blue/english colour/english hai/urdu lekin/urdu Humne/urdu to/urdu yellow/english change/english kiya/urdu tha/urdu yah/urdu yah/urdu Chinese/english galat/urdu hai/urdu
4k0ZV0UFZSw,Khan sahib k name lete ho to thaa.kute bilon ka name lete ho to sahib are you okay,yes,offensive,na,anger,Khan/urdu sahib/urdu k/urdu name/urdu lete/urdu ho/urdu to/urdu thaa.kute/urdu bilon/urdu ka/urdu name/urdu lete/urdu ho/urdu to/urdu sahib/urdu are/english you/english okay/english
PKFU1F2QEMQ,Masha Allah Allah Pak kushiyan naseeb kry ap ko,no,none,na,joy,Masha/urdu Allah/urdu Allah/urdu Pak/urdu kushiyan/urdu naseeb/urdu kry/urdu ap/urdu ko/urdu
FH8OUP2_sN4,Only wala watch china full series,yes,none,na,none,Only/english wala/urdu watch/english china/english full/english series/english
zXAAAXogJ78,Kon sa Ghar chor Raha haa,yes,none,na,anger,Kon/urdu sa/urdu Ghar/urdu chor/urdu Raha/urdu haa/urdu
UiYpRBQ74fs,"Ya jo ghundagardi hy is ky peachy wardi hy 😡😡🤬🖐️🖐️🖐️🖐️ 
Na Pak army 🪖🖐️🖐️🖐️🖐️🖐️🖐️😡🤬",no,offensive,na,anger,Ya/urdu jo/urdu ghundagardi/urdu hy/urdu is/urdu ky/urdu peachy/urdu wardi/urdu hy/urdu 😡😡🤬🖐️🖐️🖐️🖐️/ambiguous Na/urdu Pak/urdu army/english
-w7eMfsuRgA,"Shaibaz Bai we all Love you God bless you.
Shaibaz Bai molvi sab ne Jo farmaya wo bilkol drost hay aap ye dekhe ke ye zalim Quran pak ko bi nahi baksh te Apne faide ke Lia astakfalha.
Imran Khan Zindabad Pakistan Zindabad.",no,offensive,na,joy|anger,Shaibaz/urdu Bai/urdu we/english all/english Love/english you/english God/english bless/english you./english Shaibaz/urdu Bai/urdu molvi/urdu sab/urdu ne/urdu Jo/urdu farmaya/urdu wo/urdu bilkol/urdu drost/urdu hay/urdu aap/urdu ye/urdu dekhe/urdu ke/urdu ye/urdu zalim/urdu Quran/urdu pak/urdu ko/urdu bi/urdu nahi/urdu baksh/urdu te/urdu Apne/urdu faide/urdu ke/urdu Lia/urdu astakfalha./urdu Imran/urdu Khan/urdu Zindabad/urdu Pakistan/urdu Zindabad/urdu
zfjRK9s0pjA,Iqra api and areeb bhai batia Allah ki reahmat hoti hai or reahmat kabi bhoj nahi hoti ❤❤❤❤❤❤❤❤❤❤❤❤❤❤❤❤❤❤❤❤❤❤❤❤❤❤❤❤❤❤❤❤❤🎉🎉🎉🎉🎉🎉🎉🎉🎉🎉🎉🎉🎉🎉🎉🎉🎉🎉🎉🎉🎉🎉🎉🎉😊😊😊😊😊😊😊😊😊😊😊😊😊😊😊😊😊😊😊😊😊😊😊😊,no,none,na,joy,Iqra/urdu api/urdu and/english areeb/urdu bhai/urdu batia/urdu Allah/urdu ki/urdu reahmat/urdu hoti/urdu hai/urdu or/english reahmat/urdu kabi/urdu bhoj/urdu nahi/urdu hoti/urdu emojis/ambiguous
VUKai4CZSNw,Ducky baat naa chupao hame pata hai ke aroob pregnant hai app bar bar pregnant ya bacho ke bare mai batt kerte ho😅,yes,none,na,surprise|anger,Ducky/ambiguous baat/urdu naa/urdu chupao/urdu hame/urdu pata/urdu hai/urdu ke/urdu aroob/ambiguous pregnant/english hai/urdu app/urdu bar/urdu bar/urdu pregnant/english ya/urdu bacho/urdu ke/urdu bare/urdu mai/urdu batt/urdu kerte/urdu ho/urdu
EyrNOfyxSBQ,Salamn nhi ayaa hahahahha😅,yes,none,na,joy,Salamn/urdu nhi/urdu ayaa/urdu hahahahha/ambiguous
VUKai4CZSNw,Mana to subscribe be kia huwa ha phir be maza nhi a raha,yes,none,na,sadness|anger,Mana/urdu to/urdu subscribe/english be/urdu kia/urdu huwa/urdu ha/urdu phir/urdu be/urdu maza/urdu nhi/urdu a/urdu raha/urdu
8ksTrbtyTco,Ap hamesha apny frnd k sth challenge krty hai aik challenge fan k sth b kr lain,no,none,na,none,Ap/urdu hamesha/urdu apny/urdu frnd/english k/urdu sth/urdu challenge/english krty/urdu hai/urdu aik/urdu challenge/english fan/english k/urdu sth/urdu b/urdu kr/urdu lain/urdu
BaMLBWWvNHA,1st time m ny Apki Video dekhi hai Zulqarnain Bro. To be honest boht sukoon mila ye video dekh kar. M to shuru sy he is fazul banday k khelaf tha. Jis ny Azadari ko bhi Vlogs m daal kar mazaq bana diya tha.,no,offensive,na,joy|anger,1st/english time/english m/urdu ny/urdu Apki/urdu Video/english dekhi/urdu hai/urdu Zulqarnain/urdu Bro./english To/english be/english honest/english boht/urdu sukoon/urdu mila/urdu ye/urdu video/english dekh/urdu kar./urdu M/urdu to/urdu shuru/urdu sy/urdu he/urdu is/english fazul/urdu banday/urdu k/urdu khelaf/urdu tha./urdu Jis/urdu ny/urdu Azadari/urdu ko/urdu bhi/urdu Vlogs/english m/urdu daal/urdu kar/urdu mazaq/urdu bana/urdu diya/urdu tha./urdu
UiYpRBQ74fs,"Imran bhai Azad kashmir ni ya POK ha,",no,none,na,none,urdu/ambiguous urdu/urdu english/english urdu/urdu urdu/urdu urdu/urdu english/english urdu/urdu
N-0DINjOMlY,Mashallah mashallah Allah AP dono ok khus Rahe bhi zuqarnan AP ki family ok khus Rahe ❤❤❤❤❤,no,none,na,joy,Mashallah/urdu mashallah/urdu Allah/urdu AP/urdu dono/urdu ok/english khus/urdu Rahe/urdu bhi/urdu zuqarnan/urdu AP/urdu ki/urdu family/english ok/english khus/urdu Rahe/urdu ❤❤❤❤❤/ambiguous
gvG35CxYOLg,Apki or sundas ki podcasts?,yes,none,na,none,Apki/urdu or/english sundas/ambiguous ki/urdu podcasts/english
eY0i4nBXqdY,Bharat ko aapko Saudi Arab,no,none,na,none,Bharat/urdu ko/urdu aapko/urdu Saudi/english Arab/english
BaMLBWWvNHA,Beta atna view kabhi Kise or vlog pr Aya ha jatna tu na Rajab bahi nam la kar is vlog pr Lia ha,yes,none,na,anger,Beta/urdu atna/urdu view/english kabhi/urdu Kise/urdu or/urdu vlog/english pr/urdu Aya/urdu ha/urdu jatna/urdu tu/urdu na/urdu Rajab/urdu bahi/urdu nam/urdu la/urdu kar/urdu is/urdu vlog/english pr/urdu Lia/urdu ha/urdu
N-0DINjOMlY,itna miss krte ho to chor k jatay hi q ho,yes,none,na,anger|sadness,itna/urdu miss/english krte/urdu ho/urdu to/urdu chor/urdu k/urdu jatay/urdu hi/urdu q/urdu ho/urdu
EyrNOfyxSBQ,"A general reminder for everyone besides the message if this video is that don't normalize Haram by supporting acting, dance and songs as there is a sentence in this video "" ke Kya 1 aam Ghar ki larki actress ban sakti h"" which at a point promotes acing in the youth which is not a good thing so whenever you make videos,try to normalize Haram as much as possible",yes,none,na,anger,A/english general/english reminder/english for/english everyone/english besides/english the/english message/english if/english this/english video/english is/english that/english don't/english normalize/english Haram/urdu by/english supporting/english acting/english dance/english and/english songs/english as/english there/english is/english a/english sentence/english in/english this/english video/english ke/urdu Kya/urdu 1/ambiguous aam/urdu Ghar/urdu ki/urdu larki/urdu actress/english ban/urdu sakti/urdu h/urdu which/english at/english a/english point/english promotes/english acing/english in/english the/english youth/english which/english is/english not/english a/english good/english thing/english so/english whenever/english you/english make/english videos/english try/english to/english normalize/english Haram/urdu as/english much/english as/english possible/english
N-0DINjOMlY,Jadu garni lag rahe hai,yes,none,na,surprise,Jadu/urdu garni/urdu lag/urdu rahe/urdu hai/urdu
EyrNOfyxSBQ,aise films ko bas like kr dete amal bhi kr k dikhay ye muashra,yes,none,na,anger,aise/urdu films/english ko/urdu bas/urdu like/english kr/urdu dete/urdu amal/urdu bhi/urdu kr/urdu k/urdu dikhay/urdu ye/urdu muashra/urdu
BaMLBWWvNHA,YARR AP EXPOSED KISKO KAR RAHE HO YE BATA DO PLEASE??????,no,none,na,anger|surprise,YARR/urdu AP/urdu EXPOSED/english KISKO/urdu KAR/urdu RAHE/urdu HO/urdu YE/urdu BATA/urdu DO/urdu PLEASE/english
zfjRK9s0pjA,Mashalla allha app ko Khush rakha❤❤❤❤❤,no,none,na,joy,urdu/urdu allha/urdu app/english ko/urdu Khush/urdu rakha/urdu
-w7eMfsuRgA,Agr tamgha metyaze  .tamgha mlal Genral  samjty hy kh awam  ki bat mani jaege. Tu oer tu awam ka fesla ta kh Imran khan PM hoga  mgr as hramkhoro ny tu usko jail mi dala hy . Per kis cheez ka reifrandam,yes,offensive,misinfo,anger,Agr/urdu tamgha/urdu metyaze/urdu .tamgha/urdu mlal/urdu Genral/english samjty/urdu hy/urdu kh/urdu awam/urdu ki/urdu bat/urdu mani/urdu jaege./urdu Tu/urdu oer/urdu tu/urdu awam/urdu ka/urdu fesla/urdu ta/urdu kh/urdu Imran/urdu khan/urdu PM/english hoga/urdu mgr/urdu as/urdu hramkhoro/urdu ny/urdu tu/urdu usko/urdu jail/urdu mi/urdu dala/urdu hy/urdu ./ambiguous Per/urdu kis/urdu cheez/urdu ka/urdu reifrandam/urdu
BaMLBWWvNHA,Chal nakal tu kudh hi ha fitna ha 🔥,yes,offensive,na,anger,Chal/urdu nakal/urdu tu/urdu kudh/urdu hi/urdu ha/urdu fitna/urdu ha/urdu 🔥/ambiguous
hhFGhAo4ZfY,Sabse bura mujhe osaid lagta hai mota nadeeda ajeeb,no,offensive,na,anger,Sabse/urdu bura/urdu mujhe/urdu osaid/ambiguous lagta/urdu hai/urdu mota/urdu nadeeda/urdu ajeeb/urdu
WJxfQWiP9DQ,Shame imran. Apka kya khyal he k imran khan aakr sb theek krde ga. Bilkul b nhi. Ye mulk sirf army theek kr skti he bs. Agr wo chahe to. Or koi nhi,yes,offensive,na,anger,Shame/english imran./urdu Apka/urdu kya/urdu khyal/urdu he/urdu k/urdu imran/urdu khan/urdu aakr/urdu sb/urdu theek/urdu krde/urdu ga./urdu Bilkul/urdu b/urdu nhi./urdu Ye/urdu mulk/urdu sirf/urdu army/english theek/urdu kr/urdu skti/urdu he/urdu bs./urdu Agr/urdu wo/urdu chahe/urdu to./urdu Or/english koi/urdu nhi/urdu
BljaIOvFkcM,Hajoom nahi tukriyon ki shakal main niklo .presure built krna hey koi barrat nahi le kr jani,yes,none,na,anger,Hajoom/urdu nahi/urdu tukriyon/urdu ki/urdu shakal/urdu main/urdu niklo/urdu presure/english built/english krna/urdu hey/urdu koi/urdu barrat/urdu nahi/urdu le/urdu kr/urdu jani/urdu
BaMLBWWvNHA,Pasay to tum na nhi diyaa na Rajab ko ay bary tum,yes,none,na,anger,Pasay/urdu to/urdu tum/urdu na/urdu nhi/urdu diyaa/urdu na/urdu Rajab/urdu ko/urdu ay/urdu bary/urdu tum/urdu
zfjRK9s0pjA,Allah ap ko aur ap ki beti ko llibee zindgi dy ammen,no,none,na,joy,Allah/urdu ap/urdu ko/urdu aur/urdu ap/urdu ki/urdu beti/urdu ko/urdu llibee/ambiguous zindgi/urdu dy/urdu ammen/urdu
-w7eMfsuRgA,"Pore pakista ko semi caent banaden
Jo  Samoan  fouji ko miti hen pore Pakistan ko milen",yes,none,na,anger,Pore/urdu pakista/urdu ko/urdu semi/english caent/english banaden/urdu Jo/urdu Samoan/english fouji/urdu ko/urdu miti/urdu hen/urdu pore/urdu Pakistan/urdu ko/urdu milen/urdu
eY0i4nBXqdY,😅 achcha mujhe pata hai aap kya jante Hain sardiyon ke. Ivy league,yes,none,na,joy|surprise,😅/ambiguous achcha/urdu mujhe/urdu pata/urdu hai/urdu aap/urdu kya/urdu jante/urdu Hain/urdu sardiyon/urdu ke/urdu Ivy/english league/english
BmpRnfu16YA,Hayya ka home tour,no,none,na,none,Hayya/ambiguous ka/urdu home/english tour/english
gvG35CxYOLg,Yar mein aik nimko kha kar drama kar rhi thi fir pata  chala dunya mein is say zyada spicy chijen hoti hai,yes,none,na,joy|surprise,Yar/urdu mein/urdu aik/urdu nimko/urdu kha/urdu kar/urdu drama/english kar/urdu rhi/urdu thi/urdu fir/urdu pata/urdu chala/urdu dunya/urdu mein/urdu is/urdu say/urdu zyada/urdu spicy/english chijen/urdu hoti/urdu hai/urdu
PKFU1F2QEMQ,Ye new hom youtub ki kami se banya hai ?,yes,none,na,anger,Ye/urdu new/english hom/english youtub/english ki/urdu kami/urdu se/urdu banya/urdu hai/urdu ?/ambiguous
XHQrr9fmTkc,"Rabia  ki  shart  par  likha  he  ,too  busy  for bakwas, 😂😂😂😂😂😂",yes,none,na,joy,Rabia/urdu ki/urdu shart/urdu par/urdu likha/urdu he/urdu too/english busy/english for/english bakwas/urdu 😂😂😂😂😂😂/ambiguous
BmpRnfu16YA,Is say pink mera room hai,no,none,na,none,urdu/ambiguous urdu/ambiguous english/english urdu/urdu english/english urdu/urdu
gvG35CxYOLg,Shahveer bhai m ur big fan from India ❤,no,none,na,joy,Shahveer/urdu bhai/urdu m/english ur/english big/english fan/english from/english India/english ❤/ambiguous
IMnXqYDHhZI,Me bhot phele se Vlog dekhta hu but ab Vlog me bhot maza arha hai sacch me Allah ki ksam❤😊,no,none,na,joy,urdu/urdu bhot/urdu phele/urdu se/urdu Vlog/english dekhta/urdu hu/urdu but/english ab/urdu Vlog/english me/urdu bhot/urdu maza/urdu arha/urdu hai/urdu sacch/urdu me/urdu Allah/urdu ki/urdu ksam/urdu
Erif7Vj9NSQ,Black is very beautiful beautifu Fatima ki aap bahut pyari hai,no,none,na,joy,Black/english is/english very/english beautiful/english beautifu/english Fatima/ambiguous ki/urdu aap/urdu bahut/urdu pyari/urdu hai/urdu
-w7eMfsuRgA,❤ assalam walekum doctor sahab aap yah bataen ki subah Nahin banane se masala HAL hoga to fir Imran Khan Sahab ne kyon Sarai ki subah ki bare mein yah kaha tha ki inshallah Ham Sarai ki subah jarur banaenge iski vajah jarur kar den❤,yes,none,na,anger,❤/ambiguous assalam/urdu walekum/urdu doctor/english sahab/urdu aap/urdu yah/urdu bataen/urdu ki/urdu subah/urdu Nahin/urdu banane/urdu se/urdu masala/urdu HAL/urdu hoga/urdu to/urdu fir/urdu Imran/urdu Khan/urdu Sahab/urdu ne/urdu kyon/urdu Sarai/urdu ki/urdu subah/urdu ki/urdu bare/urdu mein/urdu yah/urdu kaha/urdu tha/urdu ki/urdu inshallah/urdu Ham/urdu Sarai/urdu ki/urdu subah/urdu jarur/urdu banaenge/urdu iski/urdu vajah/urdu jarur/urdu kar/urdu den/urdu ❤/ambiguous
FH8OUP2_sN4,"Na toh Woh suitcase $400 ka tha nahi woh powerbank $420 ka tha, apko pagal bana diya🤣 humse puche hum hong kong mein rehte hai yehi cheez TaoBao (China app) se $150-200 ka liya tha maine suitcase aayi thi Pakistan le kar🤣 kasmein apko laga sasta diya hai but nai ap hong kong aao pata chale ga",yes,none,na,joy|surprise,Na/urdu toh/urdu Woh/urdu suitcase/english $400/english ka/urdu tha/urdu nahi/urdu woh/urdu powerbank/english $420/english ka/urdu tha/urdu apko/urdu pagal/urdu bana/urdu diya/urdu humse/urdu puche/urdu hum/urdu hong/english kong/english mein/urdu rehte/urdu hai/urdu yehi/urdu cheez/urdu TaoBao/english China/english app/english se/urdu $150-200/english ka/urdu liya/urdu tha/urdu maine/urdu suitcase/english aayi/urdu thi/urdu Pakistan/english le/urdu kar/urdu kasmein/urdu apko/urdu laga/urdu sasta/urdu diya/urdu hai/urdu but/english nai/urdu ap/urdu hong/english kong/english aao/urdu pata/urdu chale/urdu ga/urdu
EyrNOfyxSBQ,buht acha short film banai ❤️❤️,no,none,na,joy,buht/urdu acha/urdu short/english film/english banai/urdu ❤️❤️/ambiguous
N-0DINjOMlY,Meri betiyan ky pas bhi ASI shirt ha same,no,none,na,joy,Meri/urdu betiyan/urdu ky/urdu pas/urdu bhi/urdu ASI/english shirt/english ha/urdu same/english
BljaIOvFkcM,"Kerraye ki Lumber 1 Pakistani army ke failed martial Retirement ke baad apne aabai watan US, Ya UK jaye ga jaise ke Sahir Shamshad Canada gia tha. 😅😅😂😂",yes,none,na,joy,Kerraye/urdu ki/urdu Lumber/english 1/ambiguous Pakistani/english army/english ke/urdu failed/english martial/english Retirement/english ke/urdu baad/urdu apne/urdu aabai/urdu watan/urdu US/english Ya/urdu UK/english jaye/urdu ga/urdu jaise/urdu ke/urdu Sahir/urdu Shamshad/urdu Canada/english gia/urdu tha/urdu 😅😅😂😂/ambiguous
gvG35CxYOLg,8.16 Wala bhot maze ka tha 👹🐕,no,none,na,joy,ambiguous/ambiguous urdu/urdu urdu/urdu urdu/urdu urdu/urdu urdu/urdu ambiguous/ambiguous
PKFU1F2QEMQ,Bht pyara lag raha MashAllah,no,none,na,joy,urdu/urdu pyara/urdu lag/urdu raha/urdu MashAllah/ambiguous
PKFU1F2QEMQ,Shadi k bd chenal sath ly jaogi ya gr dy jaogi,yes,none,na,none,Shadi/urdu k/urdu bd/urdu chenal/english sath/urdu ly/urdu jaogi/urdu ya/urdu gr/ambiguous dy/urdu jaogi/urdu
BaMLBWWvNHA,we know ap such bol rahay hai❤,yes,none,na,none,we/english know/english ap/urdu such/english bol/urdu rahay/urdu hai/urdu
WJxfQWiP9DQ,Walikumslam Imran Riyaz Khan saheb jumha Mubarak bilkul sai kha mashallah zbrdast good news we stand with Khan saheb zindabad p t i zindabad social media zindabad ❤❤❤❤❤❤❤❤🎉 Allah aap ko apni hifzo amen me rakhy sada slamat rakhy ameen sum ameen ❤🎉,no,none,na,joy|surprise,Walikumslam/urdu Imran/urdu Riyaz/urdu Khan/urdu saheb/urdu jumha/urdu Mubarak/urdu bilkul/urdu sai/urdu kha/urdu mashallah/urdu zbrdast/urdu good/english news/english we/english stand/english with/english Khan/urdu saheb/urdu zindabad/urdu p/english t/english i/english zindabad/urdu social/english media/english zindabad/urdu ❤❤❤❤❤❤❤❤🎉/ambiguous Allah/urdu aap/urdu ko/urdu apni/urdu hifzo/urdu amen/urdu me/urdu rakhy/urdu sada/urdu slamat/urdu rakhy/urdu ameen/urdu sum/urdu ameen/urdu ❤🎉/ambiguous
VUKai4CZSNw,😂😂😂Poty shoti hogyi hai 12:27 12:27,yes,none,na,joy|surprise,ambiguous/ambiguous poty/urdu shoti/urdu hogyi/urdu hai/urdu 12:27/ambiguous 12:27/ambiguous
zfjRK9s0pjA,Iqra aap hi koshadi,yes,none,na,none,Iqra/ambiguous aap/urdu hi/urdu koshadi/urdu
BmpRnfu16YA,Bahut Koi pyara hai mashallah ❤❤❤❤,no,none,na,joy,urdu/urdu Koi/urdu pyara/urdu hai/urdu mashallah/urdu ❤❤❤❤/ambiguous
VUKai4CZSNw,Ducky bahi hassa na karo assa lagta hy k ap ny ak do bando ka kill kia hy,yes,none,na,surprise|joy,Ducky/ambiguous bahi/urdu hassa/urdu na/urdu karo/urdu assa/urdu lagta/urdu hy/urdu k/urdu ap/urdu ny/urdu ak/urdu do/urdu bando/urdu ka/urdu kill/english kia/urdu hy/urdu
zfjRK9s0pjA,Nagpur shahar de aur ikra bhi kabhi,yes,none,na,none,Nagpur/ambiguous shahar/urdu de/urdu aur/urdu ikra/urdu bhi/urdu kabhi/urdu
BljaIOvFkcM,"Again Bhai Imran May Allah accept your sacrifices and keep us up to date with terrorism, Pakistan financially bankrupt, morally bankrupt due to these thugs controlling Pakistan",yes,offensive,na,anger|sadness,Again/english Bhai/urdu Imran/ambiguous May/english Allah/urdu accept/english your/english sacrifices/english and/english keep/english us/english up/english to/english date/english with/english terrorism/english Pakistan/ambiguous financially/english bankrupt/english morally/english bankrupt/english due/english to/english these/english thugs/english controlling/english Pakistan/ambiguous
-w7eMfsuRgA,Esi koi sahi hadees nahi ha,no,none,na,none,Esi/urdu koi/urdu sahi/urdu hadees/urdu nahi/urdu ha/urdu
eY0i4nBXqdY,Bahut bolati hai aur kitni jahalat banaa dikhaya hai tum bahanon ne hastakshar ullah take nikal Diya dusre ke bag ka Apne bag ki pahchan Nahin hai itni nanhi kuki ho Saudi Arab a Gai ho aur vah bhi akele 😱🙆🙅,yes,offensive,na,anger|surprise,Bahut/urdu bolati/urdu hai/urdu aur/urdu kitni/urdu jahalat/urdu banaa/urdu dikhaya/urdu hai/urdu tum/urdu bahanon/urdu ne/urdu hastakshar/urdu ullah/urdu take/urdu nikal/urdu Diya/urdu dusre/urdu ke/urdu bag/urdu ka/urdu Apne/urdu bag/urdu ki/urdu pahchan/urdu Nahin/urdu hai/urdu itni/urdu nanhi/urdu kuki/urdu ho/urdu Saudi/english Arab/english a/urdu Gai/urdu ho/urdu aur/urdu vah/urdu bhi/urdu akele/urdu 😱🙆🙅/ambiguous
FH8OUP2_sN4,5:29 side pe bear ki bottle,no,none,na,none,ambiguous/ambiguous side/english pe/urdu bear/english ki/urdu bottle/english
PKFU1F2QEMQ,Picture wla ghr kidr hai😂,yes,none,na,joy,Picture/english wla/urdu ghr/urdu kidr/urdu hai/urdu
XHQrr9fmTkc,Ap nay orange lays li hai🧐,yes,none,na,surprise,Ap/urdu nay/urdu orange/english lays/english li/urdu hai/urdu
zXAAAXogJ78,Bhai aapko Kitna family Nahin bolna chahie tha rajapatti ko,yes,none,na,anger,Bhai/urdu aapko/urdu Kitna/urdu family/english Nahin/urdu bolna/urdu chahie/urdu tha/urdu rajapatti/urdu ko/urdu
VUKai4CZSNw,Ducky Bhai yar gambling kyy karate ho,yes,none,na,anger,Ducky/ambiguous Bhai/urdu yar/urdu gambling/english kyy/urdu karate/urdu ho/urdu
zfjRK9s0pjA,ya Khushi ka aansoo hai areeb Bhai,no,none,na,sadness,ya/urdu Khushi/urdu ka/urdu aansoo/urdu hai/urdu areeb/urdu Bhai/urdu
IMnXqYDHhZI,Hram ki kamai begearat log,no,offensive,na,anger,Hram/urdu ki/urdu kamai/urdu begearat/urdu log/urdu
gvG35CxYOLg,"Best vloger ever, shaveer bhai  you definitely deserve a like on this video, make this kind of videos, I really like this video❤❤",no,none,na,joy,Best/english vloger/english ever/english shaveer/urdu bhai/urdu you/english definitely/english deserve/english a/english like/english on/english this/english video/english make/english this/english kind/english of/english videos/english I/english really/english like/english this/english video/english
BmpRnfu16YA,Sisterology home your si tu hayya ka home best and beautiful hai ❤❤❤❤❤,no,none,na,joy,Sisterology/english home/english your/english si/urdu tu/urdu hayya/urdu ka/urdu home/english best/english and/english beautiful/english hai/urdu ❤❤❤❤❤/ambiguous
EyrNOfyxSBQ,itni short story and muashry ki complete akasi kr d...... weldon,yes,none,na,joy,itni/urdu short/english story/english and/english muashry/urdu ki/urdu complete/english akasi/urdu kr/urdu d/urdu weldon/english
nqbNLe84dpM,Maine apki movie 10 time Dekhi hai,no,none,na,joy,Maine/urdu apki/urdu movie/english 10/ambiguous time/english Dekhi/urdu hai/urdu
hhFGhAo4ZfY,Bhai in videos mein maza nahi aata eating challenges kro ye to tum short wale challenge kr rahe ho,yes,none,na,anger,Bhai/urdu in/english videos/english mein/urdu maza/urdu nahi/urdu aata/urdu eating/english challenges/english kro/urdu ye/urdu to/urdu tum/urdu short/english wale/urdu challenge/english kr/urdu rahe/urdu ho/urdu
Erif7Vj9NSQ,Aap jaise kachiguda kahate ho vah hai aayesha kachhua,yes,offensive,na,anger,Aap/urdu jaise/urdu kachiguda/urdu kahate/urdu ho/urdu vah/urdu hai/urdu aayesha/urdu kachhua/urdu
BaMLBWWvNHA,Bhi is bagarat ko tun doo ham saat ha apky❤,no,none,na,joy,Bhi/urdu is/english bagarat/urdu ko/urdu tun/urdu doo/urdu ham/urdu saat/urdu ha/urdu apky/urdu
eY0i4nBXqdY,2 nafil airport par ada Karni thi niyat k sath niyat nafil k sath hi Hoti hai tabhi bara Umrah kehlata hai masjid se Ayesha se chohta Umrah hoga,no,none,na,none,english/ambiguous nafil/urdu airport/english par/urdu ada/urdu Karni/urdu thi/urdu niyat/urdu k/urdu sath/urdu niyat/urdu nafil/urdu k/urdu sath/urdu hi/urdu Hoti/urdu hai/urdu tabhi/urdu bara/urdu Umrah/urdu kehlata/urdu hai/urdu masjid/urdu se/urdu Ayesha/urdu se/urdu chohta/urdu Umrah/urdu hoga/urdu
zXAAAXogJ78,Mujhy b Rona a ghya . Ayesha ko dakh kr,no,none,na,sadness,Mujhy/urdu b/english Rona/urdu a/urdu ghya/urdu ./ambiguous Ayesha/urdu ko/urdu dakh/urdu kr/urdu
BaMLBWWvNHA,Bhai ap ko dil sa love ha bile kol sai bate ke ha ❤❤❤,no,none,na,joy,Bhai/urdu ap/urdu ko/urdu dil/urdu sa/urdu love/english ha/urdu bile/urdu kol/urdu sai/urdu bate/urdu ke/urdu ha/urdu ❤❤❤/ambiguous
IMnXqYDHhZI,Api kanwal ap mujy boooth Pasand hn booth zadaaa mashallah azal bhi mujy boooth zadaaaaa Pasand hn Allah Pak azal k naseeb achy kry ❤ap vlog bnaya kryn mashallah booth Acha bnaati hn ap Mera booth Dil krta apko milny Ka but🥺🥺🥺🥺🫀🫀🫀🫀🫀🫀😘😘😘😘😘😘😘😘😘😘😘,no,none,na,joy,urdu/urdu kanwal/urdu ap/urdu mujy/urdu boooth/urdu Pasand/urdu hn/urdu booth/urdu zadaaa/urdu mashallah/urdu azal/urdu bhi/urdu mujy/urdu boooth/urdu zadaaaaa/urdu Pasand/urdu hn/urdu Allah/urdu Pak/urdu azal/urdu k/urdu naseeb/urdu achy/urdu kry/urdu ap/urdu vlog/english bnaya/urdu kryn/urdu mashallah/urdu booth/urdu Acha/urdu bnaati/urdu hn/urdu ap/urdu Mera/urdu booth/urdu Dil/urdu krta/urdu apko/urdu milny/urdu Ka/urdu but/english
gvG35CxYOLg,Asslamu alikum i am ur biggest fan from pk i want to earn a money from internet i need a money i do my baclor now a days can u suggest me u now internet batter than me plzzz shahveer bhai I want to become a indepandance girl help i try a lot of jobs but all are fakes thats why i am here i belive it u suggest me a real job,no,none,na,sadness|fear,Asslamu/urdu alikum/urdu i/english am/english ur/english biggest/english fan/english from/english pk/english i/english want/english to/english earn/english a/english money/english from/english internet/english i/english need/english a/english money/english i/english do/english my/english baclor/urdu now/english a/english days/english can/english u/english suggest/english me/english u/english now/english internet/english batter/english than/english me/english plzzz/english shahveer/urdu bhai/urdu I/english want/english to/english become/english a/english indepandance/english girl/english help/english i/english try/english a/english lot/english of/english jobs/english but/english all/english are/english fakes/english thats/english why/english i/english am/english here/english i/english belive/english it/english u/english suggest/english me/english a/english real/english job/english
BmpRnfu16YA,Nice vlog home tour ❤ MashaAllah MashaAllah 🥹 haya ka gar tu MashaAllah bhut pyara he hyeeeeeee❤،👌🏻👌🏻,no,none,na,joy|surprise,Nice/english vlog/english home/english tour/english ❤/ambiguous MashaAllah/urdu MashaAllah/urdu 🥹/ambiguous haya/urdu ka/urdu gar/urdu tu/urdu MashaAllah/urdu bhut/urdu pyara/urdu he/urdu hyeeeeeee/urdu
FH8OUP2_sN4,Ducky Bhai face wali base use karty hain 😂Tou mix be kar Liye kry 😂😂😂😅,yes,none,na,joy,Ducky/ambiguous Bhai/urdu face/english wali/urdu base/english use/english karty/urdu hain/urdu Tou/urdu mix/english be/urdu kar/urdu Liye/urdu kry/urdu
8ksTrbtyTco,Jafry jita RHS ki waja se qk usne chizen achi uthai thi. 😂😂,yes,none,na,joy,Jafry/ambiguous jita/urdu RHS/english ki/urdu waja/urdu se/urdu qk/urdu usne/urdu chizen/urdu achi/urdu uthai/urdu thi/urdu ./ambiguous 😂😂/ambiguous
EyrNOfyxSBQ,Sai kia bap ne kis kitab me likha hai actress banna video banna without hijab you can't go outside kis ko Pagal ban rhy ho Tum log Allah Pak Hidayat de hum SB ko ameeen,yes,offensive,na,anger,Sai/urdu kia/urdu bap/urdu ne/urdu kis/urdu kitab/urdu me/urdu likha/urdu hai/urdu actress/english banna/urdu video/english banna/urdu without/english hijab/english you/english can't/english go/english outside/english kis/urdu ko/urdu Pagal/urdu ban/urdu rhy/urdu ho/urdu Tum/urdu log/urdu Allah/urdu Pak/urdu Hidayat/urdu de/urdu hum/urdu SB/urdu ko/urdu ameeen/urdu
4k0ZV0UFZSw,jab qaum be hiss hu jaye tu yahi haal huta hai unko b inki behissi ka idea hu chuka hai....... barpoor maza lay rahi hai sarkaar and uss k pusht pana,yes,offensive,na,anger,jab/urdu qaum/urdu be/urdu hiss/urdu hu/urdu jaye/urdu tu/urdu yahi/urdu haal/urdu huta/urdu hai/urdu unko/urdu b/urdu inki/urdu behissi/urdu ka/urdu idea/urdu hu/urdu chuka/urdu hai/urdu barpoor/urdu maza/urdu lay/urdu rahi/urdu hai/urdu sarkaar/urdu and/english uss/urdu k/urdu pusht/urdu pana/urdu
UiYpRBQ74fs,"Aap sy aik request hai Imran Bhai.... Aap Apny vlogs Mai Koshish kia Karen logon ko un k soobon sy na pukaren balky sirf Pakistani Keh k pukaren taky hme ye pta Chaly k hum sb aik hn or hamary dimaghon Mai itny salon sy ye Jo bethaya Gaya hai k Balochistan k log Baloch hn wo alg hn Sindh k log Sindhi hn wo alg hn Punjab k log Punjabi hm wo alg hn KPK k log Pathan hn wo log hn GB k log alg hn Kashmir k log Kashmiri hn wo alg hn.... Kahin sy Koi Tou is baat py brain washing Shuru Kary k Nhn Koi alg Nhn hn sb aik Pakistani hn, Pakistan Mai kahin bhi ksi bhi sooby Mai ksi bhi zaban bolny waly py zulm Hoga Tou hm kahengy falany sheher Mai Pakistanion ko Mara hai, ye Nhn kahengy k Kashmir Mai Kashmirion ko Mar rhy hn Balochistan Mai Balochon ko Mar rhy hn Nhn balky har jagah Pakistanion ko Mar rhy hn.... Shayad phir hme logon ki takkeef ka ehsaas ho saky JB hum unko or khud ko aik samjhengy",no,none,na,anger|sadness,Aap/urdu sy/urdu aik/urdu request/english hai/urdu Imran/urdu Bhai/urdu Aap/urdu Apny/urdu vlogs/english Mai/urdu Koshish/urdu kia/urdu Karen/urdu logon/urdu ko/urdu un/urdu k/urdu soobon/urdu sy/urdu na/urdu pukaren/urdu balky/urdu sirf/urdu Pakistani/urdu Keh/urdu k/urdu pukaren/urdu taky/urdu hme/urdu ye/urdu pta/urdu Chaly/urdu k/urdu hum/urdu sb/urdu aik/urdu hn/urdu or/urdu hamary/urdu dimaghon/urdu Mai/urdu itny/urdu salon/urdu sy/urdu ye/urdu Jo/urdu bethaya/urdu Gaya/urdu hai/urdu k/urdu Balochistan/urdu k/urdu log/urdu Baloch/urdu hn/urdu wo/urdu alg/urdu hn/urdu Sindh/urdu k/urdu log/urdu Sindhi/urdu hn/urdu wo/urdu alg/urdu hn/urdu Punjab/urdu k/urdu log/urdu Punjabi/urdu hm/urdu wo/urdu alg/urdu hn/urdu KPK/urdu k/urdu log/urdu Pathan/urdu hn/urdu wo/urdu log/urdu hn/urdu GB/urdu k/urdu log/urdu alg/urdu hn/urdu Kashmir/urdu k/urdu log/urdu Kashmiri/urdu hn/urdu wo/urdu alg/urdu hn/urdu Kahin/urdu sy/urdu Koi/urdu Tou/urdu is/urdu baat/urdu py/urdu brain/english washing/english Shuru/urdu Kary/urdu k/urdu Nhn/urdu Koi/urdu alg/urdu Nhn/urdu hn/urdu sb/urdu aik/urdu Pakistani/urdu hn/urdu Pakistan/urdu Mai/urdu kahin/urdu bhi/urdu ksi/urdu bhi/urdu sooby/urdu Mai/urdu ksi/urdu bhi/urdu zaban/urdu bolny/urdu waly/urdu py/urdu zulm/urdu Hoga/urdu Tou/urdu hm/urdu kahengy/urdu falany/urdu sheher/urdu Mai/urdu Pakistanion/urdu ko/urdu Mara/urdu hai/urdu ye/urdu Nhn/urdu kahengy/urdu k/urdu Kashmir/urdu Mai/urdu Kashmirion/urdu ko/urdu Mar/urdu rhy/urdu hn/urdu Balochistan/urdu Mai/urdu Balochon/urdu ko/urdu Mar/urdu rhy/urdu hn/urdu Nhn/urdu balky/urdu har/urdu jagah/urdu Pakistanion/urdu ko/urdu Mar/urdu rhy/urdu hn/urdu Shayad/urdu phir/urdu hme/urdu logon/urdu ki/urdu takkeef/urdu ka/urdu ehsaas/urdu ho/urdu saky/urdu JB/urdu hum/urdu unko/urdu or/urdu khud/urdu ko/urdu aik/urdu samjhengy/urdu
VUKai4CZSNw,arrob ko pragnenet karn tha us ka bag ko ni,no,none,na,none,arrob/urdu ko/urdu pragnenet/urdu karn/urdu tha/urdu us/urdu ka/urdu bag/urdu ko/urdu ni/urdu
BljaIOvFkcM,Sir kotli Azad khashmir main Ladies per b fring ki inno ny and ak 7 years k bachi ko us k gar k darwazy per shaheed kr diya goli sy or logo k garoun gi chatoun per char kr rangers ny mara uny or utta kr ly gy,no,hate,na,anger|sadness,Sir/english kotli/urdu Azad/urdu khashmir/urdu main/urdu Ladies/english per/urdu b/urdu fring/urdu ki/urdu inno/urdu ny/urdu and/english ak/urdu 7/ambiguous years/english k/urdu bachi/urdu ko/urdu us/urdu k/urdu gar/urdu k/urdu darwazy/urdu per/urdu shaheed/urdu kr/urdu diya/urdu goli/urdu sy/urdu or/urdu logo/urdu k/urdu garoun/urdu gi/urdu chatoun/urdu per/urdu char/urdu kr/urdu rangers/english ny/urdu mara/urdu uny/urdu or/urdu utta/urdu kr/urdu ly/urdu gy/urdu
UiYpRBQ74fs,Aoa.imran bhai ap forces k bandy ko bhi sheed or kashmeeri  ko bhi shaheed  bol ray han.jb k mari ray m pro.munwer hassn ki bat sy qail hn.,yes,none,na,anger,Aoa/urdu imran/urdu bhai/urdu ap/urdu forces/english k/urdu bandy/urdu ko/urdu bhi/urdu sheed/urdu or/urdu kashmeeri/urdu ko/urdu bhi/urdu shaheed/urdu bol/urdu ray/urdu han/urdu jb/urdu k/urdu mari/urdu ray/urdu m/urdu pro/english munwer/urdu hassn/urdu ki/urdu bat/urdu sy/urdu qail/urdu hn/urdu
XHQrr9fmTkc,Fatima api ap kitne Year ki hai,no,none,na,none,Fatima/ambiguous api/urdu ap/urdu kitne/urdu Year/english ki/urdu hai/urdu
BaMLBWWvNHA,Ap ko abi pata Chala jab wo tumari bv k behn bol k os k Sath khelraha ta os din tm ko ye Samaj ni ta ajeeb log hn ye log,yes,offensive,na,anger|surprise,Ap/urdu ko/urdu abi/urdu pata/urdu Chala/urdu jab/urdu wo/urdu tumari/urdu bv/urdu k/urdu behn/urdu bol/urdu k/urdu os/urdu k/urdu Sath/urdu khelraha/urdu ta/urdu os/urdu din/urdu tm/urdu ko/urdu ye/urdu Samaj/urdu ni/urdu ta/urdu ajeeb/urdu log/urdu hn/urdu ye/urdu log/urdu
XHQrr9fmTkc,Fatima api achi lag rahi ho❤,no,none,na,joy,Fatima/ambiguous api/urdu achi/urdu lag/urdu rahi/urdu ho/urdu
eY0i4nBXqdY,Fatima api please hame bi apni duoun ma yaad rakhana Allah pak hame bi rooza Rasool ko zyarat karwaye Allah pak hame bi bully,no,none,na,joy,Fatima/urdu api/urdu please/english hame/urdu bi/urdu apni/urdu duoun/urdu ma/urdu yaad/urdu rakhana/urdu Allah/urdu pak/urdu hame/urdu bi/urdu rooza/urdu Rasool/urdu ko/urdu zyarat/urdu karwaye/urdu Allah/urdu pak/urdu hame/urdu bi/urdu bully/english
-w7eMfsuRgA,AOA in na ahlon ko kis nay authorized kia hur rose kisi na kisi ghudi say nikal kir khudko lapait ker phun khoal latay hain?! Pakistan ka kya banay ga?? Kahain say to kisi ko ayk sira pakerdna parday gay subkucch theek kernay kay liyay yaqinnan!! Tamam aqalmand sar jourdker iska hull soochain mansubay banain!! Pakistan hamara mulk hai hum iska faisla choron dakoon kay hathon main to kissi surat nahin dain gay! Kyonkah Pakistan ki barbadi isqader ho chuki hai mazid koi bhi gunjaiesh nahin! Haq ka alam uthaien apko Allah rasool ka wastah!?✌️🤞☝️👀🌍🌎🌏⚖️⁉️🆘‼️👍🤲🤲🤲🙏☹️😭,yes,offensive,na,anger|fear,urdu/ambiguous urdu/ambiguous urdu/ambiguous urdu/ambiguous urdu/ambiguous urdu/ambiguous urdu/ambiguous english/english urdu/ambiguous urdu/ambiguous urdu/ambiguous urdu/ambiguous urdu/ambiguous urdu/ambiguous urdu/ambiguous urdu/ambiguous urdu/ambiguous urdu/ambiguous urdu/ambiguous urdu/ambiguous urdu/ambiguous urdu/ambiguous urdu/ambiguous urdu/ambiguous urdu/ambiguous urdu/ambiguous urdu/ambiguous urdu/ambiguous urdu/ambiguous urdu/ambiguous urdu/ambiguous urdu/ambiguous urdu/ambiguous urdu/ambiguous urdu/ambiguous urdu/ambiguous urdu/ambiguous urdu/ambiguous urdu/ambiguous urdu/ambiguous urdu/ambiguous urdu/ambiguous urdu/ambiguous urdu/ambiguous urdu/ambiguous urdu/ambiguous urdu/ambiguous urdu/ambiguous urdu/ambiguous urdu/ambiguous urdu/ambiguous urdu/ambiguous urdu/ambiguous urdu/ambiguous urdu/ambiguous urdu/ambiguous urdu/ambiguous urdu/ambiguous urdu/ambiguous urdu/ambiguous urdu/ambiguous urdu/ambiguous urdu/ambiguous urdu/ambiguous urdu/ambiguous urdu/ambiguous urdu/ambiguous urdu/ambiguous urdu/ambiguous urdu/ambiguous urdu/ambiguous urdu/ambiguous urdu/ambiguous urdu/ambiguous urdu/ambiguous urdu/ambiguous urdu/ambiguous urdu/ambiguous urdu/ambiguous urdu/ambiguous urdu/ambiguous urdu/ambiguous urdu/ambiguous urdu/ambiguous urdu/ambiguous urdu/ambiguous urdu/ambiguous urdu/ambiguous urdu/ambiguous urdu/ambiguous urdu/ambiguous urdu/ambiguous urdu/ambiguous urdu/ambiguous urdu/ambiguous urdu/ambiguous urdu/ambiguous urdu/ambiguous urdu/ambiguous urdu/ambiguous urdu/ambiguous
zXAAAXogJ78,Salam zulkarnain bahi ap ya kanval api sa bt krni hy plzzzzzz kasy kro,no,none,na,none,Salam/urdu zulkarnain/urdu bahi/urdu ap/urdu ya/urdu kanval/urdu api/urdu sa/urdu bt/urdu krni/urdu hy/urdu plzzzzzz/english kasy/urdu kro/urdu
BaMLBWWvNHA,Tara baap hai rajab 😂😂,yes,none,na,joy,urdu/urdu baap/urdu hai/urdu rajab/urdu 😂😂/ambiguous
UiYpRBQ74fs,Yahoodi forces ko shahed nahi kaha jata shahed kashmeri bhai hen pakistani bhai hen jo muslim b hen or mazloom bhi.,no,hate,na,anger,urdu/urdu english/english urdu/urdu urdu/urdu urdu/urdu urdu/urdu urdu/urdu urdu/urdu urdu/urdu urdu/urdu urdu/urdu urdu/urdu urdu/urdu urdu/urdu urdu/urdu urdu/urdu urdu/ambiguous urdu/urdu urdu/urdu urdu/urdu urdu/urdu
eY0i4nBXqdY,Is. Ka pare  tootu gay😅a th,yes,none,na,joy|surprise,urdu/ambiguous urdu/ambiguous urdu/ambiguous urdu/ambiguous english/ambiguous urdu/ambiguous
zXAAAXogJ78,Time acha guzra ho to aisy hi rona ata ha bas ALLAH PAK sab ko apny ghar mei sakoon dy or hazaro khushiyan naseeb hon ameen sumameen from Spain Madrid,no,none,na,sadness|joy,Time/english acha/urdu guzra/urdu ho/urdu to/urdu aisy/urdu hi/urdu rona/urdu ata/urdu ha/urdu bas/urdu ALLAH/urdu PAK/urdu sab/urdu ko/urdu apny/urdu ghar/urdu mei/urdu sakoon/urdu dy/urdu or/urdu hazaro/urdu khushiyan/urdu naseeb/urdu hon/urdu ameen/urdu sumameen/urdu from/english Spain/english Madrid/english
XHQrr9fmTkc,Hi ma AP.ka fan ho I like it 😊😊,no,none,na,joy,Hi/english ma/urdu AP.ka/urdu fan/english ho/urdu I/english like/english it/english 😊😊/ambiguous
zfjRK9s0pjA,Àllah pak Apke beti ki umar lambi kare,no,none,na,joy,Àllah/urdu pak/urdu Apke/urdu beti/urdu ki/urdu umar/urdu lambi/urdu kare/urdu
BmpRnfu16YA,Ye Zainab itni shokhi kyu ho rhi hai,no,offensive,na,anger,urdu/urdu Zainab/ambiguous itni/urdu shokhi/urdu kyu/urdu ho/urdu rhi/urdu hai/urdu
IMnXqYDHhZI,I want zulqurain bhai back 😢 but life mry rest bi charya hota ha ...so take rest .,no,none,na,sadness,I/english want/english zulqurain/ambiguous bhai/urdu back/english 😢/ambiguous but/english life/english mry/urdu rest/english bi/urdu charya/urdu hota/urdu ha/urdu ...so/english take/english rest/english ./ambiguous
BljaIOvFkcM,Itni Allah se gira kar kya ine logon ko Kya raat ko nind bhi aati Hogi mujhe to lagta hai Nahin per yah kaise insan hai yaar kasam se Allah Hu Akbar kaise insan hai afsos se kar sakte hain inki insaniyat per Kaun khada Hoga jab tak Ham Nahin khud khade honge,yes,offensive,na,anger|sadness,Itni/urdu Allah/urdu se/urdu gira/urdu kar/urdu kya/urdu ine/urdu logon/urdu ko/urdu Kya/urdu raat/urdu ko/urdu nind/urdu bhi/urdu aati/urdu Hogi/urdu mujhe/urdu to/urdu lagta/urdu hai/urdu Nahin/urdu per/urdu yah/urdu kaise/urdu insan/urdu hai/urdu yaar/urdu kasam/urdu se/urdu Allah/urdu Hu/urdu Akbar/urdu kaise/urdu insan/urdu hai/urdu afsos/urdu se/urdu kar/urdu sakte/urdu hain/urdu inki/urdu insaniyat/urdu per/urdu Kaun/urdu khada/urdu Hoga/urdu jab/urdu tak/urdu Ham/urdu Nahin/urdu khud/urdu khade/urdu honge/urdu
nqbNLe84dpM,Jojoship ap ko ducky bhai ni dya hai?,yes,none,na,surprise,Jojoship/ambiguous ap/urdu ko/urdu ducky/english bhai/urdu ni/urdu dya/urdu hai/urdu
IMnXqYDHhZI,Bakry Ki palkan 😂,yes,none,na,joy,Bakry/urdu Ki/urdu palkan/urdu 😂/ambiguous
IMnXqYDHhZI,Jb itny kapry new E pary pary choty hogye hn Tou itna pesa waste krny Ki zrurat Kya thi. Ajeeeb,yes,none,na,anger,Jb/urdu itny/urdu kapry/urdu new/english E/urdu pary/urdu pary/urdu choty/urdu hogye/urdu hn/urdu Tou/urdu itna/urdu pesa/urdu waste/english krny/urdu Ki/urdu zrurat/urdu Kya/urdu thi/urdu Ajeeeb/urdu
eY0i4nBXqdY,Plane may sance to band nahi hua,no,none,na,none,Plane/english may/urdu sance/ambiguous to/urdu band/urdu nahi/urdu hua/urdu
BaMLBWWvNHA,finally someone spoke..😎about fitna family..🤮 proud of you zulqarnain bhai..☠ you have done it..🖤 gajab bhatti ab ek gali ban chuki hai..🤡,yes,offensive,na,joy|anger,finally/english someone/english spoke/english fitna/urdu family/english proud/english of/english you/english zulqarnain/urdu bhai/urdu you/english have/english done/english it/english gajab/urdu bhatti/urdu ab/urdu ek/urdu gali/urdu ban/urdu chuki/urdu hai/urdu
EyrNOfyxSBQ,film ka nam to garat ha lakin tum log ma garat nhi ha,yes,offensive,na,anger,film/english ka/urdu nam/urdu to/urdu garat/urdu ha/urdu lakin/urdu tum/urdu log/urdu ma/urdu garat/urdu nhi/urdu ha/urdu
FH8OUP2_sN4,Ducky bhai plz ap apne new vlog main aroob ka gala dubain,yes,offensive,na,anger,Ducky/ambiguous bhai/urdu plz/english ap/urdu apne/urdu new/english vlog/english main/urdu aroob/ambiguous ka/urdu gala/urdu dubain/urdu
IMnXqYDHhZI,Log b ajeeb hn in k pyar KO kanwl respect nhi krti ya woo...or JB Kisi or KO dakhty to khty k understanding h ....mashallah ya in donut Ka pyar h ak dusty KO jasy marzi treat krn ap logu KO Kia takleef h,yes,offensive,na,anger,Log/urdu b/urdu ajeeb/urdu hn/urdu in/urdu k/urdu pyar/urdu KO/urdu kanwl/urdu respect/english nhi/urdu krti/urdu ya/urdu woo...or/urdu JB/urdu Kisi/urdu or/english KO/urdu dakhty/urdu to/urdu khty/urdu k/urdu understanding/english h/urdu ....mashallah/urdu ya/urdu in/urdu donut/english Ka/urdu pyar/urdu h/urdu ak/urdu dusty/english KO/urdu jasy/urdu marzi/urdu treat/english krn/urdu ap/urdu logu/urdu KO/urdu Kia/urdu takleef/urdu h/urdu
gvG35CxYOLg,Shahveer please aap daily vlog post kr dia karai😢😢😊😊,no,none,na,sadness|joy,Shahveer/ambiguous please/english aap/urdu daily/english vlog/english post/english kr/urdu dia/urdu karai/urdu
UiYpRBQ74fs,asam khinzeer main nay tumhein bataya tha kashmiri peechey nahi hatein gheey suerrrrr,yes,offensive,na,anger,urdu/urdu khinzeer/urdu main/urdu nay/urdu tumhein/urdu bataya/urdu tha/urdu kashmiri/urdu peechey/urdu nahi/urdu hatein/urdu gheey/urdu suerrrrr/ambiguous
IMnXqYDHhZI,Kawal manya Kary acha banati hy,no,none,na,joy,urdu/urdu urdu/urdu urdu/urdu urdu/urdu urdu/urdu urdu/urdu
BljaIOvFkcM,ALLAH pak ap ko salamat rakhe ameeennnn imran khan zinda bad ❤❤❤❤❤❤❤❤❤❤❤❤❤❤❤,no,none,na,joy,ALLAH/urdu pak/urdu ap/urdu ko/urdu salamat/urdu rakhe/urdu ameeennnn/urdu imran/urdu khan/urdu zinda/urdu bad/urdu ❤❤❤❤❤❤❤❤❤❤❤❤❤❤❤/ambiguous
BmpRnfu16YA,Khuda pak hum sab ko apni hifazat me rakhe or Aik dusre ki madat Karne ki tofiq de Amin or salamat rakhe shukria 💟💟💝💝💫😊😊💍♥️❤️😘🥀🏅🏅💛💛🎁🎁❤️‍🩹❤️‍🩹💯😙🎖️🎖️💗🫶❤️‍🩹🥰👑👑👑🏆🏆👍💞👌👌😍💟💟💟,no,none,na,joy,Khuda/urdu pak/urdu hum/urdu sab/urdu ko/urdu apni/urdu hifazat/urdu me/urdu rakhe/urdu or/urdu Aik/urdu dusre/urdu ki/urdu madat/urdu Karne/urdu ki/urdu tofiq/urdu de/urdu Amin/urdu or/urdu salamat/urdu rakhe/urdu shukria/urdu
BaMLBWWvNHA,Bhai fame Mang Raha hai rajab Bhai ka name sa,yes,none,na,none,Bhai/urdu fame/english Mang/urdu Raha/urdu hai/urdu rajab/urdu Bhai/urdu ka/urdu name/english sa/urdu
EyrNOfyxSBQ,Ap logo ko pakistan ka bara ma b koi drama bana chayan ka pakistan ka halat kasa thik hoo gya.....,yes,none,na,anger,Ap/urdu logo/urdu ko/urdu pakistan/urdu ka/urdu bara/urdu ma/urdu b/urdu koi/urdu drama/english bana/urdu chayan/urdu ka/urdu pakistan/urdu ka/urdu halat/urdu kasa/urdu thik/urdu hoo/urdu gya/urdu
zfjRK9s0pjA,Allah pak apko beti ko salamat rakhay ❤,no,none,na,joy,Allah/urdu pak/urdu apko/urdu beti/urdu ko/urdu salamat/urdu rakhay/urdu ❤/ambiguous
VUKai4CZSNw,Japan ma one museum ma doaroemon ka Ghar ha as ka Naam  fujio museum ha wo Japan ki  Kawasaki kanagawa  Japan,no,none,factual,joy,Japan/ambiguous ma/urdu one/english museum/english ma/urdu doaroemon/english ka/urdu Ghar/urdu ha/urdu as/urdu ka/urdu Naam/urdu fujio/english museum/english ha/urdu wo/urdu Japan/ambiguous ki/urdu Kawasaki/ambiguous kanagawa/ambiguous Japan/ambiguous
BmpRnfu16YA,Ap Kai house SE ziada acha haya ka house ha,yes,none,na,none,Ap/urdu Kai/urdu house/english SE/urdu ziada/urdu acha/urdu haya/urdu ka/urdu house/english ha/urdu
FH8OUP2_sN4,ALLAH Paak NE aap ko bohat pesy diya he. Is ka ye Matlab nahi he k aap fazoool kharchi karo is ka hisaab b Dena pady ga,no,none,na,none,ALLAH/urdu Paak/urdu NE/urdu aap/urdu ko/urdu bohat/urdu pesy/urdu diya/urdu he/urdu Is/urdu ka/urdu ye/urdu Matlab/urdu nahi/urdu he/urdu k/urdu aap/urdu fazoool/urdu kharchi/urdu karo/urdu is/urdu ka/urdu hisaab/urdu b/urdu Dena/urdu pady/urdu ga/urdu
VUKai4CZSNw,Ducky bahi ham AP ko subscribe kare Gai AP hame Disney land ke offer de,yes,none,na,joy,Ducky/ambiguous bahi/urdu ham/urdu AP/urdu ko/urdu subscribe/english kare/urdu Gai/urdu AP/urdu hame/urdu Disney/english land/english ke/urdu offer/english de/urdu
Erif7Vj9NSQ,Api jo apny memories video dikhai thi uska vlog share krwn plz,no,none,na,none,urdu/ambiguous urdu/urdu urdu/urdu english/english english/english urdu/urdu urdu/urdu urdu/urdu english/english urdu/urdu urdu/urdu english/english
EyrNOfyxSBQ,zushd me bhi thk ap sunay AP apna ni no bt bt ni kry gy fr btao mujha lga th lkn,yes,none,na,anger,zushd/urdu me/urdu bhi/urdu thk/urdu ap/urdu sunay/urdu AP/english apna/urdu ni/urdu no/english bt/urdu bt/urdu ni/urdu kry/urdu gy/urdu fr/english btao/urdu mujha/urdu lga/urdu th/urdu lkn/urdu
VUKai4CZSNw,Pakistan ka sub sa barha chapri kon hai👇,yes,offensive,na,anger,Pakistan/ambiguous ka/urdu sub/urdu sa/urdu barha/urdu chapri/urdu kon/urdu hai/urdu
UiYpRBQ74fs,Qaymat Kashmiri e dhayen gy ap sab ko,yes,none,na,anger,Qaymat/urdu Kashmiri/urdu e/urdu dhayen/urdu gy/urdu ap/urdu sab/urdu ko/urdu
FH8OUP2_sN4,I Notice that Aroob is very mature compaire to ducky BHA Aroob is way better then Ducky BHai 😂,yes,none,na,joy,I/english Notice/english that/english Aroob/ambiguous is/english very/english mature/english compaire/english to/english ducky/english BHA/urdu Aroob/ambiguous is/english way/english better/english then/english Ducky/english BHai/urdu 😂/ambiguous
Erif7Vj9NSQ,Asa jasa inka Bhai ki Shaadi ha😂,yes,none,na,joy|surprise,urdu/ambiguous urdu/ambiguous urdu/ambiguous urdu/urdu urdu/urdu urdu/urdu urdu/urdu
zXAAAXogJ78,Are itna Sara khana nhi rkhne,no,none,na,none,urdu/urdu urdu/urdu urdu/urdu urdu/urdu urdu/urdu urdu/urdu
IMnXqYDHhZI,Zulqarnain bhai bht achy hain. Dil k saaaf.  I love you bro. You're my favourite YouTuber among all. Mn apki beti se b milna chahti hun. She is love MashaAllah. Aur kanwal apki bag collection bht achi h. I want to buy few of them agr ap use nh karti. To ap apna preloved page bnaln.. hum buy karlngy,no,none,na,joy,Zulqarnain/urdu bhai/urdu bht/urdu achy/urdu hain/urdu Dil/urdu k/urdu saaaf/urdu I/english love/english you/english bro/english You're/english my/english favourite/english YouTuber/english among/english all/english Mn/urdu apki/urdu beti/urdu se/urdu b/urdu milna/urdu chahti/urdu hun/urdu She/english is/english love/english MashaAllah/urdu Aur/urdu kanwal/urdu apki/urdu bag/english collection/english bht/urdu achi/urdu h/urdu I/english want/english to/english buy/english few/english of/english them/english agr/urdu ap/urdu use/english nh/urdu karti/urdu To/urdu ap/urdu apna/urdu preloved/english page/english bnaln/urdu hum/urdu buy/english karlngy/urdu
BaMLBWWvNHA,Rajab bhai tujhe bhai mn ta tha gaddar🤬🤬,no,offensive,na,anger,Rajab/urdu bhai/urdu tujhe/urdu bhai/urdu mn/urdu ta/urdu tha/urdu gaddar/urdu
UiYpRBQ74fs,Allah pak Imran Riyaz bhai or Imran Khan ki hifazat frmaye or Pakistan ki hifazat frmaye 🤲🤲🤲🤲,no,none,na,joy,Allah/urdu pak/urdu Imran/ambiguous Riyaz/ambiguous bhai/urdu or/english Imran/ambiguous Khan/ambiguous ki/urdu hifazat/urdu frmaye/urdu or/english Pakistan/ambiguous ki/urdu hifazat/urdu frmaye/urdu 🤲/ambiguous
BaMLBWWvNHA,Bsdk 6 saal ma Tera 3M ha or Rajab ka dekh 3 saal ma 9M,yes,offensive,na,anger,Bsdk/urdu 6/ambiguous saal/urdu ma/urdu Tera/urdu 3M/ambiguous ha/urdu or/urdu Rajab/urdu ka/urdu dekh/urdu 3/ambiguous saal/urdu ma/urdu 9M/ambiguous
BaMLBWWvNHA,Itni gandi language is bndy ko zra sharm nae uper se us k mun py dog ka filter lgadia Yahan se hi parwarish ka pta lgra hai.. or Jahan tk baat ha k wo ya dost kehty thy k pics lelo hmary sath ye baat sbko pta ha k uski fan following kitni ha uska naam use kr k tum logo ne views liye,yes,offensive,na,anger,urdu/urdu english/english english/english english/english urdu/urdu urdu/urdu urdu/urdu urdu/urdu urdu/urdu urdu/urdu urdu/urdu urdu/urdu urdu/urdu urdu/urdu urdu/urdu english/english urdu/urdu urdu/urdu urdu/urdu urdu/urdu urdu/urdu urdu/urdu urdu/urdu urdu/urdu urdu/urdu urdu/urdu urdu/urdu urdu/urdu urdu/urdu urdu/urdu urdu/urdu urdu/urdu urdu/urdu urdu/urdu english/english urdu/urdu urdu/urdu urdu/urdu urdu/urdu urdu/urdu urdu/urdu urdu/urdu urdu/urdu urdu/urdu urdu/urdu urdu/urdu english/english urdu/urdu urdu/urdu urdu/urdu urdu/urdu urdu/urdu urdu/urdu urdu/urdu english/english urdu/urdu english/english
BmpRnfu16YA,Fatima API ma AP II Bihar bari fan hu,no,none,na,joy,Fatima/ambiguous API/english ma/urdu AP/english II/english Bihar/ambiguous bari/urdu fan/english hu/urdu
FH8OUP2_sN4,Maine aapko har video per subscribe Kiya Hai aap bahut acche Hain,no,none,na,joy,Maine/urdu aapko/urdu har/urdu video/english per/urdu subscribe/english Kiya/urdu Hai/urdu aap/urdu bahut/urdu acche/urdu Hain/urdu
IMnXqYDHhZI,Kanwal di best vogger hai aap fake logo ki tarah killo killo make up lagakr khud ko pro max vlogger to nhi bolti,yes,offensive,na,anger,Kanwal/ambiguous di/urdu best/english vogger/english hai/urdu aap/urdu fake/english logo/urdu ki/urdu tarah/urdu killo/urdu killo/urdu make/english up/english lagakr/urdu khud/urdu ko/urdu pro/english max/english vlogger/english to/urdu nhi/urdu bolti/urdu
EyrNOfyxSBQ,Allha kamiyab kara ap ko Ameen Sumammen,no,none,na,joy,Allha/urdu kamiyab/urdu kara/urdu ap/urdu ko/urdu Ameen/urdu Sumammen/ambiguous
BaMLBWWvNHA,You are such a gentalmen love u bhi ❤,no,none,na,joy,You/english are/english such/english a/english gentalmen/english love/english u/english bhi/urdu ❤/ambiguous
IMnXqYDHhZI,Jooto py MaShaAllah nahi kehty,yes,none,na,none,Jooto/urdu py/urdu MaShaAllah/urdu nahi/urdu kehty/urdu
Erif7Vj9NSQ,Nice Fatima Ap nice to see you to so much mari pyari se Jan 🥰❤️🤗🥰🙂🥰😍😘🤗😊 Mari jan 🥰😘😍😘😊,no,none,na,joy,Nice/english Fatima/english Ap/urdu nice/english to/english see/english you/english to/english so/english much/english mari/urdu pyari/urdu se/urdu Jan/urdu 🥰❤️🤗🥰🙂🥰😍😘🤗😊/ambiguous Mari/urdu jan/urdu 🥰😘😍😘😊/ambiguous
XHQrr9fmTkc,Ulti arahi ha mjy to ap ko dekh k,yes,none,na,disgust|surprise,Ulti/urdu arahi/urdu ha/urdu mjy/urdu to/urdu ap/urdu ko/urdu dekh/urdu k/urdu
IMnXqYDHhZI,Kanwal Kya rajab say app ki dosti khatam kardi ha kya,yes,none,na,surprise,Kanwal/ambiguous Kya/urdu rajab/ambiguous say/urdu app/urdu ki/urdu dosti/urdu khatam/urdu kardi/urdu ha/urdu kya/urdu
N-0DINjOMlY,yar teri bv ki shakal kesi ho gyi hy,yes,offensive,na,anger,yar/urdu teri/urdu bv/english ki/urdu shakal/urdu kesi/urdu ho/urdu gyi/urdu hy/urdu
8ksTrbtyTco,Mai ajati hn kafi achi cook hon,no,none,na,joy,Mai/urdu ajati/urdu hn/urdu kafi/urdu achi/urdu cook/english hon/urdu
eY0i4nBXqdY,Fatima bissnuss class mein a KY iconimi plane KY nuks Nikal rahi hai,yes,none,na,anger,Fatima/ambiguous bissnuss/english class/english mein/urdu a/english KY/urdu iconimi/english plane/english KY/urdu nuks/urdu Nikal/urdu rahi/urdu hai/urdu
N-0DINjOMlY,"Knwal majj ki shakal dakhoo lull ki trah bani hue hai is gashti ko UDR hi chor ana tha , is lalchi aurt konpassy ki hawas hai bss yh gashti lalchi aurt hai",no,hate,na,anger,urdu/urdu urdu/urdu urdu/urdu urdu/urdu urdu/urdu urdu/urdu urdu/urdu urdu/urdu urdu/urdu urdu/urdu urdu/urdu urdu/urdu urdu/urdu urdu/urdu english/english urdu/urdu urdu/urdu urdu/urdu urdu/urdu ambiguous/ambiguous urdu/urdu urdu/urdu urdu/urdu urdu/urdu urdu/urdu urdu/urdu urdu/urdu urdu/urdu urdu/urdu urdu/urdu urdu/urdu
zfjRK9s0pjA,Assalam walekum Maine aaj tak aapko comment nahin ki😊 aaj main aapko yahi kahana chahunga tumko man bete ka khyal rakhen,no,none,na,joy,Assalam/urdu walekum/urdu Maine/urdu aaj/urdu tak/urdu aapko/urdu comment/english nahin/urdu ki/urdu aaj/urdu main/urdu aapko/urdu yahi/urdu kahana/urdu chahunga/urdu tumko/urdu man/urdu bete/urdu ka/urdu khyal/urdu rakhen/urdu
nqbNLe84dpM,Iqra api ap ka aj ka  vlog kab aye ga please,no,none,na,none,Iqra/ambiguous api/urdu ap/urdu ka/urdu aj/urdu ka/urdu vlog/english kab/urdu aye/urdu ga/urdu please/english
BaMLBWWvNHA,Such hy Bhai rajab ka Naam Sy views to milty Hain.... 3.5 million hahahaha. ........doop ka mar Jao. Akelay Mai sharam to Atti hi hogi akelay Mai. Apni usual videoz ka views check Kero aur is video ka,yes,offensive,na,anger|joy,Such/english hy/urdu Bhai/urdu rajab/urdu ka/urdu Naam/urdu Sy/urdu views/english to/urdu milty/urdu Hain/urdu 3.5/english million/english hahahaha/english doop/urdu ka/urdu mar/urdu Jao/urdu Akelay/urdu Mai/urdu sharam/urdu to/urdu Atti/urdu hi/urdu hogi/urdu akelay/urdu Mai/urdu Apni/urdu usual/english videoz/english ka/urdu views/english check/english Kero/urdu aur/urdu is/english video/english ka/urdu
HeZ2VBdJeOk,PTI ko strongly Government se demand kerna chye ke Frangic Audit ker wae aur jo esme jo involved hon UN per Article 6 lagaya hae.,no,none,na,anger,PTI/ambiguous ko/urdu strongly/english Government/english se/urdu demand/english kerna/urdu chye/urdu ke/urdu Frangic/english Audit/english ker/urdu wae/urdu aur/urdu jo/urdu esme/urdu jo/urdu involved/english hon/urdu UN/english per/urdu Article/english 6/english lagaya/urdu hae/urdu
BaMLBWWvNHA,Yeee rajab ki shakak m iski maa ny dajal paida kia hwa h..good bhai is kuty ko nikalo yaha sy,yes,hate,na,anger,urdu/ambiguous rajab/urdu ki/urdu shakak/urdu m/urdu iski/urdu maa/urdu ny/urdu dajal/urdu paida/urdu kia/urdu hwa/urdu h..good/ambiguous bhai/urdu is/urdu kuty/urdu ko/urdu nikalo/urdu yaha/urdu sy/urdu
UiYpRBQ74fs,"Awam shaheed hy , security pe rakhay hoye paltu halak",yes,offensive,na,anger|sadness,"Awam/urdu shaheed/urdu hy/urdu ,/ambiguous security/english pe/urdu rakhay/urdu hoye/urdu paltu/urdu halak/urdu"
nqbNLe84dpM,Anaviya ka face kab reveal ho ga,no,none,na,surprise,urdu/ambiguous urdu/urdu english/english urdu/urdu english/english urdu/urdu urdu/urdu
eY0i4nBXqdY,Please 2nd Umrah Kam karenge reply de vlog mein yah fir comment mein ine donon mein se Kisi bhi comment reply dena but please reply dena,no,none,na,none,Please/english 2nd/english Umrah/urdu Kam/urdu karenge/urdu reply/english de/urdu vlog/english mein/urdu yah/urdu fir/urdu comment/english mein/urdu ine/urdu donon/urdu mein/urdu se/urdu Kisi/urdu bhi/urdu comment/english reply/english dena/urdu but/english please/english reply/english dena/urdu
HeZ2VBdJeOk,Wa alaikum as salam wa rehmat ullah e wa barakatuhu Imran Riaz Bhai g sahib,no,none,na,joy,Wa/urdu alaikum/urdu as/urdu salam/urdu wa/urdu rehmat/urdu ullah/urdu e/urdu wa/urdu barakatuhu/urdu Imran/ambiguous Riaz/ambiguous Bhai/urdu g/ambiguous sahib/urdu
4k0ZV0UFZSw,Kua hal amranraiz sahab amrankhan ka about good bat Karen my father ka dil ko scon mala,no,none,na,none,Kua/urdu hal/urdu amranraiz/urdu sahab/urdu amrankhan/urdu ka/urdu about/english good/english bat/urdu Karen/english my/english father/english ka/urdu dil/urdu ko/urdu scon/ambiguous mala/urdu
zfjRK9s0pjA,Humne to bahut Dua tarikh hai tumhara to aapke Bina ban gai,yes,none,na,sadness,Humne/urdu to/urdu bahut/urdu Dua/urdu tarikh/urdu hai/urdu tumhara/urdu to/urdu aapke/urdu Bina/urdu ban/urdu gai/urdu
HeZ2VBdJeOk,PTI smait sub Ka boycott,no,offensive,na,anger,english/ambiguous urdu/urdu urdu/urdu urdu/urdu english/english
EyrNOfyxSBQ,Bohat piyari film hai,no,none,na,joy,Bohat/urdu piyari/urdu film/english hai/urdu
BmpRnfu16YA,Mashallah Allah pak Nazry bat se bachay ameen,no,none,na,joy,Mashallah/urdu Allah/urdu pak/urdu Nazry/urdu bat/urdu se/urdu bachay/urdu ameen/urdu
nqbNLe84dpM,bahut achcha vlog tha iqra Api 😊,no,none,na,joy,bahut/urdu achcha/urdu vlog/english tha/urdu iqra/ambiguous Api/urdu 😊/ambiguous
UiYpRBQ74fs,Ye party ni hai ye awam hain aam awam hr kashmiri action committee h,yes,none,na,anger,Ye/urdu party/english ni/urdu hai/urdu ye/urdu awam/urdu hain/urdu aam/urdu awam/urdu hr/ambiguous kashmiri/urdu action/english committee/english h/urdu
XHQrr9fmTkc,Fatima APi plz iqreeb ka Sath prank karain,no,none,na,joy,Fatima/ambiguous APi/english plz/english iqreeb/urdu ka/urdu Sath/urdu prank/english karain/urdu
-w7eMfsuRgA,Awam taxes ka bojh saharte hi bezar hi nikal bhi ate hi laikin koie1 banda aisa nhi reh gya jo mulk geer hartaal k zarie even Kshmiriyon k naam par he bahir nikale jab Ramzanul Mubarak me dhrne walon ka qatl e aam kya ja raha tha to Mufti Muneeb ul Rehman ne mulk geer hartaal ke call de thi jo shandar tareeqe se kamyab  hwe thee to kya ab wo bhi jarnailon se dar gye hen ya phir?? ? ? ? ?,yes,none,na,anger|sadness,Awam/urdu taxes/english ka/urdu bojh/urdu saharte/urdu hi/urdu bezar/urdu hi/urdu nikal/urdu bhi/urdu ate/urdu hi/urdu laikin/urdu koie1/urdu banda/urdu aisa/urdu nhi/urdu reh/urdu gya/urdu jo/urdu mulk/urdu geer/urdu hartaal/urdu k/urdu zarie/urdu even/english Kshmiriyon/urdu k/urdu naam/urdu par/urdu he/urdu bahir/urdu nikale/urdu jab/urdu Ramzanul/urdu Mubarak/urdu me/urdu dhrne/urdu walon/urdu ka/urdu qatl/urdu e/urdu aam/urdu kya/urdu ja/urdu raha/urdu tha/urdu to/urdu Mufti/urdu Muneeb/urdu ul/urdu Rehman/urdu ne/urdu mulk/urdu geer/urdu hartaal/urdu ke/urdu call/english de/urdu thi/urdu jo/urdu shandar/urdu tareeqe/urdu se/urdu kamyab/urdu hwe/urdu thee/urdu to/urdu kya/urdu ab/urdu wo/urdu bhi/urdu jarnailon/urdu se/urdu dar/urdu gye/urdu hen/urdu ya/urdu phir/urdu ?/ambiguous ?/ambiguous ?/ambiguous ?/ambiguous ?/ambiguous
BljaIOvFkcM,FM Deceiver Hai 😂,yes,none,na,joy,FM/english Deceiver/english Hai/urdu 😂/ambiguous
EyrNOfyxSBQ,Rabia g ap ja kr badla bro ki video dekhe apni movie pe,yes,none,na,joy,Rabia/urdu g/urdu ap/urdu ja/urdu kr/urdu badla/urdu bro/english ki/urdu video/english dekhe/urdu apni/urdu movie/english pe/urdu
eY0i4nBXqdY,Aapki mamma bhi aapke sath hath mila Rahi Thi to aapane ignore kar diya😢😢😢😢😢😢😢😢😢😢😢,yes,offensive,na,sadness|anger,Aapki/urdu mamma/urdu bhi/urdu aapke/urdu sath/urdu hath/urdu mila/urdu Rahi/urdu Thi/urdu to/urdu aapane/urdu ignore/english kar/urdu diya/urdu
BaMLBWWvNHA,"Rajat family 9.3 million Tere paas Kya Hai Jal Gayi Jali Teri bhai tension na la tu bhai socha rajat kaise 9.3M kaise kare liya almost beautiful wife, ko dikha kar Nahi Apne Dham Par 9.3M kiya hai is Pagal ko Bolo Jal rahi Hai? Accha se",yes,offensive,na,anger|surprise,Rajat/ambiguous family/english 9.3/ambiguous million/english Tere/urdu paas/urdu Kya/urdu Hai/urdu Jal/urdu Gayi/urdu Jali/urdu Teri/urdu bhai/urdu tension/urdu na/urdu la/urdu tu/urdu bhai/urdu socha/urdu rajat/ambiguous kaise/urdu 9.3M/ambiguous kaise/urdu kare/urdu liya/urdu almost/english beautiful/english wife/english ko/urdu dikha/urdu kar/urdu Nahi/urdu Apne/urdu Dham/urdu Par/urdu 9.3M/ambiguous kiya/urdu hai/urdu is/urdu Pagal/urdu ko/urdu Bolo/urdu Jal/urdu rahi/urdu Hai/urdu Accha/urdu se/urdu
gvG35CxYOLg,"Shaveer ka hum shakal 
Mr AwaiS LifE",yes,none,na,none,Shaveer/urdu ka/urdu hum/urdu shakal/urdu Mr/english AwaiS/english LifE/english
IMnXqYDHhZI,Masha Allah beautiful vlog Kanwal zabardast keep it up Allah Pak ap ko asay hi khush rakhay Ameen ❣️❤️💕,no,none,na,joy,Masha/urdu Allah/urdu beautiful/english vlog/english Kanwal/ambiguous zabardast/urdu keep/english it/english up/english Allah/urdu Pak/urdu ap/urdu ko/urdu asay/urdu hi/urdu khush/urdu rakhay/urdu Ameen/urdu ❣️❤️💕/ambiguous
ttL6k7wzGmQ,Mulk issi tara taba kartay rahay gay yazeed jab tak awam hud bahir nikal kar mulk ko pachaty nahi kuch thek nahi hu ga,no,none,na,anger,Mulk/urdu issi/urdu tara/urdu taba/urdu kartay/urdu rahay/urdu gay/urdu yazeed/urdu jab/urdu tak/urdu awam/urdu hud/urdu bahir/urdu nikal/urdu kar/urdu mulk/urdu ko/urdu pachaty/urdu nahi/urdu kuch/urdu thek/urdu nahi/urdu hu/urdu ga/urdu
FH8OUP2_sN4,Ducky bhai ya choro mo pa kiya lagaya hai,yes,none,na,anger|surprise,Ducky/english bhai/urdu ya/urdu choro/urdu mo/urdu pa/urdu kiya/urdu lagaya/urdu hai/urdu
BaMLBWWvNHA,"Fame ki wajh se 3.5 million views🤣 jo aaj tk teri YT mai history mai  aaya hai aur na kbhi aayega🤣
Rajab family ❤",yes,none,na,joy|surprise,Fame/english ki/urdu wajh/urdu se/urdu 3.5/english million/english views/english jo/urdu aaj/urdu tk/urdu teri/urdu YT/english mai/urdu history/english mai/urdu aaya/urdu hai/urdu aur/urdu na/urdu kbhi/urdu aayega/urdu Rajab/urdu family/english ❤/ambiguous
IMnXqYDHhZI,"KANWAL KA LEVEL HE ALG HAIII.. Kammaalll vlog, Kamal energyyy!!! ❤",no,none,na,joy,KANWAL/ambiguous KA/urdu LEVEL/english HE/urdu ALG/urdu HAIII/urdu Kammaalll/urdu vlog/english Kamal/ambiguous energyyy/english ❤/ambiguous
UiYpRBQ74fs,Doonoo parties ki leader's n  tambers n in kay chayllay  aisay  hi aa ay hain 😅,yes,offensive,na,anger,urdu/urdu english/english urdu/urdu english/english urdu/urdu urdu/urdu urdu/urdu urdu/urdu urdu/urdu urdu/urdu urdu/urdu urdu/urdu urdu/urdu urdu/urdu urdu/urdu ambiguous/ambiguous
IMnXqYDHhZI,Hyee❤❤❤❤ Sachi kanwal is the best vloger mujhy ap ki collection bht achi lgi,no,none,na,joy,urdu/ambiguous Sachi/urdu kanwal/urdu is/english the/english best/english vloger/english mujhy/urdu ap/urdu ki/urdu collection/english bht/urdu achi/urdu lgi/urdu
FH8OUP2_sN4,13:12 wali bachi ka number chaiye😢,yes,none,na,sadness,ambiguous/ambiguous wali/urdu bachi/urdu ka/urdu number/english chaiye/urdu
IMnXqYDHhZI,Itna sub laiti ho sub ka hisab bhi daina prega,yes,none,na,anger,Itna/urdu sub/urdu laiti/urdu ho/urdu sub/urdu ka/urdu hisab/urdu bhi/urdu daina/urdu prega/urdu
gvG35CxYOLg,Bawaseer ki dawai hamsay hasil krain☺️,yes,none,na,joy,Bawaseer/urdu ki/urdu dawai/urdu hamsay/urdu hasil/urdu krain/urdu
Erif7Vj9NSQ,Jab aap ka dikhai thi to aap,yes,none,na,none,Jab/urdu aap/urdu ka/urdu dikhai/urdu thi/urdu to/urdu aap/urdu
zfjRK9s0pjA,allah    pak     kra     ka,no,none,na,none,allah/urdu pak/urdu kra/urdu ka/urdu
4k0ZV0UFZSw,Yhn kchhh thek ni hony wala,yes,none,na,sadness,Yhn/urdu kchhh/urdu thek/urdu ni/urdu hony/urdu wala/urdu
zXAAAXogJ78,Achy frying pan bhi ly ly,yes,none,na,joy,Achy/urdu frying/english pan/english bhi/urdu ly/urdu ly/urdu
EyrNOfyxSBQ,"Deen me beshaq parda he,

 per , deen me mard ka naram hona b he , ghar ka sarbrah ghar ka mard jo apne ghar walon k sath sub se behatr hu wahi behtreen momin he,

 deen me mard ko narmi se bat karne awaz onchi na karne , or hath na uthane k lye b kaha gya ...  

Afsoos hum ye bhooljate hen

Hmare mashre me orat ko parde ka kahna hi kafi nhi hoga 
Mardon ko b sikhana hoga k unhen kese oroton ki izzat karni chahye 

Main point: deen zabrdsti se qaim nhi hota
Narmi or muhabbat se qaim hota he",no,none,na,sadness,Deen/urdu me/urdu beshaq/urdu parda/urdu he/urdu per/urdu deen/urdu me/urdu mard/urdu ka/urdu naram/urdu hona/urdu b/urdu he/urdu ghar/urdu ka/urdu sarbrah/urdu ghar/urdu ka/urdu mard/urdu jo/urdu apne/urdu ghar/urdu walon/urdu k/urdu sath/urdu sub/urdu se/urdu behatr/urdu hu/urdu wahi/urdu behtreen/urdu momin/urdu he/urdu deen/urdu me/urdu mard/urdu ko/urdu narmi/urdu se/urdu bat/urdu karne/urdu awaz/urdu onchi/urdu na/urdu karne/urdu or/urdu hath/urdu na/urdu uthane/urdu k/urdu lye/urdu b/urdu kaha/urdu gya/urdu Afsoos/urdu hum/urdu ye/urdu bhooljate/urdu hen/urdu Hmare/urdu mashre/urdu me/urdu orat/urdu ko/urdu parde/urdu ka/urdu kahna/urdu hi/urdu kafi/urdu nhi/urdu hoga/urdu Mardon/urdu ko/urdu b/urdu sikhana/urdu hoga/urdu k/urdu unhen/urdu kese/urdu oroton/urdu ki/urdu izzat/urdu karni/urdu chahye/urdu Main/english point/english deen/urdu zabrdsti/urdu se/urdu qaim/urdu nhi/urdu hota/urdu Narmi/urdu or/urdu muhabbat/urdu se/urdu qaim/urdu hota/urdu he/urdu
UiYpRBQ74fs,Pakistan k 80 fisad log inke shakle b ni dekhte inko sunna to bhot door ki bat hai imran bhai baki 15 fisad log wo ha jo hmre buzrug hai wo ghr me t.v py khabre sunte hai to t.v py ye log ate hai to mazbori me inka jhot sunte hai majbori unki ye hai k unko mob use krna ni ata,yes,offensive,na,anger,urdu/urdu urdu/urdu english/ambiguous urdu/urdu urdu/urdu urdu/urdu urdu/urdu urdu/urdu urdu/urdu urdu/urdu urdu/urdu urdu/urdu urdu/urdu urdu/urdu urdu/urdu urdu/urdu urdu/urdu english/english urdu/urdu urdu/urdu english/ambiguous urdu/urdu urdu/urdu urdu/urdu urdu/urdu urdu/urdu urdu/urdu urdu/urdu urdu/urdu urdu/urdu english/english urdu/urdu urdu/urdu urdu/urdu urdu/urdu english/english urdu/urdu urdu/urdu urdu/urdu urdu/urdu urdu/urdu urdu/urdu urdu/urdu urdu/urdu urdu/urdu urdu/urdu urdu/urdu urdu/urdu english/english urdu/urdu urdu/urdu urdu/urdu urdu/urdu
N-0DINjOMlY,Kaisy parents hai AP log bachii ko akela chor kr kaisy Jate hoo  ham to 1ghanta bachy k bagir nahi reh sakte app to fir bhi 4 din wahhhh beiiii🥲🥴,yes,none,na,anger|sadness,Kaisy/urdu parents/english hai/urdu AP/urdu log/urdu bachii/urdu ko/urdu akela/urdu chor/urdu kr/urdu kaisy/urdu Jate/urdu hoo/urdu ham/urdu to/urdu 1ghanta/ambiguous bachy/urdu k/urdu bagir/urdu nahi/urdu reh/urdu sakte/urdu app/english to/urdu fir/urdu bhi/urdu 4/ambiguous din/urdu wahhhh/urdu beiiii/urdu
hhFGhAo4ZfY,19:26 pey waqas bhai kay hath pey lagi hai cheating hoi hai aise maza nahi ataa game ka,no,none,na,anger,ambiguous/ambiguous waqas/urdu bhai/urdu kay/urdu hath/urdu pey/urdu lagi/urdu hai/urdu cheating/english hoi/urdu hai/urdu aise/urdu maza/urdu nahi/urdu ataa/urdu game/english ka/urdu
4k0ZV0UFZSw,Khan ko riha ker k free qnd fair elections kera k izzat bacha ley establishment,yes,none,na,anger,Khan/ambiguous ko/urdu riha/urdu ker/urdu k/urdu free/english qnd/english fair/english elections/english kera/urdu k/urdu izzat/urdu bacha/urdu ley/urdu establishment/english
IMnXqYDHhZI,Aizal k kpry dydyn,no,none,na,none,Aizal/ambiguous k/ambiguous kpry/ambiguous dydyn/ambiguous
zXAAAXogJ78,Ap ny apny pourany ghar ma hide and seek khali thi ab ap apny new ghar ma hide and seek khaly ya apni society ma plzzzzzz plZzzzz😊,no,none,na,joy,Ap/urdu ny/urdu apny/urdu pourany/urdu ghar/urdu ma/urdu hide/english and/english seek/english khali/urdu thi/urdu ab/urdu ap/urdu apny/urdu new/english ghar/urdu ma/urdu hide/english and/english seek/english khaly/urdu ya/urdu apni/urdu society/english ma/urdu plzzzzzz/ambiguous plZzzzz/ambiguous
gvG35CxYOLg,Hashir Bhai entry Kya bat thi  😂😂😂😂😂😂😂😂,no,none,na,joy|surprise,Hashir/urdu Bhai/urdu entry/english Kya/urdu bat/urdu thi/urdu 😂😂😂😂😂😂😂😂/ambiguous
PKFU1F2QEMQ,Allah.  Aap.  Sab.   Ko.   Sehat.   Or.  Zindegiy.  Deay.,no,none,na,joy,Allah./urdu Aap./urdu Sab./urdu Ko./urdu Sehat./urdu Or./urdu Zindegiy./urdu Deay./urdu
XHQrr9fmTkc,Fatima appi main aapki bahut badi fan Meri DP ka naam rahat Ali hai bhai ke Naam Kiya latki ho,no,none,na,joy,Fatima/urdu appi/urdu main/urdu aapki/urdu bahut/urdu badi/urdu fan/english Meri/urdu DP/english ka/urdu naam/urdu rahat/urdu Ali/urdu hai/urdu bhai/urdu ke/urdu Naam/urdu Kiya/urdu latki/urdu ho/urdu
eY0i4nBXqdY,Abhi aap mujhse baat karo,no,none,na,none,Abhi/urdu aap/urdu mujhse/urdu baat/urdu karo/urdu
hhFGhAo4ZfY,Game hi ghalat hai hasan ko chahiye sirf plate walay area pr maarta aese to poori table isne mali hvi hath peechay b chala jata ye waha maar deta hai,no,none,na,anger,Game/english hi/urdu ghalat/urdu hai/urdu hasan/urdu ko/urdu chahiye/urdu sirf/urdu plate/urdu walay/urdu area/urdu pr/urdu maarta/urdu aese/urdu to/urdu poori/urdu table/urdu isne/urdu mali/urdu hvi/ambiguous hath/urdu peechay/urdu b/urdu chala/urdu jata/urdu ye/urdu waha/urdu maar/urdu deta/urdu hai/urdu
WJxfQWiP9DQ,"Sir, Aap nay thok kay rakh dya Muniray & Company Ko - In every minute of your vlog.",yes,none,na,anger,Sir/english Aap/urdu nay/urdu thok/urdu kay/urdu rakh/urdu dya/urdu Muniray/urdu &/english Company/english Ko/urdu -/english In/english every/english minute/english of/english your/english vlog/english
zXAAAXogJ78,Zulqarnain  Bhai aap rajab bhai se kyon Nahin bolate,no,none,na,none,Zulqarnain/ambiguous Bhai/urdu aap/urdu rajab/ambiguous bhai/urdu se/urdu kyon/urdu Nahin/urdu bolate/urdu
VUKai4CZSNw,"Kitna ganda h yr ye , washroom mai b camera , tars ata h inki life pe",no,offensive,na,anger|disgust,"Kitna/urdu ganda/urdu h/urdu yr/urdu ye/urdu ,/ambiguous washroom/english mai/urdu b/urdu camera/english ,/ambiguous tars/urdu ata/urdu h/urdu inki/urdu life/english pe/urdu"
nqbNLe84dpM,Dushman ko khane pr bula kr us me ye mix kr k khila do😅,yes,none,na,joy,Dushman/urdu ko/urdu khane/urdu pr/urdu bula/urdu kr/urdu us/urdu me/urdu ye/urdu mix/english kr/urdu k/urdu khila/urdu do/urdu
BmpRnfu16YA,Lagra hy ye vlog winter ka hy ku KY sb my sweat shirts and hoddies pehni hy,yes,none,na,joy,Lagra/urdu hy/urdu ye/urdu vlog/english winter/english ka/urdu hy/urdu ku/urdu KY/urdu sb/urdu my/english sweat/english shirts/english and/english hoddies/english pehni/urdu hy/urdu
BmpRnfu16YA,Fatima api apna khar ka home tour karwao plz plz plz ❤❤❤❤,no,none,na,joy,Fatima/ambiguous api/urdu apna/urdu khar/urdu ka/urdu home/english tour/english karwao/urdu plz/english plz/english plz/english ❤❤❤❤/ambiguous
UiYpRBQ74fs,1:45 hud 40 plus mardo and fir bolo 2 police wala injured huva hai 😢😢😢 toba karo g,yes,none,na,sadness|anger,1:45/ambiguous hud/urdu 40/ambiguous plus/english mardo/urdu and/english fir/urdu bolo/urdu 2/ambiguous police/english wala/urdu injured/english huva/urdu hai/urdu 😢😢😢/ambiguous toba/urdu karo/urdu g/urdu
nqbNLe84dpM,API Fatima shoke😂😂😂areeb nhi ko manana pra ga,yes,none,na,joy|surprise,english/ambiguous urdu/urdu urdu/urdu urdu/urdu urdu/urdu urdu/urdu urdu/urdu urdu/urdu
IMnXqYDHhZI,Jhootu pa MashaAllah nai bolty mind nai krna mistake nai Nikal rhi bta rhi hn,yes,offensive,na,anger,Jhootu/urdu pa/urdu MashaAllah/urdu nai/urdu bolty/urdu mind/english nai/urdu krna/urdu mistake/english nai/urdu Nikal/urdu rhi/urdu bta/urdu rhi/urdu hn/urdu
nqbNLe84dpM,Are bhai bahut maja aaya 🥰🥴🥴😵‍💫😵‍💫☺️☺️😣,no,none,na,joy|surprise,urdu/urdu bhai/urdu bahut/urdu maja/urdu aaya/urdu 🥰🥴🥴😵‍💫😵‍💫☺️☺️😣/ambiguous
EyrNOfyxSBQ,Baigrto  NY film bnai hai gairt py,no,none,na,none,Baigrto/ambiguous NY/english film/english bnai/ambiguous hai/urdu gairt/ambiguous py/urdu
-w7eMfsuRgA,Molvi saab ny kaha hn har kese ko apna faraz ada karna chahie khud ba khud ye mulk tek hoga idar tho baray baray idaro may baity log apny faraiz say sargardan hn seyasat may baity log apny apny faraiz say sargardan hn srf ik kam jari hn looot maaar corruption asasay lakin aisay zalim hn na in k pait bartay hn na inki hawas hatm hoti hn na inki ankho dan dollat ki piyas hatm hoti hn zalimo ny taba kardeya hn o kese ny kaha hn k Insan ko tho dunya may kanon say dara lo gy lakin un ka keya karo gy jin ko kese ka dar nai hota or o darindy ban jaty hn waisy tho ni kehty insan k dil may agar khaufi khuda ho tho ye ik ac sefat hn k insan ko insan bana daiti hn or musalman ko musalman khaufi khuda jin k dilo may hota hn o dunya k baray baray firgono say ni darty lakin Allah say darty hn,no,offensive,na,anger,Molvi/urdu saab/urdu ny/urdu kaha/urdu hn/urdu har/urdu kese/urdu ko/urdu apna/urdu faraz/urdu ada/urdu karna/urdu chahie/urdu khud/urdu ba/urdu khud/urdu ye/urdu mulk/urdu tek/urdu hoga/urdu idar/urdu tho/urdu baray/urdu baray/urdu idaro/urdu may/urdu baity/urdu log/urdu apny/urdu faraiz/urdu say/urdu sargardan/urdu hn/urdu seyasat/urdu may/urdu baity/urdu log/urdu apny/urdu apny/urdu faraiz/urdu say/urdu sargardan/urdu hn/urdu srf/urdu ik/urdu kam/urdu jari/urdu hn/urdu looot/urdu maaar/urdu corruption/english asasay/urdu lakin/urdu aisay/urdu zalim/urdu hn/urdu na/urdu in/urdu k/urdu pait/urdu bartay/urdu hn/urdu na/urdu inki/urdu hawas/urdu hatm/urdu hoti/urdu hn/urdu na/urdu inki/urdu ankho/urdu dan/urdu dollat/urdu ki/urdu piyas/urdu hatm/urdu hoti/urdu hn/urdu zalimo/urdu ny/urdu taba/urdu kardeya/urdu hn/urdu o/urdu kese/urdu ny/urdu kaha/urdu hn/urdu k/urdu Insan/urdu ko/urdu tho/urdu dunya/urdu may/urdu kanon/urdu say/urdu dara/urdu lo/urdu gy/urdu lakin/urdu un/urdu ka/urdu keya/urdu karo/urdu gy/urdu jin/urdu ko/urdu kese/urdu ka/urdu dar/urdu nai/urdu hota/urdu or/urdu o/urdu darindy/urdu ban/urdu jaty/urdu hn/urdu waisy/urdu tho/urdu ni/urdu kehty/urdu insan/urdu k/urdu dil/urdu may/urdu agar/urdu khaufi/urdu khuda/urdu ho/urdu tho/urdu ye/urdu ik/urdu ac/urdu sefat/urdu hn/urdu k/urdu insan/urdu ko/urdu insan/urdu bana/urdu daiti/urdu hn/urdu or/urdu musalman/urdu ko/urdu musalman/urdu khaufi/urdu khuda/urdu jin/urdu k/urdu dilo/urdu may/urdu hota/urdu hn/urdu o/urdu dunya/urdu k/urdu baray/urdu baray/urdu firgono/urdu say/urdu ni/urdu darty/urdu lakin/urdu Allah/urdu say/urdu darty/urdu hn/urdu
FH8OUP2_sN4,Ducky Bhai chota  I phone hama da da please muja boht acha laga ha,no,none,na,joy,Ducky/ambiguous Bhai/urdu chota/urdu I/english phone/english hama/urdu da/urdu da/urdu please/english muja/urdu boht/urdu acha/urdu laga/urdu ha/urdu
eY0i4nBXqdY,Beautiful aap Logon Ne Umra ki main aap Logon ki bahut badi fan hun,no,none,na,joy,Beautiful/english aap/urdu Logon/urdu Ne/urdu Umra/urdu ki/urdu main/urdu aap/urdu Logon/urdu ki/urdu bahut/urdu badi/urdu fan/english hun/urdu
BaMLBWWvNHA,Ab Rajab Pasand ni aa Raha jab us Sy fight hui ha ......😂... Personal grudges😂.......,yes,none,na,joy,Ab/urdu Rajab/urdu Pasand/urdu ni/urdu aa/urdu Raha/urdu jab/urdu us/urdu Sy/urdu fight/english hui/urdu ha/urdu ......😂.../ambiguous Personal/english grudges😂......./english
8ksTrbtyTco,Iqra k sath kab ayegaa??,no,none,na,surprise,Iqra/ambiguous k/urdu sath/urdu kab/urdu ayegaa/urdu
nqbNLe84dpM,Aj phr vlog nahi aaya,no,none,na,sadness,urdu/urdu phr/urdu vlog/english nahi/urdu aaya/urdu
nqbNLe84dpM,Iqra api aap ne kyon nahin khaya jolochip,no,none,na,surprise,Iqra/ambiguous api/urdu aap/urdu ne/urdu kyon/urdu nahin/urdu khaya/urdu jolochip/ambiguous
IMnXqYDHhZI,Ay din shifting keasy krty ye log i think rent pe hoty,yes,none,na,none,Ay/urdu din/urdu shifting/english keasy/urdu krty/urdu ye/urdu log/urdu i/english think/english rent/english pe/urdu hoty/urdu
IMnXqYDHhZI,Kapde bahut acche Hain tumhara pati bahut achcha hai kapde rahte tere ko deta hai,no,none,na,joy,Kapde/urdu bahut/urdu acche/urdu Hain/urdu tumhara/urdu pati/urdu bahut/urdu achcha/urdu hai/urdu kapde/urdu rahte/urdu tere/urdu ko/urdu deta/urdu hai/urdu
XHQrr9fmTkc,Fatima abhi please pink colour challenge kar lena🎉🎉❤ boat for Pink colour challenge😂❤❤❤,no,none,na,joy|surprise,Fatima/urdu abhi/urdu please/english pink/english colour/english challenge/english kar/urdu lena/urdu boat/english for/english Pink/english colour/english challenge/english
Erif7Vj9NSQ,Asi kutiyan mein ne nhi dekhiya,no,none,na,none,urdu/urdu urdu/urdu urdu/urdu urdu/urdu urdu/urdu urdu/urdu
4k0ZV0UFZSw,Ye gernel baghirat mulk ko tabah Karne pe toli hui hi or hum baghirat kuch kr hee ni rhe hi,yes,offensive,na,anger,Ye/urdu gernel/urdu baghirat/urdu mulk/urdu ko/urdu tabah/urdu Karne/urdu pe/urdu toli/urdu hui/urdu hi/urdu or/urdu hum/urdu baghirat/urdu kuch/urdu kr/urdu hee/urdu ni/urdu rhe/urdu hi/urdu
nqbNLe84dpM,Jolo chips nY Sistrology ky Padd nikal deya 😅😅,yes,none,na,joy|surprise,Jolo/ambiguous chips/english nY/ambiguous Sistrology/english ky/urdu Padd/urdu nikal/urdu deya/urdu 😅😅/ambiguous
IMnXqYDHhZI,Kis bat Kar Rahi h..kanwal,yes,none,na,anger,Kis/urdu bat/urdu Kar/urdu Rahi/urdu h..kanwal/ambiguous
BaMLBWWvNHA,oa chup kr ja kota ja bacha ek or elaz bola na rajab bhai ka liya tere house ka andar khos ka mara o ga asa maro ga ka aga kisi ka name lene sa phele mare nam 1000 dafa socha ha olo ka patha dafa ho ja,yes,offensive,na,anger,oa/urdu chup/urdu kr/urdu ja/urdu kota/urdu ja/urdu bacha/urdu ek/urdu or/urdu elaz/urdu bola/urdu na/urdu rajab/urdu bhai/urdu ka/urdu liya/urdu tere/urdu house/english ka/urdu andar/urdu khos/urdu ka/urdu mara/urdu o/urdu ga/urdu asa/urdu maro/urdu ga/urdu ka/urdu aga/urdu kisi/urdu ka/urdu name/english lene/urdu sa/urdu phele/urdu mare/urdu nam/urdu 1000/ambiguous dafa/urdu socha/urdu ha/urdu olo/urdu ka/urdu patha/urdu dafa/urdu ho/urdu ja/urdu
EyrNOfyxSBQ,So nice Rabia API AP na sab ka Dil jat leya 😊😊 ha API Allah AP ko our nak video banay ke tofiq da Ameen ❤❤❤ by🎉🎉,no,none,na,joy,So/english nice/english Rabia/ambiguous API/english AP/english na/urdu sab/urdu ka/urdu Dil/urdu jat/urdu leya/urdu 😊😊/ambiguous ha/urdu API/english Allah/urdu AP/english ko/urdu our/urdu nak/urdu video/english banay/urdu ke/urdu tofiq/urdu da/urdu Ameen/urdu ❤❤❤/ambiguous by🎉🎉/english
-w7eMfsuRgA,Allah Bara Khark kry in Handlears ka,yes,offensive,na,anger,Allah/urdu Bara/urdu Khark/urdu kry/urdu in/english Handlears/english ka/urdu
XHQrr9fmTkc,Api Fatima jab aap jelly kha rhi thi to ghusa mujy a tha tha. K Hira itni. Thori thori kha rhi hy or ap itni zyada 😂😂,yes,none,na,joy|surprise,Api/urdu Fatima/urdu jab/urdu aap/urdu jelly/english kha/urdu rhi/urdu thi/urdu to/urdu ghusa/urdu mujy/urdu a/urdu tha/urdu tha/urdu K/urdu Hira/urdu itni/urdu Thori/urdu thori/urdu kha/urdu rhi/urdu hy/urdu or/urdu ap/urdu itni/urdu zyada/urdu 😂😂/ambiguous
PKFU1F2QEMQ,Api plz bta do k you tube earning k liyeh account k sy bnay plz,no,none,na,none,urdu/urdu plz/english bta/urdu do/urdu k/urdu you/english tube/english earning/english k/urdu liyeh/urdu account/english k/urdu sy/urdu bnay/urdu plz/english
BmpRnfu16YA,Maine to video Shuru hote hi like comment aur subscribe kar liya hua tha,no,none,na,joy,Maine/urdu to/urdu video/english Shuru/urdu hote/urdu hi/urdu like/english comment/english aur/urdu subscribe/english kar/urdu liya/urdu hua/urdu tha/urdu
PKFU1F2QEMQ,Bhn allha app ko taki dy,no,none,na,joy,Bhn/urdu allha/urdu app/urdu ko/urdu taki/urdu dy/urdu
UiYpRBQ74fs,2030tak Allaha ke fazel se her Pakistani ko property owners bananey ka azam Hosla aur planning rekhta hoo Allaha ke maded se please reply,no,none,na,joy,urdu/ambiguous urdu/urdu urdu/urdu urdu/urdu urdu/urdu english/english urdu/urdu urdu/urdu english/english english/english urdu/urdu urdu/urdu urdu/urdu urdu/urdu urdu/urdu urdu/urdu urdu/urdu urdu/urdu urdu/urdu urdu/urdu urdu/urdu urdu/urdu english/english english/english
WJxfQWiP9DQ,Assalam o alaikum bhai Imran Government schools ko out source krte ja Rahe hn please AP Apne Hr vlog mn last mn is ko bhi highlight kren Keh  ye Ghalat hy Ghareeb ka buchabkaha parhay ga new teachers appoint kren jobs dein new educated generation ko please,no,none,na,anger,Assalam/urdu o/urdu alaikum/urdu bhai/urdu Imran/urdu Government/english schools/english ko/urdu out/english source/english krte/urdu ja/urdu Rahe/urdu hn/urdu please/english AP/urdu Apne/urdu Hr/urdu vlog/english mn/urdu last/english mn/urdu is/urdu ko/urdu bhi/urdu highlight/english kren/urdu Keh/urdu ye/urdu Ghalat/urdu hy/urdu Ghareeb/urdu ka/urdu buchabkaha/urdu parhay/urdu ga/urdu new/english teachers/english appoint/english kren/urdu jobs/english dein/urdu new/english educated/english generation/english ko/urdu please/english
nqbNLe84dpM,Sisterlogogy vilog ki 1st video hai Jo mny complete dykhi and I fully enjoyed ❤❤❤,no,none,na,joy,Sisterlogogy/ambiguous vilog/urdu ki/urdu 1st/english video/english hai/urdu Jo/urdu mny/urdu complete/english dykhi/urdu and/english I/english fully/english enjoyed/english ❤❤❤/ambiguous
VUKai4CZSNw,Aroob be bhi ducky k sath reh reh k chussen Marna Shuru kardi hen 😅,yes,none,na,joy,Aroob/ambiguous be/urdu bhi/urdu ducky/english k/urdu sath/urdu reh/urdu reh/urdu k/urdu chussen/urdu Marna/urdu Shuru/urdu kardi/urdu hen/urdu 😅/ambiguous
BmpRnfu16YA,ap na Haya`s ka home tour kar diya lakan  ap na apna ni  kiya,yes,none,na,anger,ap/urdu na/urdu Haya`s/ambiguous ka/urdu home/english tour/english kar/urdu diya/urdu lakan/urdu ap/urdu na/urdu apna/urdu ni/urdu kiya/urdu
BaMLBWWvNHA,Bht badhiya bhai i am proud of you ❤😊,no,none,na,joy,Bht/urdu badhiya/urdu bhai/urdu i/english am/english proud/english of/english you/english ❤😊/ambiguous
XHQrr9fmTkc,Fatima api ap bhot pyare ha ❤,no,none,na,joy,Fatima/ambiguous api/urdu ap/urdu bhot/urdu pyare/urdu ha/urdu ❤/ambiguous
XHQrr9fmTkc,Jo bhi mere pass hai aaj yah vah bhi Fatima bhi vah comment kar rahi Fatima bhi aur prem kare,no,none,na,none,Jo/urdu bhi/urdu mere/urdu pass/urdu hai/urdu aaj/urdu yah/urdu vah/urdu bhi/urdu Fatima/ambiguous bhi/urdu vah/urdu comment/english kar/urdu rahi/urdu Fatima/ambiguous bhi/urdu aur/urdu prem/urdu kare/urdu
FH8OUP2_sN4,Allah hum sab ko borai kaamo se mahfooz rakhai😇,no,none,na,joy,Allah/urdu hum/urdu sab/urdu ko/urdu borai/urdu kaamo/urdu se/urdu mahfooz/urdu rakhai/urdu
-w7eMfsuRgA,Kashmiri hamaray bhai hn kashmiri pay goli har pakistani pay goli hn or inho ny in 4 salo may mulk k andar ihtijajo may yahi keya hn k har protest may logo pay goliya chalai hn. Zalimo goliya keyo chalaty ho darindo,no,hate,na,anger,Kashmiri/urdu hamaray/urdu bhai/urdu hn/urdu kashmiri/urdu pay/urdu goli/urdu har/urdu pakistani/urdu pay/urdu goli/urdu hn/urdu or/urdu inho/urdu ny/urdu in/urdu 4/english salo/urdu may/urdu mulk/urdu k/urdu andar/urdu ihtijajo/urdu may/urdu yahi/urdu keya/urdu hn/urdu k/urdu har/urdu protest/english may/urdu logo/urdu pay/urdu goliya/urdu chalai/urdu hn/urdu Zalimo/urdu goliya/urdu keyo/urdu chalaty/urdu ho/urdu darindo/urdu
EyrNOfyxSBQ,agar gairat hoti to ye vloging hi na karti,yes,offensive,na,anger,agar/urdu gairat/urdu hoti/urdu to/urdu ye/urdu vloging/english hi/urdu na/urdu karti/urdu
IMnXqYDHhZI,Kanwal ap ap vlog banany me bhut achi lagti ho,no,none,na,joy,Kanwal/ambiguous ap/urdu ap/urdu vlog/english banany/urdu me/urdu bhut/urdu achi/urdu lagti/urdu ho/urdu
XHQrr9fmTkc,Fatima api ap   mara Liya 1 black colour challenge karoo  black colour voting 🖤🖤🖤,no,none,na,joy,Fatima/ambiguous api/urdu ap/urdu mara/urdu Liya/urdu 1/ambiguous black/english colour/english challenge/english karoo/urdu black/english colour/english voting/english 🖤🖤🖤/ambiguous
BmpRnfu16YA,Fatima fashion tum kya garib Naam ki ladki hai college friend thi aur dusri b Hira ke chuje Kahan hai Radha ki fishes kahan hai sab ki Kafi yad a rahi hai tumhari I love u tu you are world the best vloggeraat,yes,none,na,joy|surprise,Fatima/ambiguous fashion/english tum/urdu kya/urdu garib/urdu Naam/urdu ki/urdu ladki/urdu hai/urdu college/english friend/english thi/urdu aur/urdu dusri/urdu b/english Hira/ambiguous ke/urdu chuje/urdu Kahan/urdu hai/urdu Radha/ambiguous ki/urdu fishes/english kahan/urdu hai/urdu sab/urdu ki/urdu Kafi/urdu yad/urdu a/urdu rahi/urdu hai/urdu tumhari/urdu I/english love/english u/english tu/urdu you/english are/english world/english the/english best/english vloggeraat/urdu
WJxfQWiP9DQ,"Bhai Haqeeqi azadi chahye ya in she lar ker mot chahye.
Ya Israel k agents hai",no,hate,na,anger,Bhai/urdu Haqeeqi/urdu azadi/urdu chahye/urdu ya/urdu in/urdu she/urdu lar/urdu ker/urdu mot/urdu chahye/urdu Ya/urdu Israel/english k/urdu agents/english hai/urdu
XHQrr9fmTkc,aj ki look bhot diffrent ha api fatima bhot cute lag rahi ha,no,none,na,joy|surprise,aj/urdu ki/urdu look/english bhot/urdu diffrent/english ha/urdu api/urdu fatima/ambiguous bhot/urdu cute/english lag/urdu rahi/urdu ha/urdu
XHQrr9fmTkc,Mama ne kuu kha asa mama ke badi lambi hai bandri,yes,offensive,na,joy,Mama/urdu ne/urdu kuu/urdu kha/urdu asa/urdu mama/urdu ke/urdu badi/urdu lambi/urdu hai/urdu bandri/urdu
PKFU1F2QEMQ,Masha allha nice home 🏠 bs Ayesha ap hmesha hijab my rhiye ga don't skip hijab biutifull home,no,none,na,joy,Masha/urdu allha/urdu nice/english home/english 🏠/ambiguous bs/urdu Ayesha/urdu ap/urdu hmesha/urdu hijab/urdu my/urdu rhiye/urdu ga/urdu don't/english skip/english hijab/urdu biutifull/english home/english
EyrNOfyxSBQ,Movie to 14 mints ki nahi huti,no,none,na,none,Movie/english to/english 14/ambiguous mints/english ki/urdu nahi/urdu huti/urdu
EyrNOfyxSBQ,Dill e beht gya dhk k acting 10/10,no,none,na,joy,Dill/urdu e/urdu beht/urdu gya/urdu dhk/urdu k/urdu acting/english 10/10/english
ttL6k7wzGmQ,Sami sab asa e rha to ye generals jo rah gya sab khaaa pee jaye gy inka interest Pakistan ma nai iska assets pr hai... Jo b ata h pahly sa zyada akatha krna chahta.. So sad,yes,offensive,na,anger|sadness,Sami/ambiguous sab/urdu asa/urdu e/urdu rha/urdu to/urdu ye/urdu generals/english jo/urdu rah/urdu gya/urdu sab/urdu khaaa/urdu pee/urdu jaye/urdu gy/urdu inka/urdu interest/english Pakistan/english ma/urdu nai/urdu iska/urdu assets/english pr/urdu hai/urdu Jo/urdu b/urdu ata/urdu h/urdu pahly/urdu sa/urdu zyada/urdu akatha/urdu krna/urdu chahta/urdu So/english sad/english
BmpRnfu16YA,Both ladly se hai haya ka Bhai nai hai,yes,none,na,none,Both/english ladly/urdu se/urdu hai/urdu haya/urdu ka/urdu Bhai/urdu nai/urdu hai/urdu
N-0DINjOMlY,Bs idr udr sy bar bar apne apko ko gifts kr rhy koi garebo ka b bhala kr do manhoso,yes,offensive,na,anger|sadness,Bs/urdu idr/urdu udr/urdu sy/urdu bar/urdu bar/urdu apne/urdu apko/urdu ko/urdu gifts/english kr/urdu rhy/urdu koi/urdu garebo/urdu ka/urdu b/urdu bhala/urdu kr/urdu do/urdu manhoso/urdu
BljaIOvFkcM,"W, salam bhai jaan ❤❤❤❤❤❤❤❤❤❤❤❤❤❤❤❤❤❤❤❤❤❤",no,none,na,joy,"W,/ambiguous salam/urdu bhai/urdu jaan/urdu ❤❤❤❤❤❤❤❤❤❤❤❤❤❤❤❤❤❤❤❤❤❤/ambiguous"
BljaIOvFkcM,Purtakal main both zada zamin haridi hai munire ney,no,none,na,none,urdu/urdu main/urdu both/english zada/urdu zamin/urdu haridi/urdu hai/urdu munire/urdu ney/urdu
zXAAAXogJ78,10:30 khana thora km rkhna tha...ziada dekh kr b dil ni krta khany ko...,yes,none,na,sadness,10:30/ambiguous khana/urdu thora/urdu km/urdu rkhna/urdu tha.../urdu ziada/urdu dekh/urdu kr/urdu b/urdu dil/urdu ni/urdu krta/urdu khany/urdu ko.../urdu
BaMLBWWvNHA,"Pata nahi kya samajhta h apne ap ko rajab butt❌️
Bharwi family✅️",yes,offensive,na,anger,Pata/urdu nahi/urdu kya/urdu samajhta/urdu h/urdu apne/urdu ap/urdu ko/urdu rajab/urdu butt/english Bharwi/urdu family/english
HeZ2VBdJeOk,"Bulke 100 bln dollars money laundering ho Gai hai, since 2023 as per Mohsin Naqvi",no,none,misinfo,anger,urdu/urdu Bulke/ambiguous 100/english bln/english dollars/english money/english laundering/english ho/urdu Gai/urdu hai/urdu since/english 2023/english as/english per/english Mohsin/ambiguous Naqvi/ambiguous
PKFU1F2QEMQ,Mery khiyal sy apny pesa bht lga lia mgr apka ghr ka desing apka khas ni ye hi ghr ap bht acha piyara bna skty thy bht c jgah apny fazool m khrab kr di apk bht piyary room hall sb kuch bht piyara bn skta tha,no,none,na,anger,Mery/urdu khiyal/urdu sy/urdu apny/urdu pesa/urdu bht/urdu lga/urdu lia/urdu mgr/urdu apka/urdu ghr/urdu ka/urdu desing/english apka/urdu khas/urdu ni/urdu ye/urdu hi/urdu ghr/urdu ap/urdu bht/urdu acha/urdu piyara/urdu bna/urdu skty/urdu thy/urdu bht/urdu c/urdu jgah/urdu apny/urdu fazool/urdu m/urdu khrab/urdu kr/urdu di/urdu apk/urdu bht/urdu piyary/urdu room/english hall/english sb/urdu kuch/urdu bht/urdu piyara/urdu bn/urdu skta/urdu tha/urdu
8ksTrbtyTco,Cothm k students professional chefs😅,yes,none,na,joy|surprise,urdu/ambiguous english/ambiguous english/english english/english english/english
BaMLBWWvNHA,Zulqarnain Bhai mai ise dekhta tha mere API ne mna Kiya na Dekho but Mai dekhta tha but jab is ne tatto banwaya is liye mene ise chod diya tatto bnana islam Mai Haram hai Jo islam ko nhi manta Mai use nhi follow kerta is liye mene dekhna chod diya Meri Umr 13 hai mene chod diya but jab Emaan wla mater hua to Bhi is pe bhut gusa Aya tha or ye bhut gangster bnta hai Kisi din ache bnde ka hath lag gya ragda Jai ga,no,offensive,na,anger,Zulqarnain/urdu Bhai/urdu mai/urdu ise/urdu dekhta/urdu tha/urdu mere/urdu API/english ne/urdu mna/urdu Kiya/urdu na/urdu Dekho/urdu but/english Mai/urdu dekhta/urdu tha/urdu but/english jab/urdu is/urdu ne/urdu tatto/urdu banwaya/urdu is/urdu liye/urdu mene/urdu ise/urdu chod/urdu diya/urdu tatto/urdu bnana/urdu islam/urdu Mai/urdu Haram/urdu hai/urdu Jo/urdu islam/urdu ko/urdu nhi/urdu manta/urdu Mai/urdu use/urdu nhi/urdu follow/english kerta/urdu is/urdu liye/urdu mene/urdu dekhna/urdu chod/urdu diya/urdu Meri/urdu Umr/urdu 13/ambiguous hai/urdu mene/urdu chod/urdu diya/urdu but/english jab/urdu Emaan/urdu wla/urdu mater/urdu hua/urdu to/urdu Bhi/urdu is/urdu pe/urdu bhut/urdu gusa/urdu Aya/urdu tha/urdu or/urdu ye/urdu bhut/urdu gangster/english bnta/urdu hai/urdu Kisi/urdu din/urdu ache/urdu bnde/urdu ka/urdu hath/urdu lag/urdu gya/urdu ragda/urdu Jai/urdu ga/urdu
zXAAAXogJ78,Zulqarnain Bhai vlog upload kare,no,none,na,none,Zulqarnain/urdu Bhai/urdu vlog/english upload/english kare/urdu
gvG35CxYOLg,😮ohhh plzz ap hamayn bht pyary han 🎉❤,no,none,na,joy|surprise,ambiguous/english plzz/english ap/urdu hamayn/urdu bht/urdu pyary/urdu han/urdu ambiguous/ambiguous
BaMLBWWvNHA,Tum ne ye video post ki ha lakin us ne to tumha moon bhi nahi lagaya,yes,none,na,anger,Tum/urdu ne/urdu ye/urdu video/english post/english ki/urdu ha/urdu lakin/urdu us/urdu ne/urdu to/urdu tumha/urdu moon/urdu bhi/urdu nahi/urdu lagaya/urdu
BljaIOvFkcM,"Logo se 
 sampethe lanay ka l",no,none,na,none,Logo/urdu se/urdu sampethe/urdu lanay/urdu ka/urdu l/ambiguous
UiYpRBQ74fs,"Assalamualaikum Sir.
Allah pak Kashmir ki hifazat frmy Ameen sum Ameen ❤️",no,none,na,joy,Assalamualaikum/urdu Sir./english Allah/urdu pak/urdu Kashmir/ambiguous ki/urdu hifazat/urdu frmy/urdu Ameen/urdu sum/english Ameen/urdu ❤️/ambiguous
ttL6k7wzGmQ,Zindabad imran Khan hum pora Aoam imran Khan ki sath hai,no,none,na,joy,Zindabad/urdu imran/urdu Khan/urdu hum/urdu pora/urdu Aoam/urdu imran/urdu Khan/urdu ki/urdu sath/urdu hai/urdu
N-0DINjOMlY,Nyc  volog  bhi kanwal bhi both mubarek Jo aword ki kush salmt rhy,no,none,na,joy,Nyc/english volog/urdu bhi/urdu kanwal/urdu bhi/urdu both/english mubarek/urdu Jo/urdu aword/english ki/urdu kush/urdu salmt/urdu rhy/urdu
FH8OUP2_sN4,"Romaisa ki behn ki 
😊",no,none,na,joy,urdu/urdu urdu/urdu urdu/urdu urdu/urdu emoji/ambiguous
eY0i4nBXqdY,Fatima api ap. ki Hor Kisi Hor batana dubarahi ha shokhi,yes,none,na,none,Fatima/ambiguous api/urdu ap./urdu ki/urdu Hor/urdu Kisi/urdu Hor/urdu batana/urdu dubarahi/urdu ha/urdu shokhi/urdu
UiYpRBQ74fs,"Meharbani kr k Jo police or fouj ka Mary usko shaheed mat kaha karain, Pakistani forces ki India sa phatti ha yeh srf nahati awam pr golian chala saktay hn, iska etraf kwaja Asif pehlay hi kr Chuka ha k inki India k agay tangain kanpti hn, yeh woh kutay hn Jo Malik ko hi Kattay hn.",yes,hate,misinfo,anger,urdu/urdu urdu/urdu urdu/urdu urdu/urdu english/english urdu/urdu urdu/urdu urdu/urdu urdu/urdu urdu/urdu urdu/urdu urdu/urdu urdu/urdu urdu/urdu urdu/urdu english/english english/english urdu/urdu english/english urdu/urdu urdu/urdu urdu/urdu urdu/urdu urdu/urdu urdu/urdu urdu/urdu english/english urdu/urdu urdu/urdu urdu/urdu urdu/urdu urdu/urdu urdu/urdu urdu/urdu urdu/urdu urdu/urdu urdu/urdu urdu/urdu urdu/urdu english/english urdu/urdu urdu/urdu urdu/urdu urdu/urdu urdu/urdu urdu/urdu urdu/urdu urdu/urdu urdu/urdu urdu/urdu urdu/urdu urdu/urdu urdu/urdu
EyrNOfyxSBQ,Yhi in ki asal Kahani ha sb behno ki real story aise hi journey strt ki iqra ne bd mein iqra ki waja se Hira b Sath shamil ho Gai aur bd mein Fatima Rabia Zainab b,no,none,na,none,Yhi/urdu in/urdu ki/urdu asal/urdu Kahani/urdu ha/urdu sb/urdu behno/urdu ki/urdu real/english story/english aise/urdu hi/urdu journey/english strt/english ki/urdu iqra/urdu ne/urdu bd/urdu mein/urdu iqra/urdu ki/urdu waja/urdu se/urdu Hira/urdu b/urdu Sath/urdu shamil/urdu ho/urdu Gai/urdu aur/urdu bd/urdu mein/urdu Fatima/urdu Rabia/urdu Zainab/urdu b/urdu
PKFU1F2QEMQ,Mashallah bohat pyara ha ap ka ghr moja bohat acha lga ha,no,none,na,joy,Mashallah/urdu bohat/urdu pyara/urdu ha/urdu ap/urdu ka/urdu ghr/urdu moja/urdu bohat/urdu acha/urdu lga/urdu ha/urdu
PKFU1F2QEMQ,Ma sha ALLAH muje bohat khushi hoi ap k new home dekh kar ALLAH pak or barkatain dy 😊🎉,no,none,na,joy|surprise,Ma/urdu sha/urdu ALLAH/urdu muje/urdu bohat/urdu khushi/urdu hoi/urdu ap/urdu k/urdu new/english home/english dekh/urdu kar/urdu ALLAH/urdu pak/urdu or/urdu barkatain/urdu dy/urdu 😊🎉/ambiguous
VUKai4CZSNw,Hello Bhai jan kasa ha ❤❤❤❤,no,none,na,joy,Hello/english Bhai/urdu jan/urdu kasa/urdu ha/urdu ❤❤❤❤/ambiguous
BaMLBWWvNHA,Allah fitne se sabko mehfoz rakhe,no,none,na,none,urdu/urdu fitne/urdu se/urdu sabko/urdu mehfoz/urdu rakhe/urdu
BljaIOvFkcM,Jarneylo ne pura mulk barbad kr diya unho ne is mulk pr apne najaaiz qabzay ki khatir is dunia k badkirdar khabis tareen log puray mulk pr musallat kr rakhy han intehai criminal,no,hate,na,anger,urdu/urdu urdu/urdu urdu/urdu urdu/urdu urdu/urdu urdu/urdu urdu/urdu urdu/urdu urdu/urdu urdu/urdu urdu/urdu urdu/urdu urdu/urdu urdu/urdu urdu/urdu urdu/urdu urdu/urdu urdu/urdu urdu/urdu urdu/urdu urdu/urdu urdu/urdu urdu/urdu urdu/urdu urdu/urdu urdu/urdu urdu/urdu urdu/urdu urdu/urdu urdu/urdu urdu/urdu urdu/urdu english/english
BljaIOvFkcM,Imran khan zindabad Imran raiz bhi zindabad ❤❤❤❤❤,no,none,na,joy,Imran/ambiguous khan/english zindabad/urdu Imran/ambiguous raiz/urdu bhi/urdu zindabad/urdu ❤❤❤❤❤/ambiguous
eY0i4nBXqdY,"Api mein bi umrah karne gai thi 
Api niyat air port se kr te hian",no,none,na,joy,Api/urdu mein/urdu bi/urdu umrah/urdu karne/urdu gai/urdu thi/urdu Api/urdu niyat/urdu air/english port/english se/urdu kr/urdu te/urdu hian/urdu
UiYpRBQ74fs,"Sir yahi bat honi chaiye agar ab kashmiri peechy hat gaye to kaam bahot kharab ho jauega isary is bat py pakky ho jayen gy k awam ko drany ka yeh acha  treeqa hai awam ko maren yeh ni hilth bhi chuskty bhi ni hain... Kashmirion ny or pashtoo on ny inqalab jailiye qurbanian dy de hain or blochon ny bach gaye punjabi or sindhi dono jahil qOmen hain buzdil qOmen hain main punjabi hoon lkin mujyy aisa hi feel hua k han do qsomen hamara bs pait py dehan hai ghairat or khuddari se hamara, koi taaluq ni...",yes,hate,na,anger|sadness,Sir/english yahi/urdu bat/urdu honi/urdu chaiye/urdu agar/urdu ab/urdu kashmiri/urdu peechy/urdu hat/urdu gaye/urdu to/urdu kaam/urdu bahot/urdu kharab/urdu ho/urdu jauega/urdu isary/urdu is/urdu bat/urdu py/urdu pakky/urdu ho/urdu jayen/urdu gy/urdu k/urdu awam/urdu ko/urdu drany/urdu ka/urdu yeh/urdu acha/urdu treeqa/urdu hai/urdu awam/urdu ko/urdu maren/urdu yeh/urdu ni/urdu hilth/urdu bhi/urdu chuskty/urdu bhi/urdu ni/urdu hain/urdu Kashmirion/urdu ny/urdu or/urdu pashtoo/urdu on/urdu ny/urdu inqalab/urdu jailiye/urdu qurbanian/urdu dy/urdu de/urdu hain/urdu or/urdu blochon/urdu ny/urdu bach/urdu gaye/urdu punjabi/urdu or/urdu sindhi/urdu dono/urdu jahil/urdu qOmen/urdu hain/urdu buzdil/urdu qOmen/urdu hain/urdu main/urdu punjabi/urdu hoon/urdu lkin/urdu mujyy/urdu aisa/urdu hi/urdu feel/english hua/urdu k/urdu han/urdu do/urdu qsomen/urdu hamara/urdu bs/urdu pait/urdu py/urdu dehan/urdu hai/urdu ghairat/urdu or/urdu khuddari/urdu se/urdu hamara/urdu koi/urdu taaluq/urdu ni/urdu
BljaIOvFkcM,Azad Kashmir main forces awam ka qatal e aam kar rehe he or dusri taraf dehshat gardoo ke hathoo forces ka qatal e aam ho raha hai isko kehtay he jaisi karni waisi bharni,yes,offensive,na,anger|sadness,Azad/urdu Kashmir/urdu main/urdu forces/english awam/urdu ka/urdu qatal/urdu e/urdu aam/urdu kar/urdu rehe/urdu he/urdu or/urdu dusri/urdu taraf/urdu dehshat/urdu gardoo/urdu ke/urdu hathoo/urdu forces/english ka/urdu qatal/urdu e/urdu aam/urdu ho/urdu raha/urdu hai/urdu isko/urdu kehtay/urdu he/urdu jaisi/urdu karni/urdu waisi/urdu bharni/urdu
FH8OUP2_sN4,Ap ko ab diet krna hogi,no,none,na,none,Ap/urdu ko/urdu ab/urdu diet/english krna/urdu hogi/urdu
8ksTrbtyTco,""" 2 saal sy samjha raha hun"" 😭😭😭😭😭😭😭😭😭😭😭😭😭😭",yes,none,na,sadness,ambiguous/ambiguous 2/english saal/urdu sy/urdu samjha/urdu raha/urdu hun/urdu 😭/ambiguous
FH8OUP2_sN4,Ducky bhai Marji Hai Akele Akele Jana ho kya Army Se poochha Bhi Nahin,yes,none,na,anger|surprise,Ducky/english bhai/urdu Marji/urdu Hai/urdu Akele/urdu Akele/urdu Jana/urdu ho/urdu kya/urdu Army/english Se/urdu poochha/urdu Bhi/urdu Nahin/urdu
hhFGhAo4ZfY,"Hassan Brother Please Loose Your Weight You are not looking Good 

Waqas and USAID Bhai are looking good but u need to loose and make urself smarter ❤❤",no,offensive,na,sadness|anger,Hassan/ambiguous Brother/english Please/english Loose/english Your/english Weight/english You/english are/english not/english looking/english Good/english Waqas/ambiguous and/english USAID/ambiguous Bhai/urdu are/english looking/english good/english but/english u/english need/english to/english loose/english and/english make/english urself/english smarter/english ❤❤/ambiguous
VUKai4CZSNw,Bahi pattlo ka nam lekr roast kro to many ham,yes,none,na,joy,Bahi/urdu pattlo/urdu ka/urdu nam/urdu lekr/urdu roast/english kro/urdu to/urdu many/english ham/urdu
WJxfQWiP9DQ,Imran bhai great yar jo last mai ap nay kaha hai na ye popcorn 🍿 khayee 😂😂😂😂😂😂 zabardast,yes,none,na,joy|surprise,Imran/urdu bhai/urdu great/english yar/urdu jo/urdu last/english mai/urdu ap/urdu nay/urdu kaha/urdu hai/urdu na/urdu ye/urdu popcorn/english 🍿/ambiguous khayee/urdu 😂😂😂😂😂😂/ambiguous zabardast/urdu
BaMLBWWvNHA,Tu b gandu apni maa bhen dekha kr he paise kama rha tu b begart he zulkarnain tum b fitna ho f**k family vlogs,no,hate,na,anger,Tu/urdu b/urdu gandu/urdu apni/urdu maa/urdu bhen/urdu dekha/urdu kr/urdu he/urdu paise/urdu kama/urdu rha/urdu tu/urdu b/urdu begart/urdu he/urdu zulkarnain/urdu tum/urdu b/urdu fitna/urdu ho/urdu f**k/english family/english vlogs/english
EyrNOfyxSBQ,Ab Hume need ha viewers ki support ki Really need support 🌸🩷🌸🩷🩷🩷,no,none,na,joy,Ab/urdu Hume/urdu need/english ha/urdu viewers/english ki/urdu support/english ki/urdu Really/english need/english support/english 🌸🩷🌸🩷🩷🩷/ambiguous
BljaIOvFkcM,Hum chahy kashmir ho ya panjabi jis den sachy dil say pakistani ban gay sub sahi ho ga hum bas kabi kp k bN kr bahir atay hn kabi kashmir hum pakistani nhi banty,no,none,na,none,Hum/urdu chahy/urdu kashmir/urdu ho/urdu ya/urdu panjabi/urdu jis/urdu den/urdu sachy/urdu dil/urdu say/urdu pakistani/urdu ban/urdu gay/urdu sub/urdu sahi/urdu ho/urdu ga/urdu hum/urdu bas/urdu kabi/urdu kp/ambiguous k/urdu bN/urdu kr/urdu bahir/urdu atay/urdu hn/urdu kabi/urdu kashmir/urdu hum/urdu pakistani/urdu nhi/urdu banty/urdu
Erif7Vj9NSQ,❤❤❤❤❤barat mein black colour achcha lage ga main aapki bahut badi fan hun,no,none,na,joy,urdu/ambiguous mein/urdu black/english colour/english achcha/urdu lage/urdu ga/urdu main/urdu aapki/urdu bahut/urdu badi/urdu fan/english hun/urdu
nqbNLe84dpM,Iqra api aj ka vlog kb upload ho ga,no,none,na,none,Iqra/ambiguous api/urdu aj/urdu ka/urdu vlog/english kb/urdu upload/english ho/urdu ga/urdu
WJxfQWiP9DQ,Mezdoor insan nahi hoty bro so chill,yes,none,na,none,Mezdoor/urdu insan/urdu nahi/urdu hoty/urdu bro/english so/english chill/english
FH8OUP2_sN4,Daky bhindi plz. karachi boys .ko permot kr da,no,none,na,none,Daky/urdu bhindi/urdu plz./english karachi/urdu boys/english .ko/urdu permot/urdu kr/urdu da/urdu
IMnXqYDHhZI,Most welcome bhai nd bhabhi contact zurur Krna,no,none,na,joy,Most/english welcome/english bhai/urdu nd/english bhabhi/urdu contact/english zurur/urdu Krna/urdu
eY0i4nBXqdY,2 nafil k liye masjid e ayesha jana zarori nhi kyu k aap bahar se makkah ae. Agar aap makkah k under ho to phir aap ko ayesha masjid ja k niyyat krni hoti hai. Papa ko ana chhaiye tha . Akele bhej diya larkio ko aik anjaan admi k sath.,no,offensive,na,anger,urdu/ambiguous urdu/urdu urdu/urdu urdu/urdu urdu/urdu urdu/urdu urdu/urdu urdu/urdu urdu/urdu urdu/urdu urdu/urdu urdu/urdu urdu/urdu urdu/urdu urdu/urdu urdu/urdu urdu/urdu urdu/urdu urdu/urdu urdu/urdu urdu/urdu urdu/urdu urdu/urdu urdu/urdu urdu/urdu urdu/urdu urdu/urdu urdu/urdu urdu/urdu urdu/urdu urdu/urdu urdu/urdu urdu/urdu urdu/urdu urdu/urdu urdu/urdu urdu/urdu urdu/urdu urdu/urdu urdu/urdu urdu/urdu urdu/urdu urdu/urdu urdu/urdu urdu/urdu urdu/urdu
zfjRK9s0pjA,Chhoti kaki ka face real kar do,yes,offensive,na,anger,Chhoti/urdu kaki/urdu ka/urdu face/english real/english kar/urdu do/urdu
BaMLBWWvNHA,Dogi 😂😂😂papa  Rajab ko give Bolta hian 😂😂😂😂😂😂bonda,yes,none,na,joy,Dogi/urdu 😂😂😂papa/ambiguous Rajab/urdu ko/urdu give/english Bolta/urdu hian/urdu 😂😂😂😂😂😂bonda/ambiguous
eY0i4nBXqdY,Aapko bahut bahut Mubarak aap Dua karoge na Sona hamen bhi umra ke liye bulae kyunki Maine Nahin kabhi business class kar sakte ya nahin dusre plane ka❤❤❤❤❤❤,no,none,na,joy,Aapko/urdu bahut/urdu bahut/urdu Mubarak/urdu aap/urdu Dua/urdu karoge/urdu na/urdu Sona/urdu hamen/urdu bhi/urdu umra/urdu ke/urdu liye/urdu bulae/urdu kyunki/urdu Maine/urdu Nahin/urdu kabhi/urdu business/english class/english kar/urdu sakte/urdu ya/urdu nahin/urdu dusre/urdu plane/english ka/urdu
-w7eMfsuRgA,"By the shahbaz sb field Marshall ka aap apn e abu jesa protocol kyon dete ho hamisha sath ""tamgh e ahzaz military"" kyon lagate ho 🤔",yes,none,na,anger|surprise,By/english the/english shahbaz/urdu sb/english field/english Marshall/english ka/urdu aap/urdu apn/urdu e/urdu abu/urdu jesa/urdu protocol/english kyon/urdu dete/urdu ho/urdu hamisha/urdu sath/urdu tamgh/urdu e/urdu ahzaz/urdu military/english kyon/urdu lagate/urdu ho/urdu 🤔/ambiguous
IMnXqYDHhZI,Apni beti kpra guta muj da do chota jaow ni panti api q ap kpra newo ha chlo Mari Kam AA Jai ga,no,none,na,anger,Apni/urdu beti/urdu kpra/urdu guta/urdu muj/urdu da/urdu do/urdu chota/urdu jaow/urdu ni/urdu panti/urdu api/urdu q/ambiguous ap/urdu kpra/urdu newo/urdu ha/urdu chlo/urdu Mari/urdu Kam/urdu AA/urdu Jai/urdu ga/urdu
WJxfQWiP9DQ,Allah he hai k imran khan ab bahir aaye,yes,none,na,none,Allah/urdu he/english hai/urdu k/urdu imran/urdu khan/urdu ab/urdu bahir/urdu aaye/urdu
BaMLBWWvNHA,"Rajab ap ka Baal ha koti ka bacha
😊😊😊😊😊😊😊😊😊😊😊😊😊",yes,offensive,na,joy,Rajab/urdu ap/urdu ka/urdu Baal/urdu ha/urdu koti/urdu ka/urdu bacha/urdu 😊/ambiguous
BaMLBWWvNHA,Masala bus view Ka ha bhai g 😅😅😅🎉,yes,none,na,joy|surprise,Masala/urdu bus/english view/english Ka/urdu ha/urdu bhai/urdu g/urdu 😅😅😅🎉/ambiguous
nqbNLe84dpM,"34:08 be like zanaib 
    just like dodh ka charhawa on nagin 😁",yes,none,na,joy,ambiguous/ambiguous be/english like/english zanaib/urdu just/english like/english dodh/urdu ka/urdu charhawa/urdu on/english nagin/urdu 😁/ambiguous
BmpRnfu16YA,Padmawati aapko Ghar to Nahin achcha Laga vaise aap ghar kab lenge,yes,none,na,anger,Padmawati/ambiguous aapko/urdu Ghar/urdu to/urdu Nahin/urdu achcha/urdu Laga/urdu vaise/urdu aap/urdu ghar/urdu kab/urdu lenge/urdu
WJxfQWiP9DQ,5 August PTI ka jo long March hai yah unse dare hue hain,no,none,na,fear,5/ambiguous August/english PTI/ambiguous ka/urdu jo/urdu long/english March/english hai/urdu yah/urdu unse/urdu dare/urdu hue/urdu hain/urdu
nqbNLe84dpM,Bhi Ghar walon ka hass hass my bura Haal hy😂😂😂,yes,none,na,joy,Bhi/urdu Ghar/urdu walon/urdu ka/urdu hass/urdu hass/urdu my/english bura/urdu Haal/urdu hy/urdu
hhFGhAo4ZfY,After long time ap ko dekh kr Khushi hui,no,none,na,joy|surprise,After/english long/english time/english ap/urdu ko/urdu dekh/urdu kr/urdu Khushi/urdu hui/urdu
zfjRK9s0pjA,Happy birthday kivan 🎉❤🎉❤🎉 allah ap ko hamsha khush rakhay ameen agian happy birthday 🎉🎉🎉🎉❤🎉❤,no,none,na,joy,Happy/english birthday/english kivan/ambiguous 🎉❤🎉❤🎉/ambiguous allah/urdu ap/urdu ko/urdu hamsha/urdu khush/urdu rakhay/urdu ameen/urdu agian/urdu happy/english birthday/english 🎉🎉🎉🎉❤🎉❤/ambiguous
N-0DINjOMlY,Malaysia ka weather aisa he ha bhaiii,no,none,na,none,Malaysia/english ka/urdu weather/english aisa/urdu he/urdu ha/urdu bhaiii/urdu
VUKai4CZSNw,Thanks ducky bhai army for 117 subscribers ❤🎉 keep supporting,no,none,na,joy,Thanks/english ducky/english bhai/urdu army/english for/english 117/ambiguous subscribers/english ❤🎉/ambiguous keep/english supporting/english
zXAAAXogJ78,Bohat dair baad vlog daikha Maza aya challenge ka 😂😂😂😂,no,none,na,joy|surprise,Bohat/urdu dair/urdu baad/urdu vlog/english daikha/urdu Maza/urdu aya/urdu challenge/english ka/urdu 😂😂😂😂/ambiguous
UiYpRBQ74fs,8:30 wo wardat bareek nahi thi vese imran bhai😢,no,none,na,sadness,english/ambiguous urdu/urdu urdu/urdu urdu/urdu urdu/urdu urdu/urdu urdu/urdu urdu/urdu urdu/urdu
BljaIOvFkcM,Bazyab ho gy aen mushtaaq sab aj...,yes,none,na,sadness,Bazyab/urdu ho/urdu gy/urdu aen/urdu mushtaaq/urdu sab/urdu aj/urdu
UiYpRBQ74fs,"AOA  Imran Bhai hum aap ka vlogs bht mazy se suntay hn .har baat baray zabardast Andaz se aap karty hn..n JB kesi SE baat Karon Tu aap Ka Hawley detay hn.laqin aap k is vlog mn altaf Hussain k baray mn baat hui .or waqi log manty b thy .laqin ma ne apni ankon se dekha k kya zulam  wah Nahi kya .boring mn bnd lashain Punjabi or mahjir k,Kabhi pathan or mahjir k dermean mn khoni fasad karna .bhata  wasoli  .Punjabi k ghar jalana,larko ko utha k ly Jana or cheeray lagana .zabardasti Apne jalson  mn ghar se utha k ly jana.na Jane ki surat mn Jan se marnay ki dhamki dena .or is KO bhi nawaz sharif shb khud England k lya airport pe Chor k aye thy..is ki wajha SE kitnay Gharon   mn Punjabi mahjir  ki wajha se talqen ho gayen. Ya us waqat Ka Pakistani modi tha.allah Pak Imran Bhai aap ko salamat rakhy .bahen tu apne Bhai k lya yahi dua kar sakti ha .",no,hate,misinfo,anger|sadness,urdu/urdu urdu/urdu urdu/urdu urdu/urdu urdu/urdu urdu/urdu urdu/urdu urdu/urdu urdu/urdu urdu/urdu urdu/urdu urdu/urdu urdu/urdu urdu/urdu urdu/urdu urdu/urdu urdu/urdu urdu/urdu urdu/urdu urdu/urdu urdu/urdu urdu/urdu urdu/urdu urdu/urdu urdu/urdu urdu/urdu urdu/urdu urdu/urdu urdu/urdu urdu/urdu urdu/urdu urdu/urdu urdu/urdu urdu/urdu urdu/urdu urdu/urdu urdu/urdu urdu/urdu urdu/urdu urdu/urdu urdu/urdu urdu/urdu urdu/urdu urdu/urdu urdu/urdu urdu/urdu urdu/urdu urdu/urdu urdu/urdu urdu/urdu urdu/urdu urdu/urdu urdu/urdu urdu/urdu urdu/urdu urdu/urdu urdu/urdu urdu/urdu urdu/urdu urdu/urdu urdu/urdu urdu/urdu urdu/urdu urdu/urdu urdu/urdu urdu/urdu urdu/urdu urdu/urdu urdu/urdu urdu/urdu urdu/urdu urdu/urdu urdu/urdu urdu/urdu urdu/urdu urdu/urdu urdu/urdu urdu/urdu urdu/urdu urdu/urdu urdu/urdu urdu/urdu urdu/urdu urdu/urdu urdu/urdu urdu/urdu urdu/urdu urdu/urdu urdu/urdu urdu/urdu urdu/urdu urdu/urdu urdu/urdu urdu/urdu urdu/urdu urdu/urdu urdu/urdu urdu/urdu urdu/urdu urdu/urdu urdu/urdu urdu/urdu urdu/urdu urdu/urdu urdu/urdu urdu/urdu urdu/urdu urdu/urdu urdu/urdu urdu/urdu urdu/urdu urdu/urdu urdu/urdu urdu/urdu urdu/urdu urdu/urdu urdu/urdu urdu/urdu urdu/urdu urdu/urdu urdu/urdu urdu/urdu urdu/urdu urdu/urdu urdu/urdu urdu/urdu urdu/urdu urdu/urdu urdu/urdu urdu/urdu urdu/urdu urdu/urdu urdu/urdu urdu/urdu urdu/urdu urdu/urdu urdu/urdu urdu/urdu urdu/urdu urdu/urdu urdu/urdu urdu/urdu urdu/urdu urdu/urdu urdu/urdu urdu/urdu urdu/urdu urdu/urdu urdu/urdu urdu/urdu urdu/urdu urdu/urdu urdu/urdu urdu/urdu urdu/urdu urdu/urdu urdu/urdu urdu/urdu urdu/urdu urdu/urdu urdu/urdu urdu/urdu urdu/urdu urdu/urdu urdu/urdu urdu/urdu urdu/urdu urdu/urdu
N-0DINjOMlY,Zulqarnain bhai I am your big and crazy fan plz reply me ❤❤,no,none,na,joy,Zulqarnain/urdu bhai/urdu I/english am/english your/english big/english and/english crazy/english fan/english plz/english reply/english me/english ❤❤/ambiguous
UiYpRBQ74fs,kashmiri hamary bhai hain kisi k bap ki jageer nhi. in k sath zulm band kia jay. khuda ka wasta h,no,offensive,na,anger,kashmiri/urdu hamary/urdu bhai/urdu hain/urdu kisi/urdu k/urdu bap/urdu ki/urdu jageer/urdu nhi/urdu in/urdu k/urdu sath/urdu zulm/urdu band/urdu kia/urdu jay/urdu khuda/urdu ka/urdu wasta/urdu h/urdu
BmpRnfu16YA,Haya ne gas wale pipe se kapra utara he or Jeb me rkh Liya at 7:00 to 7:05,no,none,na,none,Haya/ambiguous ne/urdu gas/english wale/urdu pipe/english se/urdu kapra/urdu utara/urdu he/urdu or/english Jeb/urdu me/urdu rkh/urdu Liya/urdu at/english 7:00/ambiguous to/english 7:05/ambiguous
VUKai4CZSNw,Nobita ka house dikhao,no,none,na,none,Nobita/ambiguous ka/urdu house/english dikhao/urdu
EyrNOfyxSBQ,Tum logo ko tu ghairat kabhi aai hi hai sakti.,yes,offensive,na,anger,Tum/urdu logo/urdu ko/urdu tu/urdu ghairat/urdu kabhi/urdu aai/urdu hi/urdu hai/urdu sakti/urdu
-w7eMfsuRgA,"Dr Gill, kia aapko nahi lagta Pakistan Army itni bewaqoof tu nahi ke kashmir mein jo ho raha hai wo karey ????? Kiya ye koi sazissh tu nahi ?  Kia Pakistan Genreals ne endurooni torr pe decide kr liya hai Occupied Kashmir ko khamoshi se India ko denay ka ?? Or ye decide kr liya hai ke Occupied Kashnir India ka or azad kashmir pakistan ka or sab bhool jein ?  tu iske liye Azad kashmir me ye zulm Goli chalaai ja rahi hai ?",yes,offensive,na,anger|fear,english/english urdu/urdu urdu/urdu urdu/urdu urdu/urdu urdu/urdu english/english english/english urdu/urdu urdu/urdu urdu/urdu urdu/urdu urdu/urdu urdu/urdu urdu/urdu urdu/urdu urdu/urdu urdu/urdu urdu/urdu urdu/urdu ambiguous/ambiguous urdu/urdu urdu/urdu urdu/urdu urdu/urdu urdu/urdu urdu/urdu urdu/urdu ambiguous/ambiguous urdu/urdu english/english urdu/urdu urdu/urdu urdu/urdu urdu/urdu urdu/urdu urdu/urdu urdu/urdu urdu/urdu english/english english/english urdu/urdu urdu/urdu urdu/urdu urdu/urdu english/english urdu/urdu urdu/urdu urdu/urdu urdu/urdu urdu/urdu urdu/urdu urdu/urdu urdu/urdu urdu/urdu urdu/urdu urdu/urdu urdu/urdu urdu/urdu urdu/urdu urdu/urdu urdu/urdu urdu/urdu urdu/urdu urdu/urdu urdu/urdu urdu/urdu urdu/urdu urdu/urdu urdu/urdu urdu/urdu urdu/urdu urdu/urdu urdu/urdu urdu/urdu urdu/urdu urdu/urdu urdu/urdu urdu/urdu urdu/urdu
IMnXqYDHhZI,Kanwal g ap yeah naak wali nath otar den kyun yeah Naath humhray Gaon may janwron ko Dali jati hai 😊,yes,none,na,joy,Kanwal/urdu g/urdu ap/urdu yeah/ambiguous naak/urdu wali/urdu nath/urdu otar/urdu den/urdu kyun/urdu yeah/ambiguous Naath/urdu humhray/urdu Gaon/urdu may/urdu janwron/urdu ko/urdu Dali/urdu jati/urdu hai/urdu 😊/ambiguous
gvG35CxYOLg,😊ap ki koi sister ha safya name ki hamare school mien perti ha or kehti ha ke shaveer ki behn hu,no,none,na,joy,ambiguous/ambiguous urdu/urdu urdu/urdu english/english urdu/urdu english/english urdu/urdu urdu/urdu urdu/urdu urdu/urdu urdu/urdu urdu/urdu urdu/urdu urdu/urdu urdu/urdu urdu/urdu english/english urdu/urdu urdu/urdu urdu/urdu
nqbNLe84dpM,Iqra  ape ap sisterloge home ma na ho to sisterloge home Khali lagta hai,no,none,na,joy,Iqra/ambiguous ape/urdu ap/urdu sisterloge/english home/english ma/urdu na/urdu ho/urdu to/urdu sisterloge/english home/english Khali/urdu lagta/urdu hai/urdu
HeZ2VBdJeOk,Hamary in 4 kashmiriyu ko ager establishment nay kuch be kiya to yaad rakhay pakistan ki establishment ko kahi ka nahi choray gay kashmiri .awami action committee kay yah bahi aapnay kashmiriyu kay saat un kay huq kay liya kharay hai aur awam ki marzi say ager awam in kay saat na hoti to aj rawalakot may pura kashmir in kay saat khara na hota hum bar bar is establishment kay zahni mareez ko samja rahay hai kashmiri sirf aapnay huq kay liya niklay hai un ki sunay na kay un par goli chalahay jis ka natija bohat bura hu ga .kashmiri koi panjabi nahi jo  goli kay dar say gharu may chup kar beth jahay gay kashmiri shahaadatu say darty nahi,no,offensive,na,anger,Hamary/urdu in/english 4/english kashmiriyu/urdu ko/urdu ager/urdu establishment/english nay/urdu kuch/urdu be/urdu kiya/urdu to/urdu yaad/urdu rakhay/urdu pakistan/urdu ki/urdu establishment/english ko/urdu kahi/urdu ka/urdu nahi/urdu choray/urdu gay/urdu kashmiri/urdu .awami/urdu action/english committee/english kay/urdu yah/urdu bahi/urdu aapnay/urdu kashmiriyu/urdu kay/urdu saat/urdu un/urdu kay/urdu huq/urdu kay/urdu liya/urdu kharay/urdu hai/urdu aur/urdu awam/urdu ki/urdu marzi/urdu say/urdu ager/urdu awam/urdu in/english kay/urdu saat/urdu na/urdu hoti/urdu to/urdu aj/urdu rawalakot/urdu may/urdu pura/urdu kashmir/urdu in/english kay/urdu saat/urdu khara/urdu na/urdu hota/urdu hum/urdu bar/urdu bar/urdu is/english establishment/english kay/urdu zahni/urdu mareez/urdu ko/urdu samja/urdu rahay/urdu hai/urdu kashmiri/urdu sirf/urdu aapnay/urdu huq/urdu kay/urdu liya/urdu niklay/urdu hai/urdu un/urdu ki/urdu sunay/urdu na/urdu kay/urdu un/urdu par/urdu goli/urdu chalahay/urdu jis/urdu ka/urdu natija/urdu bohat/urdu bura/urdu hu/urdu ga/urdu .kashmiri/urdu koi/urdu panjabi/urdu nahi/urdu jo/urdu goli/urdu kay/urdu dar/urdu say/urdu gharu/urdu may/urdu chup/urdu kar/urdu beth/urdu jahay/urdu gay/urdu kashmiri/urdu shahaadatu/urdu say/urdu darty/urdu nahi/urdu
-w7eMfsuRgA,Love you gil shaab allha salmat rakhe aap ko,no,none,na,joy,Love/english you/english gil/urdu shaab/urdu allha/urdu salmat/urdu rakhe/urdu aap/urdu ko/urdu
UiYpRBQ74fs,"RANGERS KA EHELKAR OR ""SHAHEED"" ❓️❓️❓️❓️❓️ARE YOU SURE ❓️❓️❓️❓️",yes,none,na,anger|surprise,RANGERS/ambiguous KA/urdu EHELKAR/urdu OR/english SHAHEED/urdu ARE/english YOU/english SURE/english ❓️❓️❓️❓️/ambiguous
zfjRK9s0pjA,Allah aapki beti ke naseeb acche Karen aur aapko lambi jindagi de 😊😊❤❤ aur ikra aapko sehat de aamin sumameen ❤❤,no,none,na,joy,Allah/urdu aapki/urdu beti/urdu ke/urdu naseeb/urdu acche/urdu Karen/urdu aur/urdu aapko/urdu lambi/urdu jindagi/urdu de/urdu 😊😊❤❤/ambiguous aur/urdu ikra/urdu aapko/urdu sehat/urdu de/urdu aamin/urdu sumameen/urdu ❤❤/ambiguous
FH8OUP2_sN4,Ap k vlog bhot achy hain,no,none,na,joy,Ap/urdu k/urdu vlog/english bhot/urdu achy/urdu hain/urdu
nqbNLe84dpM,Iqra API ap bhi Jolo chip kha,yes,none,na,joy,Iqra/ambiguous API/english ap/urdu bhi/urdu Jolo/ambiguous chip/urdu kha/urdu
eY0i4nBXqdY,API Ap ko chuna lag gay hai 300 riyal is very much us ko maximum 150 riyal Lana Chaiya tha,no,none,na,anger,API/ambiguous Ap/urdu ko/urdu chuna/urdu lag/urdu gay/urdu hai/urdu 300/ambiguous riyal/urdu is/english very/english much/english us/urdu ko/urdu maximum/english 150/ambiguous riyal/urdu Lana/urdu Chaiya/urdu tha/urdu
zfjRK9s0pjA,Allah Tala aapko shifa Ada farmaye Ham to Ham to bahan ke liye dawai kaise,no,none,na,sadness,Allah/urdu Tala/urdu aapko/urdu shifa/urdu Ada/urdu farmaye/urdu Ham/urdu to/urdu Ham/urdu to/urdu bahan/urdu ke/urdu liye/urdu dawai/urdu kaise/urdu
BaMLBWWvNHA,Khud k 3 million followers us k 9 million and ur saying he got fame through you ?? In his vlogs u were dying to come in his vlogs and ur saying this all wow guys I must say,yes,offensive,na,anger|surprise,Khud/urdu k/urdu 3/ambiguous million/english followers/english us/urdu k/urdu 9/ambiguous million/english and/english ur/english saying/english he/english got/english fame/english through/english you/english ?/ambiguous In/english his/english vlogs/english u/english were/english dying/english to/english come/english in/english his/english vlogs/english and/english ur/english saying/english this/english all/english wow/english guys/english I/english must/english say/english
IMnXqYDHhZI,Iqra kanwal ki collection achi,no,none,na,joy,urdu/ambiguous urdu/ambiguous urdu/ambiguous english/english urdu/urdu
nqbNLe84dpM,yr reel bnai phone wallpaper ki sb ke,yes,none,na,joy,yr/urdu reel/english bnai/urdu phone/english wallpaper/english ki/urdu sb/urdu ke/urdu
BaMLBWWvNHA,Us ne toh naam e nh lya tha.... Tum ne khd e accept kr lya kis qabil ho.. apni viewer Ship dkh loh phle videos ki.... Us ka muqabbla krna tmhare bas ki baat nh,yes,offensive,na,anger,Us/urdu ne/urdu toh/urdu naam/urdu e/urdu nh/urdu lya/urdu tha/urdu Tum/urdu ne/urdu khd/urdu e/urdu accept/english kr/urdu lya/urdu kis/urdu qabil/urdu ho/urdu apni/urdu viewer/english Ship/english dkh/urdu loh/urdu phle/urdu videos/english ki/urdu Us/urdu ka/urdu muqabbla/urdu krna/urdu tmhare/urdu bas/urdu ki/urdu baat/urdu nh/urdu
8ksTrbtyTco,Shahveer ko to cid main hona chaiya tha😂😂,yes,none,na,joy,Shahveer/ambiguous ko/urdu to/urdu cid/english main/urdu hona/urdu chaiya/urdu tha/urdu
IMnXqYDHhZI,Nice sharing kanwal👍 boht enjoy kiya aj ap ky vlog ko❤ Stay blessed be happy with your family Aameen ❤,no,none,na,joy,Nice/english sharing/english kanwal/ambiguous boht/urdu enjoy/english kiya/urdu aj/urdu ap/urdu ky/urdu vlog/english ko/urdu Stay/english blessed/english be/english happy/english with/english your/english family/english Aameen/urdu ❤/ambiguous
nqbNLe84dpM,New House lena chayiya areeb bhai ko,yes,none,na,joy,New/english House/english lena/urdu chayiya/urdu areeb/urdu bhai/urdu ko/urdu
BaMLBWWvNHA,"yalla r so proud as if they all r sane ? trust me even zulqr shows his fam for money , ya sab paise ky bhooky hain. its the whole pak fam vloggers sh they r shitty . i dont watch vlogs i wonder kon he itna vallea ho ga jo dusron ke life dekhe and enjoy kre. anyone who reads this im not insulting but yall need to get a life. bed py par ke aise logon ko dekh ky and comment kr ky ap ky masle haal nahi hote . btw apna time waste krna beh ghalat hai allah sent u on earth to do something not to watch kisi ke zindgi and sarte rho. im so pissed how this guy and other pak fam vloggers r so stupid to show their daily life(GUYS IN SAB KE LIFE SCRIPTED HOTI HAI DONT COMPARE URSELF ) STOP GIVING THEM VIEWS AND WORK ON UR SELF",yes,offensive,na,anger,urdu/ambiguous english/ambiguous english/ambiguous english/ambiguous english/ambiguous english/ambiguous english/ambiguous english/ambiguous english/ambiguous english/ambiguous english/ambiguous english/ambiguous english/ambiguous english/ambiguous urdu/ambiguous english/ambiguous english/ambiguous english/ambiguous english/ambiguous english/ambiguous english/ambiguous urdu/ambiguous urdu/ambiguous urdu/ambiguous urdu/ambiguous urdu/ambiguous urdu/ambiguous english/ambiguous english/ambiguous english/ambiguous urdu/ambiguous english/ambiguous english/ambiguous english/ambiguous english/ambiguous english/ambiguous english/ambiguous english/ambiguous english/ambiguous english/ambiguous english/ambiguous english/ambiguous urdu/ambiguous english/ambiguous urdu/ambiguous english/ambiguous urdu/ambiguous urdu/ambiguous english/ambiguous english/ambiguous english/ambiguous english/ambiguous english/ambiguous english/ambiguous english/ambiguous english/ambiguous english/ambiguous english/ambiguous english/ambiguous english/ambiguous urdu/ambiguous english/ambiguous urdu/ambiguous english/ambiguous urdu/ambiguous english/ambiguous urdu/ambiguous urdu/ambiguous english/ambiguous english/ambiguous english/ambiguous english/ambiguous english/ambiguous english/ambiguous english/ambiguous english/ambiguous english/ambiguous english/ambiguous english/ambiguous english/ambiguous english/ambiguous english/ambiguous english/ambiguous english/ambiguous english/ambiguous english/ambiguous english/ambiguous english/ambiguous english/ambiguous english/ambiguous english/ambiguous english/ambiguous english/ambiguous urdu/ambiguous english/ambiguous urdu/ambiguous english/ambiguous english/ambiguous english/ambiguous english/ambiguous english/ambiguous english/ambiguous english/ambiguous english/ambiguous english/ambiguous english/ambiguous english/ambiguous english/ambiguous english/ambiguous english/ambiguous english/ambiguous english/ambiguous english/ambiguous english/ambiguous english/ambiguous english/ambiguous english/ambiguous english/ambiguous english/ambiguous english/ambiguous english/ambiguous english/ambiguous english/ambiguous english/ambiguous english/ambiguous english/ambiguous english/ambiguous english/ambiguous english/ambiguous english/ambiguous english/ambiguous english/ambiguous english/ambiguous english/ambiguous english/ambiguous english/ambiguous english/ambiguous english/ambiguous
8ksTrbtyTco,yaaaaaaaar shahveer ki bachi zyada pyari lag rahi hay 😍🥰 personality b buht achi hay,no,none,na,joy,yaaaaaaaar/urdu shahveer/urdu ki/urdu bachi/urdu zyada/urdu pyari/urdu lag/urdu rahi/urdu hay/urdu 😍🥰/ambiguous personality/english b/urdu buht/urdu achi/urdu hay/urdu
Erif7Vj9NSQ,Black ka Pyar Kaisa lagega,yes,none,na,none,Black/english ka/urdu Pyar/urdu Kaisa/urdu lagega/urdu
UiYpRBQ74fs,"Bilawal pehlay 
a. yeh Faiysla karey kay woh Bhutto hai yaa Zardari. b. URDU to bolna seekh lay.",yes,offensive,na,anger,Bilawal/ambiguous pehlay/urdu a./english yeh/urdu Faiysla/urdu karey/urdu kay/urdu woh/urdu Bhutto/ambiguous hai/urdu yaa/urdu Zardari./ambiguous b./english URDU/english to/urdu bolna/urdu seekh/urdu lay/urdu
EyrNOfyxSBQ,"rabia api ap ny both achi banayi h Allah ap ko both zayada kamyab kary 
(𝔸𝕞𝕞𝕖𝕟)❤❤",no,none,na,joy,rabia/urdu api/urdu ap/urdu ny/urdu both/english achi/urdu banayi/urdu h/urdu Allah/urdu ap/urdu ko/urdu both/english zayada/urdu kamyab/urdu kary/urdu (𝔸𝕞𝕞𝕖𝕟)/english ❤❤/ambiguous
EyrNOfyxSBQ,Kia matlab kuch bi acting he ni karni ati Rabia ko to😊,yes,offensive,na,joy,Kia/urdu matlab/urdu kuch/urdu bi/urdu acting/english he/urdu ni/urdu karni/urdu ati/urdu Rabia/ambiguous ko/urdu to/urdu
UiYpRBQ74fs,Sir forse phir sy pti walo ko utha Rahi he,yes,offensive,na,anger,Sir/english forse/urdu phir/urdu sy/urdu pti/urdu walo/urdu ko/urdu utha/urdu Rahi/urdu he/urdu
4k0ZV0UFZSw,Parleeman kab ki srandar kar cuhooki,yes,none,na,anger,Parleeman/urdu kab/urdu ki/urdu srandar/ambiguous kar/urdu cuhooki/ambiguous
FH8OUP2_sN4,Ducky bhai please give me cheap iphone 🥺,yes,none,na,joy,Ducky/ambiguous bhai/urdu please/english give/english me/english cheap/english iphone/english 🥺/ambiguous
BmpRnfu16YA,Mashallah boht acha home tour ha Allah pak sab ko aisa ghr naseeb. Kry Ameen,no,none,na,joy,Mashallah/urdu boht/urdu acha/urdu home/english tour/english ha/urdu Allah/urdu pak/urdu sab/urdu ko/urdu aisa/urdu ghr/urdu naseeb/urdu Kry/urdu Ameen/urdu
WJxfQWiP9DQ,Allah pak mery Kashmir k logoon ki hifazat fermay ameen,no,none,na,none,Allah/ambiguous pak/urdu mery/urdu Kashmir/ambiguous k/urdu logoon/urdu ki/urdu hifazat/urdu fermay/urdu ameen/urdu
HeZ2VBdJeOk,"Ye Pakistan ka kia defag karega ,?",yes,none,na,anger,"Ye/urdu Pakistan/urdu ka/urdu kia/urdu defag/english karega/urdu ,?/ambiguous"
XHQrr9fmTkc,Mama ka room tour,no,none,na,none,Mama/urdu ka/urdu room/english tour/english
EyrNOfyxSBQ,Ye jo red shirt waly larky ny phone pr ai video Kay liye video dekhi na you tube pr ye mane b dekhii ha 😂🤣🤣🤣,yes,none,na,joy|surprise,Ye/urdu jo/urdu red/english shirt/english waly/urdu larky/urdu ny/urdu phone/english pr/urdu ai/urdu video/english Kay/urdu liye/urdu video/english dekhi/urdu na/urdu you/english tube/english pr/urdu ye/urdu mane/urdu b/urdu dekhii/urdu ha/urdu 😂🤣🤣🤣/ambiguous
FH8OUP2_sN4,yeh howa bhi ameer kisi ko degrade kar k hai sham idress bhai zindabad,yes,offensive,na,anger,yeh/urdu howa/urdu bhi/urdu ameer/urdu kisi/urdu ko/urdu degrade/english kar/urdu k/urdu hai/urdu sham/ambiguous idress/ambiguous bhai/urdu zindabad/urdu
WJxfQWiP9DQ,Sir g asim ne pop corn k paise nhe chore humain roti mil jaye wohi buhat😊,yes,none,na,joy,Sir/english g/urdu asim/ambiguous ne/urdu pop/english corn/english k/urdu paise/urdu nhe/urdu chore/urdu humain/urdu roti/urdu mil/urdu jaye/urdu wohi/urdu buhat/urdu
8ksTrbtyTco,Nestle and Carrefour dono boycott list mai hai or phir instagram pai posts b lagani hai palestinians k liye very SAD.,yes,none,na,sadness|anger,Nestle/english and/english Carrefour/english dono/urdu boycott/english list/english mai/urdu hai/urdu or/urdu phir/urdu instagram/english pai/urdu posts/english b/urdu lagani/urdu hai/urdu palestinians/english k/urdu liye/urdu very/english SAD/english
IMnXqYDHhZI,Ab Dil ni krta dekhny ko,yes,none,na,sadness,Ab/urdu Dil/urdu ni/urdu krta/urdu dekhny/urdu ko/urdu
VUKai4CZSNw,YouTube ka dalaa Aya,yes,none,na,surprise,YouTube/english ka/urdu dalaa/urdu Aya/urdu
BmpRnfu16YA,Mari Jan zainb ko kachra na kaho,no,offensive,na,anger,Mari/urdu Jan/urdu zainb/urdu ko/urdu kachra/urdu na/urdu kaho/urdu
BljaIOvFkcM,Gulam Kom Ka koi mustaqbel Nahi hota jago awam Imran khan pher Nahi Mela ga 😭😭🤲🤲😭🤲,yes,none,na,anger|sadness,Gulam/urdu Kom/ambiguous Ka/urdu koi/urdu mustaqbel/urdu Nahi/urdu hota/urdu jago/urdu awam/urdu Imran/urdu khan/urdu pher/urdu Nahi/urdu Mela/urdu ga/urdu
FH8OUP2_sN4,Aik yuan 40 k ais vlog ma 3000 yuan ke shopping ke hai 118804  rs ke 20 lac kaise banye  Kamal hai,yes,none,na,surprise|anger,Aik/urdu yuan/english 40/english k/urdu ais/urdu vlog/english ma/urdu 3000/english yuan/english ke/urdu shopping/english ke/urdu hai/urdu 118804/english rs/urdu ke/urdu 20/english lac/urdu kaise/urdu banye/urdu Kamal/urdu hai/urdu
BaMLBWWvNHA,"Views Ka chakra ha go 
Haha Rajab haha views 😅",yes,none,na,joy,Views/english Ka/urdu chakra/urdu ha/urdu go/urdu Haha/english Rajab/urdu haha/english views/english 😅/ambiguous
nqbNLe84dpM,Api apny KPK kab ana hai mujhy ap bhut achi lagati han main larki hun iqar api ❤,no,none,na,joy,Api/urdu apny/urdu KPK/english kab/urdu ana/urdu hai/urdu mujhy/urdu ap/urdu bhut/urdu achi/urdu lagati/urdu han/urdu main/urdu larki/urdu hun/urdu iqar/urdu api/urdu ❤/ambiguous
IMnXqYDHhZI,Kanwal api bht acha krti ho vlog week ma 2 bar arur ain vlog ma,no,none,na,joy,Kanwal/ambiguous api/urdu bht/urdu acha/urdu krti/urdu ho/urdu vlog/english week/english ma/urdu 2/english bar/urdu arur/urdu ain/urdu vlog/english ma/urdu
hhFGhAo4ZfY,Ap cheating karte ho har game ma,no,offensive,na,anger,Ap/urdu cheating/english karte/urdu ho/urdu har/urdu game/english ma/urdu
PKFU1F2QEMQ,Ma Sha Allah ❤❤ Ap bht pyara bolti hain Allah pak ap k naseeb achy kry hamisha khush rakhy.Ameen❤,no,none,na,joy,urdu/urdu urdu/urdu urdu/urdu ambiguous/ambiguous urdu/urdu urdu/urdu urdu/urdu urdu/urdu urdu/urdu urdu/urdu urdu/urdu urdu/urdu urdu/urdu urdu/urdu urdu/urdu urdu/urdu urdu/urdu urdu/urdu urdu/urdu
XHQrr9fmTkc,Hero attitude mein karya insanon ki Tarah Fatima kar😂😂😂,yes,none,na,joy,Hero/english attitude/english mein/urdu karya/urdu insanon/urdu ki/urdu Tarah/urdu Fatima/urdu kar/urdu
IMnXqYDHhZI,Mey likti rho gee hum sab plz is pr koi aktion lo hamarey mulvi sahab  ab kaha hai ab ye baat pr koi fatwa nhi hai mashAllah mey Allah jee ka naam bhi ata hai kal ke vlog mey sab se maafi maango apni tareefey bandh kro maafi mango ALLAHtalah se r hum sab musalmano se,yes,offensive,na,anger|surprise,Mey/urdu likti/urdu rho/urdu gee/urdu hum/urdu sab/urdu plz/english is/urdu pr/urdu koi/urdu aktion/english lo/urdu hamarey/urdu mulvi/urdu sahab/urdu ab/urdu kaha/urdu hai/urdu ab/urdu ye/urdu baat/urdu pr/urdu koi/urdu fatwa/urdu nhi/urdu hai/urdu mashAllah/urdu mey/urdu Allah/urdu jee/urdu ka/urdu naam/urdu bhi/urdu ata/urdu hai/urdu kal/urdu ke/urdu vlog/english mey/urdu sab/urdu se/urdu maafi/urdu maango/urdu apni/urdu tareefey/urdu bandh/urdu kro/urdu maafi/urdu mango/urdu ALLAHtalah/urdu se/urdu r/english hum/urdu sab/urdu musalmano/urdu se/urdu
WJxfQWiP9DQ,Ya 35 log nee ya 35 khandan hain.. Allah saab ke liyee asani kree,no,none,na,sadness,Ya/urdu 35/ambiguous log/urdu nee/urdu ya/urdu 35/ambiguous khandan/urdu hain/urdu Allah/urdu saab/urdu ke/urdu liyee/urdu asani/urdu kree/urdu
nqbNLe84dpM,Iqra abhi aap apni Beti dikhayen😊😊😊😊😊 please please apni beti dikha de,no,none,na,joy,Iqra/urdu abhi/urdu aap/urdu apni/urdu Beti/urdu dikhayen/urdu please/english please/english apni/urdu beti/urdu dikha/urdu de/urdu
8ksTrbtyTco,Ayesha ko pasta aur noodles k ilawa kuch bnana ata b nai ha. hmy pagal bna re yh challenge kra k.,yes,offensive,na,anger,Ayesha/ambiguous ko/urdu pasta/english aur/urdu noodles/english k/urdu ilawa/urdu kuch/urdu bnana/urdu ata/urdu b/urdu nai/urdu ha/urdu hmy/urdu pagal/urdu bna/urdu re/urdu yh/urdu challenge/english kra/urdu k/urdu
zXAAAXogJ78,Zulqarnan Bhai Allah pak ap ko sehat de. Aur ap ko aur ap ki family ko humasha Khush rakhe ameen 💖🤲 Nice vlog bhai 💕😍 Bhai i'm big fan form jhelum ❤️🤩,no,none,na,joy,Zulqarnan/urdu Bhai/urdu Allah/urdu pak/urdu ap/urdu ko/urdu sehat/urdu de/urdu Aur/urdu ap/urdu ko/urdu aur/urdu ap/urdu ki/urdu family/english ko/urdu humasha/urdu Khush/urdu rakhe/urdu ameen/urdu 💖🤲/ambiguous Nice/english vlog/english bhai/urdu 💕😍/ambiguous Bhai/urdu i'm/english big/english fan/english form/english jhelum/urdu ❤️🤩/ambiguous
Erif7Vj9NSQ,Baap beta jabba bulaoge to hamari taraf photo post kar dena,yes,none,na,joy,Baap/urdu beta/urdu jabba/urdu bulaoge/urdu to/urdu hamari/urdu taraf/urdu photo/english post/english kar/urdu dena/urdu
EyrNOfyxSBQ,Bohat achi seen he🎉,no,none,na,joy,Bohat/urdu achi/urdu seen/english he/urdu
8ksTrbtyTco,That's not fair hr br ap hi q jeetety hain 🥴🥴,yes,none,na,anger|surprise,That's/english not/english fair/english hr/ambiguous br/ambiguous ap/urdu hi/urdu q/urdu jeetety/urdu hain/urdu 🥴🥴/ambiguous
BmpRnfu16YA,kon yeh video 2026 mein dekkh rha ha,yes,none,na,surprise,kon/urdu yeh/urdu video/english 2026/english mein/urdu dekkh/urdu rha/urdu ha/urdu
BaMLBWWvNHA,Badnasi to Tum lag rahy ho Bhai jitna khandani ho dikh Raha ha,yes,offensive,na,anger,Badnasi/urdu to/urdu Tum/urdu lag/urdu rahy/urdu ho/urdu Bhai/urdu jitna/urdu khandani/urdu ho/urdu dikh/urdu Raha/urdu ha/urdu
UiYpRBQ74fs,Lanatullahe is protocol per,no,offensive,na,anger,Lanatullahe/urdu is/english protocol/english per/english
BmpRnfu16YA,Ap kha rahti ho,yes,none,na,anger,Ap/urdu kha/urdu rahti/urdu ho/urdu
BaMLBWWvNHA,lanaaat ho tum sub logo pe,no,offensive,na,anger,lanaaat/urdu ho/urdu tum/urdu sub/urdu logo/urdu pe/urdu
4k0ZV0UFZSw,Mediator Kahan Hain ab,yes,none,na,anger,Mediator/english Kahan/urdu Hain/urdu ab/urdu
BljaIOvFkcM,TUUN K RAKHOOOOO KASHMIRI'S WELL-DONE 🎉🌹🎉🌹🎉🌹🎉🌹🎉🌹,no,none,na,joy,TUUN/urdu K/urdu RAKHOOOOO/urdu KASHMIRI'S/english WELL-DONE/english 🎉🌹🎉🌹🎉🌹🎉🌹🎉🌹/ambiguous
IMnXqYDHhZI,Kanwal ko tameez sekhae thori,yes,offensive,na,anger,Kanwal/ambiguous ko/urdu tameez/urdu sekhae/urdu thori/urdu
Erif7Vj9NSQ,Aapki Hira bahan bahut acchi hai,no,none,na,joy,Aapki/urdu Hira/urdu bahan/urdu bahut/urdu acchi/urdu hai/urdu
XHQrr9fmTkc,Ap log northern trip par nahi ja raha tha to gaye kiu nahi 🎉,yes,none,na,joy|surprise,Ap/urdu log/urdu northern/english trip/english par/urdu nahi/urdu ja/urdu raha/urdu tha/urdu to/urdu gaye/urdu kiu/urdu nahi/urdu 🎉/ambiguous
UiYpRBQ74fs,"Very real and true analysis 👏 
Insha Allah Taa'la one day that black night will end up 
Allah Taa'la tamam munaafiqoon ko zaleel or naist o naabood karey Ameen",no,offensive,na,anger|sadness,Very/english real/english and/english true/english analysis/english 👏/ambiguous Insha/urdu Allah/urdu Taa'la/urdu one/english day/english that/english black/english night/english will/english end/english up/english Allah/urdu Taa'la/urdu tamam/urdu munaafiqoon/urdu ko/urdu zaleel/urdu or/urdu naist/urdu o/urdu naabood/urdu karey/urdu Ameen/urdu
BaMLBWWvNHA,I love you Bhai boht achi baat ki hai aap ney,no,none,na,joy,I/english love/english you/english Bhai/urdu boht/urdu achi/urdu baat/urdu ki/urdu hai/urdu aap/urdu ney/urdu
nqbNLe84dpM,Areeb. Ka   mother. And. Father ka. Ha,no,none,na,none,Areeb./ambiguous Ka/urdu mother./english And./english Father/english ka./urdu Ha/urdu
4k0ZV0UFZSw,"imran riaz bhae, IMRAN KHAN KI BAAT VLOG MAI SAB SAY PAHLY KIA KAREN, LAST MAI NAHI, WE LISTEN YOU BCOZ OF IMRAN KHAN",yes,none,na,anger,imran/urdu riaz/urdu bhae/urdu IMRAN/urdu KHAN/urdu KI/urdu BAAT/urdu VLOG/english MAI/urdu SAB/urdu SAY/urdu PAHLY/urdu KIA/urdu KAREN/urdu LAST/english MAI/urdu NAHI/urdu WE/english LISTEN/english YOU/english BCOZ/english OF/english IMRAN/urdu KHAN/urdu
IMnXqYDHhZI,Mujhy dy do apni beti k joty r dress plzzzzzzzzz,no,none,na,joy,Mujhy/urdu dy/urdu do/urdu apni/urdu beti/urdu k/urdu joty/urdu r/urdu dress/english plzzzzzzzzz/english
Erif7Vj9NSQ,Ap ko ka ham sab aik dosra ka bhan bhia hi hia,no,none,na,none,Ap/urdu ko/urdu ka/urdu ham/urdu sab/urdu aik/urdu dosra/urdu ka/urdu bhan/urdu bhia/urdu hi/urdu hia/urdu
4k0ZV0UFZSw,Aap ko yaad hai BENAZEER sirf Rs 6 increase kiya aur 16 F16 jets liye??,yes,none,misinfo,anger,Aap/urdu ko/urdu yaad/urdu hai/urdu BENAZEER/urdu sirf/urdu Rs/english 6/ambiguous increase/english kiya/urdu aur/urdu 16/ambiguous F16/english jets/english liye/urdu
nqbNLe84dpM,AP plzzzz plzzz again bahawalpur ayin,no,none,na,joy,AP/ambiguous plzzzz/english plzzz/english again/english bahawalpur/urdu ayin/urdu
XHQrr9fmTkc,Ap nodran ni gaiii,no,none,na,none,Ap/urdu nodran/urdu ni/urdu gaiii/urdu
IMnXqYDHhZI,Knwal to AP sa larny k elawa Kuch nae ata.,yes,none,na,sadness,Knwal/urdu to/urdu AP/english sa/urdu larny/urdu k/urdu elawa/urdu Kuch/urdu nae/urdu ata/urdu
HeZ2VBdJeOk,Iran ki gas ki line jo bechee hue hai iraan tak vo pakistan kay hukmaran pakistan mai be daal lay,no,none,na,anger,Iran/ambiguous ki/urdu gas/english ki/urdu line/english jo/urdu bechee/urdu hue/urdu hai/urdu iraan/urdu tak/urdu vo/urdu pakistan/ambiguous kay/urdu hukmaran/urdu pakistan/ambiguous mai/urdu be/urdu daal/urdu lay/urdu
zXAAAXogJ78,11:55 Kanwaal api ny cheating ki Rubab or Ali bhaii thi jo ano ny nh krny di,no,none,na,surprise,ambiguous/ambiguous urdu/urdu urdu/urdu urdu/urdu english/english urdu/urdu urdu/urdu urdu/urdu urdu/urdu urdu/urdu urdu/urdu urdu/urdu urdu/urdu urdu/urdu urdu/urdu urdu/urdu
zXAAAXogJ78,Kawal ki dekh ke bht accha lag rha h..jab se woh Hajj se aaye hai,no,none,na,joy,Kawal/ambiguous ki/urdu dekh/urdu ke/urdu bht/urdu accha/urdu lag/urdu rha/urdu h/urdu jab/urdu se/urdu woh/urdu Hajj/english se/urdu aaye/urdu hai/urdu
UiYpRBQ74fs,Altaf bhai jindabad Imran Khan jindabad,no,none,na,joy,Altaf/urdu bhai/urdu jindabad/urdu Imran/urdu Khan/urdu jindabad/urdu
WJxfQWiP9DQ,"App inpe KABHHI B yaqeeen nhe kr sakte , Ye GirGat hen",yes,offensive,na,anger,"App/urdu inpe/urdu KABHHI/urdu B/urdu yaqeeen/urdu nhe/urdu kr/urdu sakte/urdu ,/ambiguous Ye/urdu GirGat/urdu hen/urdu"
nqbNLe84dpM,"Iqra api ap ne q nahi khaya 😁
Sub ko dakh k maze le Rahi ho ap bhi Khao na 😅",no,none,na,joy,Iqra/ambiguous api/urdu ap/urdu ne/urdu q/urdu nahi/urdu khaya/urdu 😁/ambiguous Sub/urdu ko/urdu dakh/urdu k/urdu maze/urdu le/urdu Rahi/urdu ho/urdu ap/urdu bhi/urdu Khao/urdu na/urdu 😅/ambiguous
BaMLBWWvNHA,"Bakwas na kar kuty,",no,offensive,na,anger,Bakwas/urdu na/urdu kar/urdu kuty/urdu
WJxfQWiP9DQ,Jub thak Muneera Military ka head hai Pakistan nai nahi chalna. Aglai 6-7 maheenai mai Pakistan ka bohoth bora haal honai wala hai. Daikthai jayai.,yes,none,misinfo,anger|fear,Jub/urdu thak/urdu Muneera/urdu Military/english ka/urdu head/english hai/urdu Pakistan/urdu nai/urdu nahi/urdu chalna/urdu Aglai/urdu 6-7/ambiguous maheenai/urdu mai/urdu Pakistan/urdu ka/urdu bohoth/urdu bora/urdu haal/urdu honai/urdu wala/urdu hai/urdu Daikthai/urdu jayai/urdu
BaMLBWWvNHA,Failure log to baat karga Rajat family Ke baare aapna wife ko Jaata dikha kare YouTube chal raha Hai bhai teri 😅,yes,none,na,surprise|none,Failure/english log/urdu to/urdu baat/urdu karga/urdu Rajat/urdu family/english Ke/urdu baare/urdu aapna/urdu wife/english ko/urdu Jaata/urdu dikha/urdu kare/urdu YouTube/english chal/urdu raha/urdu Hai/urdu bhai/urdu teri/urdu 😅/ambiguous
EyrNOfyxSBQ,aj kal k zamany ki khani larkyo k ley 💯 lasson hey 😢,yes,none,na,sadness,aj/urdu kal/urdu k/urdu zamany/urdu ki/urdu khani/urdu larkyo/urdu k/urdu ley/urdu 💯/ambiguous lasson/urdu hey/urdu
IMnXqYDHhZI,Kamal ki aadat hai ki vah ISI Tarah hari ko jalil karti hai aur agar jiske bare mein yah baat kar rahi hain vah aapke bare mein koi baat karen to fir aap baat Karen Kamal ki Kamal ki aadat hai aur vah julkar nain ko bhi bahut jalil karti hai bhutni achcha hai dekhne mein aur yah usko bhi baten Karti hai ahsaan jaati hai,yes,offensive,na,anger,Kamal/urdu ki/urdu aadat/urdu hai/urdu ki/urdu vah/urdu ISI/urdu Tarah/urdu hari/urdu ko/urdu jalil/urdu karti/urdu hai/urdu aur/urdu agar/urdu jiske/urdu bare/urdu mein/urdu yah/urdu baat/urdu kar/urdu rahi/urdu hain/urdu vah/urdu aapke/urdu bare/urdu mein/urdu koi/urdu baat/urdu karen/urdu to/urdu fir/urdu aap/urdu baat/urdu Karen/urdu Kamal/urdu ki/urdu Kamal/urdu ki/urdu aadat/urdu hai/urdu aur/urdu vah/urdu julkar/urdu nain/urdu ko/urdu bhi/urdu bahut/urdu jalil/urdu karti/urdu hai/urdu bhutni/urdu achcha/urdu hai/urdu dekhne/urdu mein/urdu aur/urdu yah/urdu usko/urdu bhi/urdu baten/urdu Karti/urdu hai/urdu ahsaan/urdu jaati/urdu hai/urdu
nqbNLe84dpM,Bohat ache leg rahi hai api😍😍😍😍,no,none,na,joy,Bohat/urdu ache/urdu leg/english rahi/urdu hai/urdu api/urdu
XHQrr9fmTkc,Is green colour food ka challenge karo please can I watch your all videos I am your use fan big fan please do green food challenge❤❤❤😊😊😊🎉🎉😢😢😢,no,none,na,joy,Is/english green/english colour/english food/english ka/urdu challenge/english karo/urdu please/english can/english I/english watch/english your/english all/english videos/english I/english am/english your/english use/english fan/english big/english fan/english please/english do/english green/english food/english challenge/english
EyrNOfyxSBQ,Bahut achcha drama hai iska dusra paath kab aaega❤😢,no,none,na,joy|sadness,Bahut/urdu achcha/urdu drama/english hai/urdu iska/urdu dusra/urdu paath/urdu kab/urdu aaega/urdu
WJxfQWiP9DQ,SB jhot Hy log ab ghussa Hy bahr Nikl rahy hn es Liya biyan dia Hy . Sirf logo ko normalize krna lia,yes,none,na,anger,SB/urdu jhot/urdu Hy/urdu log/urdu ab/urdu ghussa/urdu Hy/urdu bahr/urdu Nikl/urdu rahy/urdu hn/urdu es/urdu Liya/urdu biyan/urdu dia/urdu Hy/urdu ./ambiguous Sirf/urdu logo/urdu ko/urdu normalize/english krna/urdu lia/urdu
eY0i4nBXqdY,Fatima Api Fatima Api Fatima Api Fatima Api Fatima Api Fatima Api Fatima Api Fatima Api Fatima Api Fatima Api Fatima Api Fatima Api Fatima Api Fatima Api Fatima Api Fatima Api Fatima Api Fatima Api Fatima Api Fatima Api Fatima Api Fatima Api Fatima Api Fatima Api Fatima Api Fatima Api Fatima Api Fatima Api Fatima Api Fatima Api Fatima Api Fatima Api Fatima Api Fatima Api Fatima Api Fatima Api Fatima Api Fatima Api Fatima Api Fatima Api Fatima Api Fatima Api Fatima Api Mera Lia Dua Kar Na Ka Mera Number Ache Aye Fatima Api Fatima Api Fatima Api Fatima Api Fatima Api Fatima Api Fatima Api Fatima Api Fatima Api Fatima Api Fatima Api Fatima Api Fatima Api Fatima Api Fatima Api Fatima Api Fatima Api Fatima Api Fatima Api Fatima Api Fatima Api Fatima Api Fatima Api Fatima Api Fatima Api Fatima Api Fatima Api Fatima Api Fatima Api Fatima Api Fatima Api Fatima Api Fatima Api Fatima Api Fatima Api Fatima Api Fatima Api Fatima Api Fatima Api Fatima Api Fatima Api Fatima Api Fatima Api Fatima Api Fatima Api Fatima Api Fatima Api Fatima Api Fatima Api Fatima Api Fatima Api Fatima Api Fatima Api Fatima Api Fatima Api Fatima Api Fatima Api Fatima Api Fatima Api Fatima Api Fatima Api Fatima Api,,,,,
WJxfQWiP9DQ,Naqwi aur uska baap asim munir bhagneyki tyari me hair sur swam ka dar nahi hot in godard ko to ye damkiya nahi dete,yes,hate,na,anger,Naqwi/urdu aur/urdu uska/urdu baap/urdu asim/urdu munir/urdu bhagneyki/urdu tyari/urdu me/urdu hair/urdu sur/urdu swam/urdu ka/urdu dar/urdu nahi/urdu hot/urdu in/urdu godard/urdu ko/urdu to/urdu ye/urdu damkiya/urdu nahi/urdu dete/urdu
4k0ZV0UFZSw,America par dunya me koi Kisi kisim Ka aitebaar Kar Sakta hy kya,yes,none,na,anger,America/english par/urdu dunya/urdu me/urdu koi/urdu Kisi/urdu kisim/urdu Ka/urdu aitebaar/urdu Kar/urdu Sakta/urdu hy/urdu kya/urdu
XHQrr9fmTkc,Q nhi deti reply ap,no,none,na,anger,ambiguous/ambiguous nhi/urdu deti/urdu reply/english ap/urdu
BmpRnfu16YA,Ya Ghar nahi ha ya ganat ha so beautiful ❤️❤️❤️❤️😍😍,no,none,na,joy,Ya/urdu Ghar/urdu nahi/urdu ha/urdu ya/urdu ganat/urdu ha/urdu so/english beautiful/english ❤️❤️❤️❤️😍😍/ambiguous
HeZ2VBdJeOk,Imran Riaz Bhai g ALLAH pak apko hamesha apny hifzo o amaan mein rakhy awr sehat o tandrusti waali lmbii Zindagi atta frmayaay aamin suma aamin jzaak Allah hu khera 🤲 for updates,no,none,na,joy,Imran/ambiguous Riaz/ambiguous Bhai/urdu g/urdu ALLAH/urdu pak/urdu apko/urdu hamesha/urdu apny/urdu hifzo/urdu o/urdu amaan/urdu mein/urdu rakhy/urdu awr/urdu sehat/urdu o/urdu tandrusti/urdu waali/urdu lmbii/urdu Zindagi/urdu atta/urdu frmayaay/urdu aamin/urdu suma/urdu aamin/urdu jzaak/urdu Allah/urdu hu/urdu khera/urdu 🤲/ambiguous for/english updates/english
nqbNLe84dpM,Ye jolochip Peshawar me kaha se Mele gi??,yes,none,na,surprise,Ye/urdu jolochip/urdu Peshawar/urdu me/urdu kaha/urdu se/urdu Mele/urdu gi/urdu
BaMLBWWvNHA,Is liye toh rajab ke subscriber zyada hai tere se,yes,none,na,anger,Is/urdu liye/urdu toh/urdu rajab/ambiguous ke/urdu subscriber/english zyada/urdu hai/urdu tere/urdu se/urdu
nqbNLe84dpM,Fatima and Hira ka Sara fight parank karo please please 🥺🥺🥺🥺🥺,no,none,na,joy,Fatima/ambiguous and/english Hira/ambiguous ka/urdu Sara/ambiguous fight/english parank/urdu karo/urdu please/english please/english 🥺🥺🥺🥺🥺/ambiguous
WJxfQWiP9DQ,TALLIYAN awam ki khamoshi k leye thi,yes,none,na,anger,urdu/urdu awam/urdu ki/urdu khamoshi/urdu k/urdu leye/urdu thi/urdu
nqbNLe84dpM,😜 Aaj aap Jis funny Style me bol Rahi thi iski continue rakhna .. sab buhot he piyaaray lag rahay thay ..aur Areeb Bhai ko bi andaza nahe tha wo such keh rahay han .  Karachi ke kuch area me aik local chips miltay han Jo aur kahi nahe miltay.  Ye thick hotay han aur spicy hotay han Jo buhot mazay ke hotay han khhnay me ..itni mirchii nahe boti ke khha na sakay koe .. ❤❤❤❤❤❤❤❤ Love for all sistrology,no,none,na,joy|surprise,😜/ambiguous Aaj/urdu aap/urdu Jis/urdu funny/english Style/english me/urdu bol/urdu Rahi/urdu thi/urdu iski/urdu continue/english rakhna/urdu ../ambiguous sab/urdu buhot/urdu he/urdu piyaaray/urdu lag/urdu rahay/urdu thay/urdu ../ambiguous aur/urdu Areeb/urdu Bhai/urdu ko/urdu bi/urdu andaza/urdu nahe/urdu tha/urdu wo/urdu such/urdu keh/urdu rahay/urdu han/urdu ./ambiguous Karachi/urdu ke/urdu kuch/urdu area/urdu me/urdu aik/urdu local/english chips/english miltay/urdu han/urdu Jo/urdu aur/urdu kahi/urdu nahe/urdu miltay/urdu ./ambiguous Ye/urdu thick/english hotay/urdu han/urdu aur/urdu spicy/english hotay/urdu han/urdu Jo/urdu buhot/urdu mazay/urdu ke/urdu hotay/urdu han/urdu khhnay/urdu me/urdu ../ambiguous itni/urdu mirchii/urdu nahe/urdu boti/urdu ke/urdu khha/urdu na/urdu sakay/urdu koe/urdu ../ambiguous ❤❤❤❤❤❤❤❤/ambiguous Love/english for/english all/english sistrology/english
XHQrr9fmTkc,Fatima api ek bat batao apka 10 me konsa grade Aya tha❤😊,no,none,na,joy,Fatima/ambiguous api/urdu ek/urdu bat/urdu batao/urdu apka/urdu 10/english me/urdu konsa/urdu grade/english Aya/urdu tha/urdu
WJxfQWiP9DQ,"Allah pak hamary camandar farooq ko jannat may aala maqam atta farmay, aur in yazeedu ko ibratnak saza atta farmay,",no,hate,na,anger,urdu/urdu pak/urdu hamary/urdu camandar/urdu farooq/urdu ko/urdu jannat/urdu may/urdu aala/urdu maqam/urdu atta/urdu farmay/urdu aur/urdu in/urdu yazeedu/urdu ko/urdu ibratnak/urdu saza/urdu atta/urdu farmay/urdu
IMnXqYDHhZI,Bohat khuwar Hain log 😂aplogo k fazool k velog deikh kar😅,yes,none,na,joy,Bohat/urdu khuwar/urdu Hain/urdu log/urdu aplogo/urdu k/urdu fazool/urdu k/urdu velog/urdu deikh/urdu kar/urdu
BaMLBWWvNHA,Abe yaar khan woh 9million our khan 3 million,yes,none,na,anger,Abe/urdu yaar/urdu khan/urdu woh/urdu 9million/english our/english khan/urdu 3/english million/english
IMnXqYDHhZI,Shoes ko Dekh k mashallah ni bolty hoty,yes,none,na,surprise,Shoes/english ko/urdu Dekh/urdu k/urdu mashallah/urdu ni/urdu bolty/urdu hoty/urdu
Erif7Vj9NSQ,Aap bhi apni dance ki picture send Karen please aage piche nahin karti main aapke bhi log dekhti hun main aapko follow bhi Karti hun like bhi Karti hun,no,none,na,joy,Aap/urdu bhi/urdu apni/urdu dance/english ki/urdu picture/english send/english Karen/urdu please/english aage/urdu piche/urdu nahin/urdu karti/urdu main/urdu aapke/urdu bhi/urdu log/urdu dekhti/urdu hun/urdu main/urdu aapko/urdu follow/english bhi/urdu Karti/urdu hun/urdu like/english bhi/urdu Karti/urdu hun/urdu
nqbNLe84dpM,Iqra api ka Sath jolo chip khalao,no,none,na,joy,Iqra/ambiguous api/urdu ka/urdu Sath/urdu jolo/urdu chip/english khalao/urdu
BaMLBWWvNHA,"Bycot FITNA FAMILY 
I also belongs to a Shia’ism but I don’t like rajab butt and after he cheated on her wife I don't even like to hear the name Rajab tysm for exposing him Allah bless you Zulqar bhai ❤",no,offensive,na,anger|sadness,Bycot/urdu FITNA/urdu FAMILY/english I/english also/english belongs/english to/english a/english Shia'ism/english but/english I/english don't/english like/english rajab/urdu butt/english and/english after/english he/english cheated/english on/english her/english wife/english I/english don't/english even/english like/english to/english hear/english the/english name/english Rajab/urdu tysm/english for/english exposing/english him/english Allah/urdu bless/english you/english Zulqar/urdu bhai/urdu ❤/ambiguous
BljaIOvFkcM,Aslam-O-alikum Imran khan sab thanks for updating Allah Bless Pakistan and both Imran khan,no,none,na,joy,Aslam-O-alikum/urdu Imran/ambiguous khan/urdu sab/urdu thanks/english for/english updating/english Allah/urdu Bless/english Pakistan/urdu and/english both/english Imran/ambiguous khan/urdu
eY0i4nBXqdY,Astrology aapka Ghar kahan hai mere Papa log rahte hain❤,yes,none,na,joy,Astrology/english aapka/urdu Ghar/urdu kahan/urdu hai/urdu mere/urdu Papa/urdu log/urdu rahte/urdu hain/urdu
BaMLBWWvNHA,"Aik no ka jahil hy wo ghatiya insan, 3rd class insan hy, usy follow hi bachy krty hein yaa jahil log",no,offensive,na,anger,Aik/urdu no/urdu ka/urdu jahil/urdu hy/urdu wo/urdu ghatiya/urdu insan/urdu 3rd/english class/english insan/urdu hy/urdu usy/urdu follow/english hi/urdu bachy/urdu krty/urdu hein/urdu yaa/urdu jahil/urdu log/urdu
IMnXqYDHhZI,Zulqurnian Bhai b bht achy blogging krty ha unky actions Jo hoty tang krny waly bht hansi aty haha,no,none,na,joy,Zulqurnian/urdu Bhai/urdu b/urdu bht/urdu achy/urdu blogging/english krty/urdu ha/urdu unky/urdu actions/english Jo/urdu hoty/urdu tang/urdu krny/urdu waly/urdu bht/urdu hansi/urdu aty/urdu haha/ambiguous
VUKai4CZSNw,Please support me ducky bhai army please,no,none,na,none,Please/english support/english me/english ducky/english bhai/urdu army/english please/english
IMnXqYDHhZI,Adha vilog fazool baton men guzar jata hai😢😢,yes,none,na,sadness,Adha/urdu vilog/urdu fazool/urdu baton/urdu men/urdu guzar/urdu jata/urdu hai/urdu
nqbNLe84dpM,Eklavya hoti beti ki bal ki dhadkan Tumne kaun se state mein banaa,yes,none,na,anger|surprise,Eklavya/ambiguous hoti/urdu beti/urdu ki/urdu bal/urdu ki/urdu dhadkan/urdu Tumne/urdu kaun/urdu se/urdu state/english mein/urdu banaa/urdu
WJxfQWiP9DQ,Imran Bahi 78 sal say Red Line cares hy,yes,none,na,anger,Imran/urdu Bahi/urdu 78/ambiguous sal/urdu say/urdu Red/english Line/english cares/english hy/urdu
nqbNLe84dpM,jolo chip kitne ma ai hai,no,none,na,none,urdu/ambiguous chip/english kitne/urdu ma/urdu ai/urdu hai/urdu
nqbNLe84dpM,36:31 ungal Kya Thi khany ki areeb shb 😂,yes,none,na,joy,ambiguous/ambiguous urdu/urdu urdu/urdu urdu/urdu urdu/urdu urdu/urdu urdu/urdu urdu/urdu ambiguous/ambiguous
zfjRK9s0pjA,Allah ki beti ko hamesha khush rakhe,no,none,na,joy,Allah/urdu ki/urdu beti/urdu ko/urdu hamesha/urdu khush/urdu rakhe/urdu
eY0i4nBXqdY,Please batado AP kaha se hu,no,none,na,none,Please/english batado/urdu AP/english kaha/urdu se/urdu hu/urdu
eY0i4nBXqdY,Mene Al baik hazar dafa khaya hua hai😊😊😊,no,none,na,joy,Mene/urdu Al/english baik/english hazar/urdu dafa/urdu khaya/urdu hua/urdu hai/urdu
IMnXqYDHhZI,Bary fakhar say bata rahi ho shram nhi aiti itni fazool paisy zaya karty hue jab rozy aikhart mein in sab cheezo Ka Allah Pak ko hesab dana para tab lagy ga pata tum jasy logo ko,yes,offensive,na,anger,Bary/urdu fakhar/urdu say/urdu bata/urdu rahi/urdu ho/urdu shram/urdu nhi/urdu aiti/urdu itni/urdu fazool/urdu paisy/urdu zaya/urdu karty/urdu hue/urdu jab/urdu rozy/urdu aikhart/urdu mein/urdu in/urdu sab/urdu cheezo/urdu Ka/urdu Allah/urdu Pak/urdu ko/urdu hesab/urdu dana/urdu para/urdu tab/urdu lagy/urdu ga/urdu pata/urdu tum/urdu jasy/urdu logo/urdu ko/urdu
hhFGhAo4ZfY,App sab saga Bhai ja,yes,none,na,none,App/urdu sab/urdu saga/urdu Bhai/urdu ja/urdu
4k0ZV0UFZSw,Jab tak Israel hai yah kabi iran aur America kay muzakarat kamiyab nahi honay day gay,no,offensive,na,anger,Jab/urdu tak/urdu Israel/english hai/urdu yah/urdu kabi/urdu iran/english aur/urdu America/english kay/urdu muzakarat/urdu kamiyab/urdu nahi/urdu honay/urdu day/urdu gay/urdu
zXAAAXogJ78,Allah usko Umrah karway Jo mere comment ko like kary ❤,yes,none,na,joy,Allah/urdu usko/urdu Umrah/urdu karway/urdu Jo/urdu mere/urdu comment/english ko/urdu like/english kary/urdu ❤/ambiguous
WJxfQWiP9DQ,"sir , ye sirf Nura Kushti  PPP or PML-N sy krwai gai AWAM ny tuwaja nhe d , tooh Fir unho ny Spotlight my ane k leye khud ko KHUD LAUNCH kr dia",yes,none,na,anger,"sir/english ,/ambiguous ye/urdu sirf/urdu Nura/urdu Kushti/urdu PPP/english or/english PML-N/english sy/urdu krwai/urdu gai/urdu AWAM/urdu ny/urdu tuwaja/urdu nhe/urdu d/urdu ,/ambiguous tooh/urdu Fir/urdu unho/urdu ny/urdu Spotlight/english my/urdu ane/urdu k/urdu leye/urdu khud/urdu ko/urdu KHUD/urdu LAUNCH/english kr/urdu dia/urdu"
Erif7Vj9NSQ,Pool party ho jy gye Tum kb nahao ge,yes,none,na,joy,Pool/english party/english ho/urdu jy/urdu gye/urdu Tum/urdu kb/urdu nahao/urdu ge/urdu
HeZ2VBdJeOk,Allah ke qusam ager in 4 bandun ko mara gaia to allke qusam ap bangaladsh ko boll jain ga wo hashar karn ga,no,hate,na,anger,Allah/urdu ke/urdu qusam/urdu ager/urdu in/english 4/english bandun/urdu ko/urdu mara/urdu gaia/urdu to/urdu allke/urdu qusam/urdu ap/urdu bangaladsh/urdu ko/urdu boll/urdu jain/urdu ga/urdu wo/urdu hashar/urdu karn/urdu ga/urdu
zfjRK9s0pjA,"Well said
Areeb bhai",no,none,na,joy,Well/english said/english Areeb/ambiguous bhai/urdu
Erif7Vj9NSQ,But ha bby une kcu einvig is industrial industry bby fibu idbcu k jbckcbu j chibi dgi t dijvghi fi❤❤❤,no,none,na,none,But/english ha/urdu bby/ambiguous une/ambiguous kcu/ambiguous einvig/ambiguous is/english industrial/english industry/english bby/ambiguous fibu/ambiguous idbcu/ambiguous k/ambiguous jbckcbu/ambiguous j/ambiguous chibi/ambiguous dgi/ambiguous t/ambiguous dijvghi/ambiguous fi/ambiguous
eY0i4nBXqdY,Zainab tum bahut badtamiz ho aapke sath Tumne Apne balon ka super utaar Diya,no,offensive,na,anger,Zainab/ambiguous tum/urdu bahut/urdu badtamiz/urdu ho/urdu aapke/urdu sath/urdu Tumne/urdu Apne/urdu balon/urdu ka/urdu super/english utaar/urdu Diya/urdu
VUKai4CZSNw,ducky apni shkl k hisab se sahi jgah py gya hy 😂,yes,none,na,joy,english/english apni/urdu shkl/urdu k/urdu hisab/urdu se/urdu sahi/urdu jgah/urdu py/urdu gya/urdu hy/urdu 😂/ambiguous
XHQrr9fmTkc,Fatima api ma na ap ko subcribe Kai ha,no,none,na,joy,Fatima/ambiguous api/urdu ma/urdu na/urdu ap/urdu ko/urdu subcribe/english Kai/urdu ha/urdu
VUKai4CZSNw,Ducky pagal ho tum,yes,none,na,joy,Ducky/english pagal/urdu ho/urdu tum/urdu
8ksTrbtyTco,24 hours Rab ki ibadat ka challenge bhi karle koi kabhi,yes,none,na,none,24/ambiguous hours/english Rab/urdu ki/urdu ibadat/urdu ka/urdu challenge/english bhi/urdu karle/urdu koi/urdu kabhi/urdu
8ksTrbtyTco,Nai ye zidati hui hy team RHS ko win hona chahiye tha,yes,none,na,anger,Nai/urdu ye/urdu zidati/urdu hui/urdu hy/urdu team/english RHS/english ko/urdu win/english hona/urdu chahiye/urdu tha/urdu
eY0i4nBXqdY,Manav Jo Tumne utaar Diya tabhi to,yes,none,na,anger,Manav/ambiguous Jo/urdu Tumne/urdu utaar/urdu Diya/urdu tabhi/urdu to/urdu
8ksTrbtyTco,Firstly carrefour ka boycott chal rha hey,no,none,na,none,Firstly/english carrefour/english ka/urdu boycott/english chal/urdu rha/urdu hey/urdu
zfjRK9s0pjA,Ya Allah iqra API ko aur us ki beti ko salamat rkhna Ameen❤❤,no,none,na,joy,Ya/urdu Allah/urdu iqra/ambiguous API/english ko/urdu aur/urdu us/urdu ki/urdu beti/urdu ko/urdu salamat/urdu rkhna/urdu Ameen/urdu
XHQrr9fmTkc,Peeli parween😂😂😂😂😂 khattyaaa ke khada e khatta😂😂,yes,none,na,joy,Peeli/urdu parween/urdu khattyaaa/urdu ke/urdu khada/urdu e/urdu khatta/urdu
UiYpRBQ74fs,"Goli q chlai ?
Kashmeer main goli q chlai ?
Blochastan ko jeeny do.",yes,none,na,anger|sadness,Goli/urdu q/ambiguous chlai/urdu ?/ambiguous Kashmeer/urdu main/urdu goli/urdu q/ambiguous chlai/urdu ?/ambiguous Blochastan/urdu ko/urdu jeeny/urdu do/urdu
FH8OUP2_sN4,Bati wali light 😂😂😂😂,yes,none,na,joy,Bati/urdu wali/urdu light/english 😂😂😂😂/ambiguous
eY0i4nBXqdY,Ye jo aap airport me beth kr kha rhy hai isy brost kahty hai me b saudia aai hun umrah krny,yes,none,na,joy,Ye/urdu jo/urdu aap/urdu airport/english me/urdu beth/urdu kr/urdu kha/urdu rhy/urdu hai/urdu isy/urdu brost/english kahty/urdu hai/urdu me/urdu b/urdu saudia/english aai/urdu hun/urdu umrah/urdu krny/urdu
IMnXqYDHhZI,Ap vlog kab ayga,no,none,na,none,urdu/urdu vlog/english kab/urdu ayga/urdu
XHQrr9fmTkc,Please please baat mafi Mera challenge karte hain yah wala❤❤❤❤❤❤❤❤,no,none,na,joy,Please/english please/english baat/urdu mafi/urdu Mera/urdu challenge/english karte/urdu hain/urdu yah/urdu wala/urdu
VUKai4CZSNw,"Nadeem are so cute l am big fan of Nadeem nani wala
❤❤❤❤❤❤❤❤❤🎉",no,none,na,joy,Nadeem/ambiguous are/english so/english cute/english l/english am/english big/english fan/english of/english Nadeem/ambiguous nani/urdu wala/urdu ❤❤❤❤❤❤❤❤❤🎉/ambiguous
BaMLBWWvNHA,Tum Rajab ki joti jasa b ni ho,yes,offensive,na,anger,Tum/urdu Rajab/urdu ki/urdu joti/urdu jasa/urdu b/urdu ni/urdu ho/urdu
EyrNOfyxSBQ,Kash har qadam utahny se pahly tahqeeq ki jaye 😢😢😢😢😢,no,none,na,sadness,Kash/urdu har/urdu qadam/urdu utahny/urdu se/urdu pahly/urdu tahqeeq/urdu ki/urdu jaye/urdu 😢😢😢😢😢/ambiguous
BljaIOvFkcM,Ye mamla roti sy Shuru ho kr goli tk ja puhancha Hy or hm or aap janty hyn k ye Pakistan k hilaf sazish bn Chuka Hy Kashmiri awam Sachi or UN k leader jhoty hyn masoom awam ko mrwany ly aye hyn or foj hmari pehly hi ..... AP janty hyn plz kshmir ka Sath deny my khin Pakistan ko na bhol jaiye ga,no,offensive,misinfo,anger|fear,Ye/urdu mamla/urdu roti/urdu sy/urdu Shuru/urdu ho/urdu kr/urdu goli/urdu tk/urdu ja/urdu puhancha/urdu Hy/urdu or/urdu hm/urdu or/urdu aap/urdu janty/urdu hyn/urdu k/urdu ye/urdu Pakistan/urdu k/urdu hilaf/urdu sazish/urdu bn/urdu Chuka/urdu Hy/urdu Kashmiri/urdu awam/urdu Sachi/urdu or/urdu UN/english k/urdu leader/english jhoty/urdu hyn/urdu masoom/urdu awam/urdu ko/urdu mrwany/urdu ly/urdu aye/urdu hyn/urdu or/urdu foj/urdu hmari/urdu pehly/urdu hi/urdu ....../ambiguous AP/urdu janty/urdu hyn/urdu plz/english kshmir/urdu ka/urdu Sath/urdu deny/english my/english khin/urdu Pakistan/urdu ko/urdu na/urdu bhol/urdu jaiye/urdu ga/urdu
Erif7Vj9NSQ,Hira api kha hy😮,no,none,na,surprise,Hira/urdu api/urdu kha/urdu hy/urdu
WJxfQWiP9DQ,Sr red line inke America hai,yes,none,na,none,Sr/ambiguous red/english line/english inke/urdu America/english hai/urdu
VUKai4CZSNw,Very nice Ducky Bhai ❤❤❤❤,no,none,na,joy,Very/english nice/english Ducky/english Bhai/urdu ❤❤❤❤/ambiguous
gvG35CxYOLg,Bhi Pakistan mein Hume bhi in restaurants ki location bata dein,yes,none,na,joy,Bhi/urdu Pakistan/urdu mein/urdu Hume/urdu bhi/urdu in/english restaurants/english ki/urdu location/english bata/urdu dein/urdu
VUKai4CZSNw,"Bachaa bntaaa haa haa nhe, Aap socho mjhaa yeh etna Meealaa Lagtaa tha na, meena dssa UnSub kr deeya tha, but aj eski achievement ki celebration dekh kr aur Aroob bhabhi ki shakal pa Phir sa subs... Kr deeta",yes,none,na,joy|surprise,Bachaa/urdu bntaaa/urdu haa/urdu haa/urdu nhe/urdu Aap/urdu socho/urdu mjhaa/urdu yeh/urdu etna/urdu Meealaa/urdu Lagtaa/urdu tha/urdu na/urdu meena/urdu dssa/urdu UnSub/english kr/urdu deeya/urdu tha/urdu but/english aj/urdu eski/urdu achievement/english ki/urdu celebration/english dekh/urdu kr/urdu aur/urdu Aroob/urdu bhabhi/urdu ki/urdu shakal/urdu pa/urdu Phir/urdu sa/urdu subs/english Kr/urdu deeta/urdu
WJxfQWiP9DQ,Kash pakistanio Ka favorite banne ki tri karta,yes,none,na,sadness,Kash/urdu pakistanio/urdu Ka/urdu favorite/english banne/urdu ki/urdu tri/ambiguous karta/urdu
eY0i4nBXqdY,Umrah mehram k Sath hoti hai,no,none,factual,none,Umrah/urdu mehram/urdu k/urdu Sath/urdu hoti/urdu hai/urdu
gvG35CxYOLg,"acha velog he pr itni 
jawani b achi ni hoti",yes,offensive,na,anger,acha/urdu velog/urdu he/urdu pr/urdu itni/urdu jawani/urdu b/urdu achi/urdu ni/urdu hoti/urdu
Erif7Vj9NSQ,hira ki shadi ki excitement haiiiiiiiii,no,none,na,joy|surprise,hira/urdu ki/urdu shadi/urdu ki/urdu excitement/english haiiiiiiiii/english
eY0i4nBXqdY,Mashaallah Allah bless you 💕😊ham ke liya bhi doya karna,no,none,na,joy,Mashaallah/urdu Allah/urdu bless/english you/english ham/urdu ke/urdu liya/urdu bhi/urdu doya/urdu karna/urdu
UiYpRBQ74fs,"Asal situation yay 
Hay k arabs 
Aish o ishrat ki wajah say buzdil 
Hogai' America Israel nay
Jab arabs countries say 
Adday maangay 
Toh buzdili ki wajah say
Unko himmat hi nahi hoowi
K America Israel ko
Mana kar sakay
(Haalaankay arabs yay baat achchi tarha jaantay hay k 
Yay adday jis mulk k hilaaf b use hongay' uss mulk nay palat kar hum par attack karna hay'
Doosry taraf iran ki saari jangay 
Strongly apnay firqay k liay hay'
Yaha tak k saari dunia may 
Shias jaha jis mulk may b ho'
Woh log uss mulk ko apna mulk nahi samajhtay
Aor apna asal watan iran ko samajhtay hay' Chaahay woh 
Pakistan india Bangladesh 
Kahi b ho'
Apna asal watan iran ko samajhtay hay'
Yay sab muaamlaat 
Yay situation zaahir kar 
Rahi hay
K
Majbooran tamaam arabs 
Countries ko America Israel 
Ka saat dayna par raha hay'
Aor
Iran already 45 saal say Russia
China k saat hay'
Problem yaha say create horahi hay' k America 100 years say 
Haalatay jang may hay'
Jissay America Israel ki power
Day by day kam horahi hay'
Aor iran k saat hay
Russia china jo k fresh energetic 
Hay' Kiunkay dono mulk kisi b mulk say har waqt ki jang nahi banaaty jiski waja say dono mulk fully iran ko strategy aor weapons day rahay hay'
Obviously hum ko firqay may rah kar baat karny paraigi'
Shias full support kartay hay all over the world iran ko' aor unmay Unity b hay'
Rah gai sunnis 
Toh yay baychaaray har waqt ummat ummat kartay hay'
Aor aapis may koi Unity na honay ki waja say' aadhay pakistan aor arabs k saat hay
Aor aadhay iran k saat'
Then saabit yay hoowa 
K yay saari jang islam oar kufar ki hay hi nahi'
Balkay sirf aor sirf mufaadaat 
Ki jang hay'
Chaahay ismay saari dunia involve hojaai' sabki apni mufaadaat hay,yahi authentic situation hay,",,,,,
BljaIOvFkcM,Kashmir ki jan choro kashmeer ko us ka haq do 😡 yai sub kuch jo hu raha hai is ka zimdaar sirf aur sirf asim muneer hai,no,offensive,na,anger,Kashmir/ambiguous ki/urdu jan/urdu choro/urdu kashmeer/urdu ko/urdu us/urdu ka/urdu haq/urdu do/urdu 😡/ambiguous yai/urdu sub/urdu kuch/urdu jo/urdu hu/urdu raha/urdu hai/urdu is/urdu ka/urdu zimdaar/urdu sirf/urdu aur/urdu sirf/urdu asim/ambiguous muneer/ambiguous hai/urdu
N-0DINjOMlY,Apni beti sy mily lkn apny parents ko ignore krdia,no,offensive,na,sadness|anger,Apni/urdu beti/urdu sy/urdu mily/urdu lkn/urdu apny/urdu parents/english ko/urdu ignore/english krdia/urdu
BmpRnfu16YA,Ap sa acha to haya ka 🏠 h😂😂😂😂,yes,none,na,joy,Ap/urdu sa/urdu acha/urdu to/urdu haya/urdu ka/urdu 🏠/ambiguous h/urdu
UiYpRBQ74fs,Kash Punjabi bhi apney kashmiri bhaion  say sabaq seekhen,yes,offensive,na,anger,urdu/urdu Punjabi/urdu bhi/urdu apney/urdu kashmiri/urdu bhaion/urdu say/urdu sabaq/urdu seekhen/urdu
XHQrr9fmTkc,Aram Sy uthao or gop gop kar jao was epic😂😂,no,none,na,joy|surprise,Aram/urdu Sy/urdu uthao/urdu or/urdu gop/urdu gop/urdu kar/urdu jao/urdu was/english epic/english
zXAAAXogJ78,Bottles k rape ku remove kia,no,none,na,none,Bottles/english k/urdu rape/english ku/urdu remove/english kia/urdu
8ksTrbtyTco,Palestine 🇵🇸 k lye bhi kuch bol do yara Kyu darty ho,no,none,na,anger,english/english ambiguous/ambiguous urdu/urdu urdu/urdu urdu/urdu urdu/urdu urdu/urdu urdu/urdu urdu/urdu urdu/urdu urdu/urdu urdu/urdu
IMnXqYDHhZI,Rajab butt se q nahi mile baby ka liye,yes,none,na,surprise|anger,Rajab/urdu butt/urdu se/urdu q/urdu nahi/urdu mile/urdu baby/english ka/urdu liye/urdu
FH8OUP2_sN4,3:44 Chl bhai kiya yad rhky ga subscribe kr he diya ab,yes,none,na,joy,3:44/ambiguous Chl/urdu bhai/urdu kiya/urdu yad/urdu rhky/urdu ga/urdu subscribe/english kr/urdu he/urdu diya/urdu ab/urdu
zXAAAXogJ78,Bhai prank b kia kro,no,none,na,none,Bhai/urdu prank/english b/urdu kia/urdu kro/urdu
BaMLBWWvNHA,bhai wo sab tu thk  hy lakin kisi ki parda poshi rakhna bi zaroori hy so yeh wakt ap sy door nhai just wait and watch bro🤡,yes,none,na,none,bhai/urdu wo/urdu sab/urdu tu/urdu thk/urdu hy/urdu lakin/urdu kisi/urdu ki/urdu parda/urdu poshi/urdu rakhna/urdu bi/urdu zaroori/urdu hy/urdu so/english yeh/urdu wakt/urdu ap/urdu sy/urdu door/urdu nhai/urdu just/english wait/english and/english watch/english bro/english
Erif7Vj9NSQ,Ped dekhna aap log😂😂😂,yes,none,na,joy|surprise,Ped/urdu dekhna/urdu aap/urdu log/urdu
BaMLBWWvNHA,Views mat le uske Naam per jaha rajab bhai hote hain vah to views😂 milenge na,yes,none,na,joy,Views/english mat/urdu le/urdu uske/urdu Naam/urdu per/urdu jaha/urdu rajab/urdu bhai/urdu hote/urdu hain/urdu vah/urdu to/urdu views/english milenge/urdu na/urdu
N-0DINjOMlY,Kanwal api ap har vlog ma azal ko lsys karey☺️,no,none,na,joy,Kanwal/urdu api/urdu ap/urdu har/urdu vlog/english ma/urdu azal/urdu ko/urdu lsys/ambiguous karey/urdu
nqbNLe84dpM,Iqra api ap ke bal bohat beautiful 😍 hai Mashallah,no,none,na,joy,Iqra/ambiguous api/urdu ap/urdu ke/urdu bal/urdu bohat/urdu beautiful/english 😍/ambiguous hai/urdu Mashallah/urdu
BljaIOvFkcM,Establishment kay saat saat pmln aur ppp be zimadar hai kashmiriyu kay khoon kay sab kay sab qatil hai hum innay kabi maf nahi kary gay,no,hate,na,anger|sadness,Establishment/english kay/urdu saat/urdu saat/urdu pmln/english aur/urdu ppp/english be/urdu zimadar/urdu hai/urdu kashmiriyu/urdu kay/urdu khoon/urdu kay/urdu sab/urdu kay/urdu sab/urdu qatil/urdu hai/urdu hum/urdu innay/urdu kabi/urdu maf/urdu nahi/urdu kary/urdu gay/urdu
hhFGhAo4ZfY,Hassan ko blind fold hona chaye tha,yes,none,na,anger,Hassan/ambiguous ko/urdu blind/english fold/english hona/urdu chaye/urdu tha/urdu
BaMLBWWvNHA,Sale tum rajab ke name pr view le rhe o 😂,yes,none,na,joy,Sale/urdu tum/urdu rajab/urdu ke/urdu name/urdu pr/urdu view/english le/urdu rhe/urdu o/urdu 😂/ambiguous
nqbNLe84dpM,Koi ab iqra ka vlog na dekhe jab tak wo anaviya ka face reveal na ker de,yes,none,na,anger,Koi/urdu ab/urdu iqra/ambiguous ka/urdu vlog/english na/urdu dekhe/urdu jab/urdu tak/urdu wo/urdu anaviya/ambiguous ka/urdu face/english reveal/english na/urdu ker/urdu de/urdu
BaMLBWWvNHA,Apni viewer ship weakh fr gll kr ty Baki weakh ondy nam dy vlog dy view ty apny regular view glla krdy ny😅,yes,none,na,anger,Apni/urdu viewer/english ship/english weakh/urdu fr/urdu gll/urdu kr/urdu ty/urdu Baki/urdu weakh/urdu ondy/urdu nam/urdu dy/urdu vlog/english dy/urdu view/english ty/urdu apny/urdu regular/english view/english glla/urdu krdy/urdu ny/urdu
BaMLBWWvNHA,View's ka bhuka 😂,yes,none,na,joy,View's/english ka/urdu bhuka/urdu 😂/ambiguous
BaMLBWWvNHA,"Bhai end hu gya yr 
Sazada Bhai ❤❤❤
Zulkarnain gujjar Bhai ❤❤❤❤",no,none,na,joy,Bhai/urdu end/english hu/urdu gya/urdu yr/english Sazada/urdu Bhai/urdu ❤❤❤/ambiguous Zulkarnain/urdu gujjar/urdu Bhai/urdu ❤❤❤❤/ambiguous
nqbNLe84dpM,Wa kay bat hai api❤,no,none,na,joy,urdu/urdu kay/urdu bat/urdu hai/urdu api/urdu
zfjRK9s0pjA,Bich mein abhi main chhoti bacchi hun lekin aapko Allah Tala acchi jindagi de aapko jawab mila tha na vah aapke har jindagi se HAL kar de shukriya jaise kahane ke liye lekin main aapko bataun main bacchi hun chalo bye raat ko khaya karo shukriya mujhe karne ke liye,no,none,na,joy,Bich/urdu mein/urdu abhi/urdu main/urdu chhoti/urdu bacchi/urdu hun/urdu lekin/urdu aapko/urdu Allah/urdu Tala/urdu acchi/urdu jindagi/urdu de/urdu aapko/urdu jawab/urdu mila/urdu tha/urdu na/urdu vah/urdu aapke/urdu har/urdu jindagi/urdu se/urdu HAL/urdu kar/urdu de/urdu shukriya/urdu jaise/urdu kahane/urdu ke/urdu liye/urdu lekin/urdu main/urdu aapko/urdu bataun/urdu main/urdu bacchi/urdu hun/urdu chalo/urdu bye/english raat/urdu ko/urdu khaya/urdu karo/urdu shukriya/urdu mujhe/urdu karne/urdu ke/urdu liye/urdu
IMnXqYDHhZI,Sab say pyri vlogger kanwal hai love from Canada 🇨🇦,no,none,na,joy,Sab/urdu say/urdu pyri/urdu vlogger/english kanwal/urdu hai/urdu love/english from/english Canada/english 🇨🇦/ambiguous
WJxfQWiP9DQ,"Jab 9.11. 2001
Ka waaqia  jab American jews nay apnay mulk may kia tah,
Aor George wrangler bush 
Nay jab natnay phula phula kar pakistan ko damkia di'
Toh pakistani saht parayshaan hogai tay'
Bohot  pressure pakistanio 
Par daala gaya tah
Tamaam dunia may'
Worst poisonous propaganda 
Jaari tah
All over the world media '
Jismay 
India no .1.
 tah
Iskay ilaawa
Bangladesh 
Iran
even iran nay toh bohot saari dhamkia b di ti
Aor irani media wahi baasha bol rahi ti
Jo saari dunia bol rahi ti
(Agar kisi ko shak hay
Toh history daik lay
Laikin authentic)
Laikin saudi arab
Qatar
Kuwait 
Malaysia 
Indonesia 
China 
Chechnia
Turkey even uae
Yay sab strongly pakistan k saat tay'
Pakistani itnay ziyaada 
Hofzada hogai tay' k ab kia hoga'
Kiunkay hamaari establishment 
Uswaqt Pakistanio k
Against nato ka saat day 
Rahi ti(aor game ki setting 
Yay ti k saari strategy× games =dollars '
kpk
K pushtoons par aazmaani 
Hay'
Jis pushtoon ki dhaari hoty ti uski qismat may oopar jaana tay tah' 3 lac say oopar pushtoons ko bomb 
Blasts may bhoon dia gaya tah'may jabbi Peshawar jaati ti' just 5 minutes k baad aik hofnaak blast hota tah' even ghar k AC room k andhar ghir partay tay' har ghar may huge damages cracks rozaana ki baatay ti'
Ghar may mojood ladies 
Intihaai parayshaan rahty ti
K jo piyaaray ghar say baahir gai hay'ab zinda lot kar aaingay ya murda?
Sabsay bari haqeeqat yahi 
Hay k America uss waqt 
Jitna powerful tah
Aaj nahi hay'
especially Donald Trump 
Jango waala banda hay hi
Nahi' woh apnay file ki leakage k hof say wahi kar raha hay jo isreal uss say karwaana chaahta hay,)
May nay 9.11.2001 
K baad haab dayka tah
K koi kah raha hayK
 iss mulk  k liay har hatra
Iskay andhar say banta hay'
Yaani all kind
Danger ka sorce inner side hota hay,",,,,,
BljaIOvFkcM,"Where are Pakistani Punjabi now, philistine and Indian Muslims pr to bre gazi bn mate ho, dusro pr door se bolne io bhadri smjte ho, lakin ab Sara Pakistani Punjabio ki jaban kat gi Hy, insaniet to doorab to Kashmirio KO b Indian agent bolnrhe ho, jhoothe , Hippocrates, dhokhebaaz logo sharam bchi ho to dub mro, Indian army JB Pakistani atakwadijo KO kuta ki mot deti Hy Jo Pakistani border cross krke humare desh mai guste hyn tb Pakistani KO bra darad hota pr Pakistani army nihathe bekasoor logo KO sidi goli mar rhi Hy pr derpok Pakistani koi protest nhi, koi swap nhi army se, philistine to door tha pr derpoko Kashmir kio nhi gy ab tk musalmano KO bachane, shame on Pakistani people and army for killing only own people,  God protect pok Kashmiri brothers and sisters,",yes,hate,misinfo,anger|sadness,Where/english are/english Pakistani/english Punjabi/urdu now/english philistine/english and/english Indian/english Muslims/english pr/urdu to/urdu bre/urdu gazi/urdu bn/urdu mate/urdu ho/urdu dusro/urdu pr/urdu door/urdu se/urdu bolne/urdu io/ambiguous bhadri/urdu smjte/urdu ho/urdu lakin/urdu ab/urdu Sara/urdu Pakistani/english Punjabio/urdu ki/urdu jaban/urdu kat/urdu gi/urdu Hy/urdu insaniet/urdu to/urdu doorab/urdu to/urdu Kashmirio/urdu KO/urdu b/urdu Indian/english agent/english bolnrhe/urdu ho/urdu jhoothe/urdu Hippocrates/english dhokhebaaz/urdu logo/urdu sharam/urdu bchi/urdu ho/urdu to/urdu dub/urdu mro/urdu Indian/english army/english JB/urdu Pakistani/english atakwadijo/urdu KO/urdu kuta/urdu ki/urdu mot/urdu deti/urdu Hy/urdu Jo/urdu Pakistani/english border/english cross/english krke/urdu humare/urdu desh/urdu mai/urdu guste/urdu hyn/urdu tb/urdu Pakistani/english KO/urdu bra/urdu darad/urdu hota/urdu pr/urdu Pakistani/english army/english nihathe/urdu bekasoor/urdu logo/urdu KO/urdu sidi/urdu goli/urdu mar/urdu rhi/urdu Hy/urdu pr/urdu derpok/urdu Pakistani/english koi/urdu protest/english nhi/urdu koi/urdu swap/english nhi/urdu army/english se/urdu philistine/english to/urdu door/urdu tha/urdu pr/urdu derpoko/urdu Kashmir/urdu kio/urdu nhi/urdu gy/urdu ab/urdu tk/urdu musalmano/urdu KO/urdu bachane/urdu shame/english on/english Pakistani/english people/english and/english army/english for/english killing/english only/english own/english people/english God/english protect/english pok/urdu Kashmiri/english brothers/english and/english sisters/english
BaMLBWWvNHA,Isne aon se bola hoga Rajab ke khilaaf bol kar jitne views milenge un views ke paise aade aade karenge,yes,offensive,na,anger,Isne/urdu aon/urdu se/urdu bola/urdu hoga/urdu Rajab/urdu ke/urdu khilaaf/urdu bol/urdu kar/urdu jitne/urdu views/english milenge/urdu un/urdu views/english ke/urdu paise/urdu aade/urdu aade/urdu karenge/urdu
gvG35CxYOLg,Yaar wolf crew broo cmon shaadi hogaye to kya abh koi wolf crew bai,yes,none,na,surprise|anger,Yaar/urdu wolf/english crew/english broo/english cmon/english shaadi/urdu hogaye/urdu to/urdu kya/urdu abh/urdu koi/urdu wolf/english crew/english bai/urdu
FH8OUP2_sN4,Aray bhaii ye sab mehnga khareeda h ap ne 😅,yes,none,na,surprise|joy,Aray/urdu bhaii/urdu ye/urdu sab/urdu mehnga/urdu khareeda/urdu h/urdu ap/urdu ne/urdu 😅/ambiguous
WJxfQWiP9DQ,Ye sub Imran Khan ki sachchaee or sabar ka Natija Hy. inshaAllah Imran Khan Azaad hojaengay. Ameen,no,none,na,joy,Ye/urdu sub/urdu Imran/urdu Khan/urdu ki/urdu sachchaee/urdu or/urdu sabar/urdu ka/urdu Natija/urdu Hy/urdu inshaAllah/urdu Imran/urdu Khan/urdu Azaad/urdu hojaengay/urdu Ameen/urdu
FH8OUP2_sN4,Ducky bhai apna 3month sugar test ker aye. Dark guddi matlab sugar ziada hai,no,none,na,none,english/ambiguous urdu/ambiguous urdu/ambiguous english/ambiguous english/ambiguous english/ambiguous urdu/ambiguous urdu/ambiguous english/ambiguous urdu/ambiguous urdu/ambiguous english/ambiguous urdu/ambiguous
8ksTrbtyTco,Yar Ayesha apka dress konsy brand ka hy? I want to buy. Bht pyara hy,no,none,na,joy,Yar/urdu Ayesha/ambiguous apka/urdu dress/english konsy/urdu brand/english ka/urdu hy/urdu I/english want/english to/english buy/english Bht/urdu pyara/urdu hy/urdu
EyrNOfyxSBQ,"Khud gharat ni apni family Society k agy pesh krty ho ap log ha hi jahil log duniya me fasad mcha rahy ho Allah Tum log ko tabah kry 
Lanat ho aesi haraam ki kamai se jahanum ki age me tarpo gge",no,hate,na,anger,Khud/urdu gharat/urdu ni/urdu apni/urdu family/english Society/english k/urdu agy/urdu pesh/urdu krty/urdu ho/urdu ap/urdu log/urdu ha/urdu hi/urdu jahil/urdu log/urdu duniya/urdu me/urdu fasad/urdu mcha/urdu rahy/urdu ho/urdu Allah/urdu Tum/urdu log/urdu ko/urdu tabah/urdu kry/urdu Lanat/urdu ho/urdu aesi/urdu haraam/urdu ki/urdu kamai/urdu se/urdu jahanum/urdu ki/urdu age/urdu me/urdu tarpo/urdu gge/urdu
XHQrr9fmTkc,pink color ka please api,no,none,na,none,pink/english color/english ka/urdu please/english api/english
gvG35CxYOLg,i like you and sundas spicy food and shahveer bhai with Hashim❤😂😂,no,none,na,joy,i/english like/english you/english and/english sundas/urdu spicy/english food/english and/english shahveer/urdu bhai/urdu with/english Hashim/urdu
EyrNOfyxSBQ,Zraaaa achi Acting ni 😂,yes,none,na,joy,urdu/ambiguous urdu/urdu english/english urdu/urdu ambiguous/ambiguous
FH8OUP2_sN4,Ducky bhai plz ap agle vlog main aroob ka gala dubain,yes,offensive,na,anger,Ducky/ambiguous bhai/urdu plz/english ap/urdu agle/urdu vlog/english main/urdu aroob/ambiguous ka/urdu gala/urdu dubain/urdu
UiYpRBQ74fs,Foj mein koi garat mand abhi Raha nai,no,none,na,anger,Foj/urdu mein/urdu koi/urdu garat/urdu mand/urdu abhi/urdu Raha/urdu nai/urdu
FH8OUP2_sN4,Ducky bhai love you❤,no,none,na,joy,ambiguous/ambiguous bhai/urdu love/english you/english
BmpRnfu16YA,Itina Bhi Kuch khas Nahi,yes,none,na,none,Itina/urdu Bhi/urdu Kuch/urdu khas/urdu Nahi/urdu
HeZ2VBdJeOk,"A.o.A
Sir ya log Azerbaijan Q jatty hai.",no,none,na,none,A.o.A/ambiguous Sir/english ya/urdu log/urdu Azerbaijan/english Q/english jatty/urdu hai/urdu
IMnXqYDHhZI,Yeh sb tmharay sorkh ka kmal ha....ab koi bakwas na kray bakwas krny se pehly is ka dance dwkh lena...,yes,none,na,anger,Yeh/urdu sb/urdu tmharay/urdu sorkh/urdu ka/urdu kmal/urdu ha/urdu ab/urdu koi/urdu bakwas/urdu na/urdu kray/urdu bakwas/urdu krny/urdu se/urdu pehly/urdu is/urdu ka/urdu dance/english dwkh/urdu lena/urdu
EyrNOfyxSBQ,Rabia Api ap nay Sahi topic par flim B'nai ha ya dekhou Pasand ki shadi karna to jaiz ha na or agar ham social media par APNI video bhi post kar let gaye to Kya ho gaye na hamari ik muhaly ki larki Kay Sath aisa hi kiya gaya ha us bichari nay Sirf mubhat ki thi or us say phele us nay apny maa baap ko Bina batye videos bnana shru kardi or us Kay papa sakth khilf Thay kAhi us Kay papa nay dekh li or hamary Yaha mana kiya jata ha boyfriend bnany Kay liya to is us nay ik chip Kay bf bhi bna Liya jab us Kay papa ko ya dono bat pata chali us Kay papa nay gala daba kar bichari ko marr diya Sirf ya inho nay Al y asool nikaly ha in ki Waja say us bichari ja to  chaky gaye sary sal y,yes,none,na,anger|sadness,Rabia/urdu Api/urdu ap/urdu nay/urdu Sahi/urdu topic/english par/urdu flim/urdu B'nai/urdu ha/urdu ya/urdu dekhou/urdu Pasand/urdu ki/urdu shadi/urdu karna/urdu to/urdu jaiz/urdu ha/urdu na/urdu or/urdu agar/urdu ham/urdu social/english media/english par/urdu APNI/urdu video/english bhi/urdu post/english kar/urdu let/english gaye/urdu to/urdu Kya/urdu ho/urdu gaye/urdu na/urdu hamari/urdu ik/urdu muhaly/urdu ki/urdu larki/urdu Kay/urdu Sath/urdu aisa/urdu hi/urdu kiya/urdu gaya/urdu ha/urdu us/urdu bichari/urdu nay/urdu Sirf/urdu mubhat/urdu ki/urdu thi/urdu or/urdu us/urdu say/urdu phele/urdu us/urdu nay/urdu apny/urdu maa/urdu baap/urdu ko/urdu Bina/urdu batye/urdu videos/english bnana/urdu shru/urdu kardi/urdu or/urdu us/urdu Kay/urdu papa/urdu sakth/urdu khilf/urdu Thay/urdu kAhi/urdu us/urdu Kay/urdu papa/urdu nay/urdu dekh/urdu li/urdu or/urdu hamary/urdu Yaha/urdu mana/urdu kiya/urdu jata/urdu ha/urdu boyfriend/english bnany/urdu Kay/urdu liya/urdu to/urdu is/urdu us/urdu nay/urdu ik/urdu chip/urdu Kay/urdu bf/english bhi/urdu bna/urdu Liya/urdu jab/urdu us/urdu Kay/urdu papa/urdu ko/urdu ya/urdu dono/urdu bat/urdu pata/urdu chali/urdu us/urdu Kay/urdu papa/urdu nay/urdu gala/urdu daba/urdu kar/urdu bichari/urdu ko/urdu marr/urdu diya/urdu Sirf/urdu ya/urdu inho/urdu nay/urdu Al/ambiguous y/ambiguous asool/urdu nikaly/urdu ha/urdu in/urdu ki/urdu Waja/urdu say/urdu us/urdu bichari/urdu ja/urdu to/urdu chaky/urdu gaye/urdu sary/urdu sal/urdu y/ambiguous
WJxfQWiP9DQ,Bahi kotli aur mirpur kay bohat haalat kharab hai kotli may aurratu par tashaadat kiya gaya,no,offensive,na,anger|sadness,Bahi/urdu kotli/urdu aur/urdu mirpur/urdu kay/urdu bohat/urdu haalat/urdu kharab/urdu hai/urdu kotli/urdu may/urdu aurratu/urdu par/urdu tashaadat/urdu kiya/urdu gaya/urdu
IMnXqYDHhZI,Api plz Aizal k kpry dydyn,no,none,na,none,urdu/ambiguous plz/english Aizal/urdu k/urdu kpry/urdu dydyn/urdu
4k0ZV0UFZSw,Rlease imran khan great leader inshallha 🤲🏼🤲🏼🤲🏼🤲🏼🤲🏼🤲🏼🤲🏼🤲🏼🤲🏼🤲🏼🤲🏼🤲🏼🤲🏼🤲🏼ya Allah imran khan ki madad kar suma ameen inshallha niklo bhai sary please punjab,no,none,na,joy,english/ambiguous urdu/ambiguous urdu/ambiguous english/english english/english urdu/ambiguous ambiguous/ambiguous urdu/ambiguous english/english urdu/ambiguous urdu/ambiguous urdu/ambiguous urdu/ambiguous urdu/ambiguous urdu/ambiguous urdu/ambiguous urdu/ambiguous urdu/ambiguous urdu/ambiguous english/english urdu/ambiguous
VUKai4CZSNw,Vote for ducky bhai meet with usman,no,none,na,none,Vote/english for/english ducky/english bhai/urdu meet/english with/english usman/english
WJxfQWiP9DQ,Mohsin Naqvi msg dey rai k humari baat mano,no,none,na,none,Mohsin/ambiguous Naqvi/ambiguous msg/english dey/urdu rai/urdu k/urdu humari/urdu baat/urdu mano/urdu
zfjRK9s0pjA,Iqra hapie Allah AP ko seath de or AP ke Bache ko bi or main AP ki bauth bari fan hu,no,none,na,joy,Iqra/urdu hapie/english Allah/urdu AP/urdu ko/urdu seath/urdu de/urdu or/urdu AP/urdu ke/urdu Bache/urdu ko/urdu bi/urdu or/urdu main/urdu AP/urdu ki/urdu bauth/urdu bari/urdu fan/english hu/urdu
FH8OUP2_sN4,Sorry maine pahle nahin kiya tha abhi Kiya,no,none,na,none,Sorry/english maine/urdu pahle/urdu nahin/urdu kiya/urdu tha/urdu abhi/urdu Kiya/urdu
8ksTrbtyTco,Bade  he. maje  Ke competition tha ye 😂😂😂,yes,none,na,joy|surprise,Bade/urdu he/urdu maje/urdu Ke/urdu competition/english tha/urdu ye/urdu 😂😂😂/ambiguous
BmpRnfu16YA,Mera gar be same hai❤❤,no,none,na,joy,Mera/urdu gar/urdu be/urdu same/urdu hai/urdu
HeZ2VBdJeOk,"Asllam o alikum.imran Bhai 
Main job Les ho gya Hun. Please help me",no,none,na,sadness|fear,Asllam/urdu o/urdu alikum.imran/urdu Bhai/urdu Main/urdu job/english Les/urdu ho/urdu gya/urdu Hun./urdu Please/english help/english me/english
8ksTrbtyTco,"Jab rhs ki bv ne croquettes banye the mene iski recipe copy ki thi same
Aur phir parindo ne hi khaye thay! Itni gandi recipe! Or cook bani v huti hai",yes,none,na,anger,Jab/urdu rhs/ambiguous ki/urdu bv/ambiguous ne/urdu croquettes/english banye/urdu the/urdu mene/urdu iski/urdu recipe/english copy/english ki/urdu thi/urdu same/english Aur/urdu phir/urdu parindo/urdu ne/urdu hi/urdu khaye/urdu thay/urdu Itni/urdu gandi/urdu recipe/english Or/english cook/english bani/urdu v/ambiguous huti/urdu hai/urdu
gvG35CxYOLg,Bhai 3x spice buldak Khao,no,none,na,joy,Bhai/urdu 3x/english spice/english buldak/english Khao/urdu
VUKai4CZSNw,Mary vlogs kis kis ny dkhy hy.sab dost mary chenl ko b vist kro.i am new,no,none,na,none,Mary/ambiguous vlogs/english kis/urdu kis/urdu ny/urdu dkhy/urdu hy.sab/urdu dost/urdu mary/ambiguous chenl/urdu ko/urdu b/urdu vist/urdu kro.i/urdu am/english new/english
EyrNOfyxSBQ,Bohat achi movie ha 🥹🥰,no,none,na,joy,Bohat/urdu achi/urdu movie/english ha/urdu 🥹🥰/ambiguous
BmpRnfu16YA,Haya ke ghar ke saamne sistrology house is poor house litterly😂😅,yes,none,na,joy|surprise,Haya/urdu ke/urdu ghar/urdu ke/urdu saamne/urdu sistrology/english house/english is/english poor/english house/english litterly/english
BljaIOvFkcM,Mujhe yaqeen nahi Horaha he ke ye India me he ya Pakistan me 😮,yes,none,na,surprise,Mujhe/urdu yaqeen/urdu nahi/urdu Horaha/urdu he/urdu ke/urdu ye/urdu India/english me/urdu he/urdu ya/urdu Pakistan/english me/urdu 😮/ambiguous
UiYpRBQ74fs,Dollars khor Dollars k liye masoom qaum ko dehshat gard keh rehe hein,yes,offensive,na,anger,Dollars/english khor/urdu Dollars/english k/urdu liye/urdu masoom/urdu qaum/urdu ko/urdu dehshat/urdu gard/urdu keh/urdu rehe/urdu hein/urdu
N-0DINjOMlY,Sardi Sardi kerni  hai but kanwal bibi ne shawl nahi orhni 😂 Modren nahi lagay gi 😂,yes,offensive,na,joy,Sardi/urdu Sardi/urdu kerni/urdu hai/urdu but/english kanwal/urdu bibi/urdu ne/urdu shawl/urdu nahi/urdu orhni/urdu 😂/ambiguous Modren/english nahi/urdu lagay/urdu gi/urdu 😂/ambiguous
-w7eMfsuRgA,Form 47 ki najayez pedawar namanzoor,no,none,na,anger,english/english english/english urdu/urdu urdu/urdu urdu/urdu urdu/urdu
zXAAAXogJ78,Collar ko kia hoia AP k bhai,yes,none,na,anger|surprise,Collar/english ko/urdu kia/urdu hoia/urdu AP/ambiguous k/urdu bhai/urdu
XHQrr9fmTkc,"Fatima Api   
اسلام علیکم 
Ma Gwadar sa AP ki big fan hon ❤  maera dream han 
Ka ma tujae sa mil paon 😢",no,none,na,joy|sadness,Fatima/ambiguous Api/urdu اسلام/urdu علیکم/urdu Ma/english Gwadar/urdu sa/urdu AP/english ki/urdu big/english fan/english hon/urdu ❤/ambiguous maera/urdu dream/english han/urdu Ka/urdu ma/urdu tujae/urdu sa/urdu mil/urdu paon/urdu 😢/ambiguous
Erif7Vj9NSQ,Fatima api pa mujha bhot achi lagti Hain or AP ki sare sis mujhy bhot achi lagti Hain AK AP or AK rabia api or hira api AP mujy Zainab api or jis AP ki abi shadi how ha us ka nam mujha nai PATA ? 😢😢 Or jis ki Shaadi how ha us api ko mare comment zarur dekhana ka mare taraf sa shadi Mubarak,no,none,na,joy|sadness,Fatima/urdu api/urdu pa/urdu mujha/urdu bhot/urdu achi/urdu lagti/urdu Hain/urdu or/urdu AP/urdu ki/urdu sare/urdu sis/urdu mujhy/urdu bhot/urdu achi/urdu lagti/urdu Hain/urdu AK/urdu AP/urdu or/urdu AK/urdu rabia/urdu api/urdu or/urdu hira/urdu api/urdu AP/urdu mujy/urdu Zainab/urdu api/urdu or/urdu jis/urdu AP/urdu ki/urdu abi/urdu shadi/urdu how/urdu ha/urdu us/urdu ka/urdu nam/urdu mujha/urdu nai/urdu PATA/urdu ?/ambiguous 😢😢/ambiguous Or/english jis/urdu ki/urdu Shaadi/urdu how/urdu ha/urdu us/urdu api/urdu ko/urdu mare/urdu comment/english zarur/urdu dekhana/urdu ka/urdu mare/urdu taraf/urdu sa/urdu shadi/urdu Mubarak/urdu
IMnXqYDHhZI,bibi teno khuda da wasta to vlog na banaya kr zahar lagdi vlog banandi hoey tm se acha vlog tera shohar banada wa lanty urat,yes,hate,na,anger,bibi/urdu teno/urdu khuda/urdu da/urdu wasta/urdu to/urdu vlog/english na/urdu banaya/urdu kr/urdu zahar/urdu lagdi/urdu vlog/english banandi/urdu hoey/urdu tm/urdu se/urdu acha/urdu vlog/english tera/urdu shohar/urdu banada/urdu wa/urdu lanty/urdu urat/urdu
zXAAAXogJ78,Best vloger in the world Allah apdono Ke jori KO hamesha salamat rakhe ameen ❤❤,no,none,na,joy,Best/english vloger/english in/english the/english world/english Allah/urdu apdono/urdu Ke/urdu jori/urdu KO/urdu hamesha/urdu salamat/urdu rakhe/urdu ameen/urdu ❤❤/ambiguous
zfjRK9s0pjA,Ap  anabiya Ka face dikhayen,no,none,na,none,urdu/urdu anabiya/urdu ka/urdu face/english dikhayen/urdu
WJxfQWiP9DQ,Pehlay konsa mulk mein Marshall law wala mahol nai hey.,yes,none,na,anger,Pehlay/urdu konsa/urdu mulk/urdu mein/urdu Marshall/english law/english wala/urdu mahol/urdu nai/urdu hey/urdu
BaMLBWWvNHA,Jharkhand nearby bhokna band kar do raja bhai ke bade ek baat bhi nahin Karni,yes,offensive,na,anger,Jharkhand/ambiguous nearby/english bhokna/urdu band/urdu kar/urdu do/urdu raja/urdu bhai/urdu ke/urdu bade/urdu ek/urdu baat/urdu bhi/urdu nahin/urdu Karni/urdu
BaMLBWWvNHA,Rajab se sab jalte Hein sab he 😊,yes,offensive,na,anger,Rajab/urdu se/urdu sab/urdu jalte/urdu Hein/urdu sab/urdu he/urdu 😊/ambiguous
XHQrr9fmTkc,Fatima API Aap ke Vlog Both Chote hote ha,no,none,na,none,Fatima/ambiguous API/english Aap/urdu ke/urdu Vlog/english Both/english Chote/urdu hote/urdu ha/urdu
zfjRK9s0pjA,Main koi message  nahi karti leken Maine  ag pehle bar comment kiya  alani cute si beti ka face travel na Karina warna nazare lag gai gi or Apki beti ka face wallpaper  par laga Hua hai kiya me na Aoki 1 video  main na sekha tha❤,yes,none,na,joy|surprise,Main/urdu koi/urdu message/english nahi/urdu karti/urdu leken/urdu Maine/urdu ag/urdu pehle/urdu bar/urdu comment/english kiya/urdu alani/urdu cute/english si/urdu beti/urdu ka/urdu face/english travel/english na/urdu Karina/urdu warna/urdu nazare/urdu lag/urdu gai/urdu gi/urdu or/english Apki/urdu beti/urdu ka/urdu face/english wallpaper/english par/urdu laga/urdu Hua/urdu hai/urdu kiya/urdu me/urdu na/urdu Aoki/ambiguous 1/ambiguous video/english main/urdu na/urdu sekha/urdu tha/urdu
4k0ZV0UFZSw,"Dunia kahan say kahan paunch Gai AP Imran k peechy pary ho, per AP bhe kia kren apke rozi roti isi pe chlti hai, views ka moamla hai , apka Dard smj skta",yes,none,na,anger|sadness,Dunia/urdu kahan/urdu say/urdu kahan/urdu paunch/urdu Gai/urdu AP/urdu Imran/urdu k/urdu peechy/urdu pary/urdu ho/urdu per/urdu AP/urdu bhe/urdu kia/urdu kren/urdu apke/urdu rozi/urdu roti/urdu isi/urdu pe/urdu chlti/urdu hai/urdu views/english ka/urdu moamla/urdu hai/urdu apka/urdu Dard/urdu smj/urdu skta/urdu
eY0i4nBXqdY,Acha pocha ye tha k ye shrai safer hai aur aurat mahram k baghir kaisy safer kr skti hai,yes,none,na,anger,Acha/urdu pocha/urdu ye/urdu tha/urdu k/urdu ye/urdu shrai/urdu safer/english hai/urdu aur/urdu aurat/urdu mahram/urdu k/urdu baghir/urdu kaisy/urdu safer/english kr/urdu skti/urdu hai/urdu
Erif7Vj9NSQ,Aap sab ka pet dekhraha hai😢😮,no,none,na,sadness|surprise,Aap/urdu sab/urdu ka/urdu pet/urdu dekhraha/urdu hai/urdu
BaMLBWWvNHA,"Finally we'll done zulqarnain Rajab Family ache nahi ha bacho ko kharab ker ke rhaka ha bache is omer mai Galia dete ha maa baab se baat ker ne ki tammez nahi ha rajab ko bache ye sab os rajab se sheek rahe ha bache din ba din kharab hoe ja rahe ha maa se baab se bhen se or biwi se baat Kerne ki taufiq nahi ha.Trading ker ke gher Liya ha trading ha ik sood ha ye ik sherik ha kisi ko nahi pata 
Plz Zulqarnain bhai ye message video mai bol de ge plz ta ke is rajab ko puri duniyah chor de plz ye ap message mai bol de ge plz 🙏",no,offensive,na,anger|sadness,Finally/english we'll/english done/english zulqarnain/urdu Rajab/urdu Family/english ache/urdu nahi/urdu ha/urdu bacho/urdu ko/urdu kharab/urdu ker/urdu ke/urdu rhaka/urdu ha/urdu bache/urdu is/urdu omer/urdu mai/urdu Galia/urdu dete/urdu ha/urdu maa/urdu baab/urdu se/urdu baat/urdu ker/urdu ne/urdu ki/urdu tammez/urdu nahi/urdu ha/urdu rajab/urdu ko/urdu bache/urdu ye/urdu sab/urdu os/urdu rajab/urdu se/urdu sheek/urdu rahe/urdu ha/urdu bache/urdu din/urdu ba/urdu din/urdu kharab/urdu hoe/urdu ja/urdu rahe/urdu ha/urdu maa/urdu se/urdu baab/urdu se/urdu bhen/urdu or/urdu biwi/urdu se/urdu baat/urdu Kerne/urdu ki/urdu taufiq/urdu nahi/urdu ha/urdu Trading/english ker/urdu ke/urdu gher/urdu Liya/urdu ha/urdu trading/english ha/urdu ik/urdu sood/urdu ha/urdu ye/urdu ik/urdu sherik/urdu ha/urdu kisi/urdu ko/urdu nahi/urdu pata/urdu Plz/english Zulqarnain/urdu bhai/urdu ye/urdu message/english video/english mai/urdu bol/urdu de/urdu ge/urdu plz/english ta/urdu ke/urdu is/urdu rajab/urdu ko/urdu puri/urdu duniyah/urdu chor/urdu de/urdu plz/english ye/urdu ap/urdu message/english mai/urdu bol/urdu de/urdu ge/urdu plz/english
BaMLBWWvNHA,"O bhai maza agaya 😂
Rajab family ❌ Fitna family✅",yes,offensive,na,joy|anger,O/urdu bhai/urdu maza/urdu agaya/urdu 😂/ambiguous Rajab/ambiguous family/english ❌/ambiguous Fitna/ambiguous family/english
BmpRnfu16YA,sistrology se zada haya amir lagta h,yes,none,na,anger,english/english urdu/urdu urdu/urdu urdu/urdu urdu/urdu urdu/urdu urdu/urdu
WJxfQWiP9DQ,Noon ki ni chati halat trhk ho kiun.kay noom.leak khud chahati hay army kay janrail badnam hon awaam sara nazla army par dalti kiun kay lay kar any wali army hay,yes,offensive,na,anger,Noon/urdu ki/urdu ni/urdu chati/urdu halat/urdu trhk/urdu ho/urdu kiun.kay/urdu noom.leak/urdu khud/urdu chahati/urdu hay/urdu army/english kay/urdu janrail/urdu badnam/urdu hon/urdu awaam/urdu sara/urdu nazla/urdu army/english par/urdu dalti/urdu kiun/urdu kay/urdu lay/urdu kar/urdu any/english wali/urdu army/english hay/urdu
XHQrr9fmTkc,Fatima api ap mujhe bahut acchi lagti ho❤❤❤❤ so cute 🥰,no,none,na,joy,Fatima/ambiguous api/urdu ap/urdu mujhe/urdu bahut/urdu acchi/urdu lagti/urdu ho/urdu so/english cute/english 🥰/ambiguous
IMnXqYDHhZI,Infact kanwal husband se bari ha age mein dikhny mein b lgti that's y she didn't respect her husband,no,offensive,na,anger,english/english urdu/urdu english/english urdu/urdu urdu/urdu urdu/urdu english/english urdu/urdu urdu/urdu urdu/urdu urdu/urdu urdu/urdu english/english english/english english/english english/english english/english english/english
XHQrr9fmTkc,abi to ap trip par gara ta,yes,none,na,joy,abi/urdu to/urdu ap/urdu trip/english par/urdu gara/urdu ta/urdu
HeZ2VBdJeOk,Ap ko kia lagta 2018 me dandli nhai hoi,yes,none,na,anger,Ap/urdu ko/urdu kia/urdu lagta/urdu 2018/ambiguous me/urdu dandli/urdu nhai/urdu hoi/urdu
BljaIOvFkcM,"Allah kareem mosallmano ki hafazat farmay.
Ameen.",no,none,na,joy,Allah/urdu kareem/urdu mosallmano/urdu ki/urdu hafazat/urdu farmay/urdu Ameen/urdu
IMnXqYDHhZI,Apky views millions main pehly dim he ajty thy kia ab apka content log nhi dekhty.,yes,none,na,anger,Apky/urdu views/english millions/english main/urdu pehly/urdu dim/urdu he/urdu ajty/urdu thy/urdu kia/urdu ab/urdu apka/urdu content/english log/urdu nhi/urdu dekhty/urdu
zXAAAXogJ78,9:40 pe ayesha ki turn ai thi usay b pta ni chala or kisi or nay b ni dekha.,no,none,na,surprise,english/ambiguous urdu/urdu urdu/urdu urdu/urdu urdu/urdu urdu/urdu urdu/urdu urdu/urdu urdu/urdu urdu/urdu urdu/urdu urdu/urdu urdu/urdu urdu/urdu urdu/urdu urdu/urdu urdu/urdu urdu/urdu urdu/urdu
zXAAAXogJ78,Bhai ye challenge ap sheikh or babar salamat kro fir maza ayga zyda,no,none,na,joy,Bhai/urdu ye/urdu challenge/english ap/urdu sheikh/urdu or/urdu babar/urdu salamat/urdu kro/urdu fir/urdu maza/urdu ayga/urdu zyda/urdu
BaMLBWWvNHA,Ya isi ka kabail hai,yes,none,na,anger,Ya/urdu isi/urdu ka/urdu kabail/urdu hai/urdu
BmpRnfu16YA,Zainab cute ban 34:25 e ki koshish kar rahi h,yes,none,na,joy,Zainab/ambiguous cute/english ban/english 34:25/ambiguous e/urdu ki/urdu koshish/urdu kar/urdu rahi/urdu h/urdu
N-0DINjOMlY,AP ny kon  sa award win keya ha ???,yes,none,na,surprise,AP/ambiguous ny/urdu kon/urdu sa/urdu award/english win/english keya/urdu ha/urdu ???/ambiguous
BljaIOvFkcM,Allah pk hmary kashmiri bro k help kry ameen summa ameen 😢😢 shame on yazid munira mistri,no,offensive,na,sadness|anger,Allah/urdu pk/english hmary/urdu kashmiri/english bro/english k/urdu help/english kry/urdu ameen/urdu summa/urdu ameen/urdu 😢😢/ambiguous shame/english on/english yazid/urdu munira/urdu mistri/urdu
WJxfQWiP9DQ,Allah ka shukr hai der Aaye durust I❤,no,none,na,joy,Allah/urdu ka/urdu shukr/urdu hai/urdu der/urdu Aaye/urdu durust/urdu I❤/english
BaMLBWWvNHA,kutti ka bucha lanat tara ta suba sham,no,offensive,na,anger,kutti/urdu ka/urdu bucha/urdu lanat/urdu tara/urdu ta/urdu suba/urdu sham/urdu
nqbNLe84dpM,Mam app ke fan bat kir rea ho bhotea dourea sa  pleace 1 mealionSubscribe kir do,no,none,na,joy,Mam/urdu app/english ke/urdu fan/english bat/urdu kir/urdu rea/urdu ho/urdu bhotea/urdu dourea/urdu sa/urdu pleace/english 1/english mealionSubscribe/english kir/urdu do/urdu
8ksTrbtyTco,Iqra or areeb ka sath b karo please please 🥺 iqreab,no,none,na,joy,Iqra/ambiguous or/english areeb/ambiguous ka/urdu sath/urdu b/urdu karo/urdu please/english please/english 🥺/ambiguous iqreab/ambiguous
IMnXqYDHhZI,Kanwal ap plz apna chanel bnao jis m ap apni routine r aizal ki routine dikhao,no,none,na,none,Kanwal/ambiguous ap/urdu plz/english apna/urdu chanel/english bnao/urdu jis/urdu m/urdu ap/urdu apni/urdu routine/english r/urdu aizal/urdu ki/urdu routine/english dikhao/urdu
ttL6k7wzGmQ,Sami bhai vakya leadership jo hai vah Imran Khan ki baat nahin man Rahi abhi tak Nahin man rahi ho sakta hai aap inki bahane nikali hai Khan sahab ki to uske sath nikale sab MP MLA leadership yah Punjab se nikale Khuda ki kasam kpop ki bhul jaenge yah sabse jyada Punjabi nikalne ke Liye taiyar hai jinhone mare Khai hai istemaal karvai hai karobar karvayen Sara kuchh khatm karva liya yah Jo PTI kar Kaun hai yah sarkar ki baji Laga denge yah pura Punjab nikal denge jakar MP mein Sath nikale leadership Sath nikale to,yes,offensive,na,anger,urdu/urdu urdu/urdu urdu/urdu urdu/urdu urdu/urdu urdu/urdu urdu/urdu english/english english/english urdu/urdu urdu/urdu urdu/urdu urdu/urdu urdu/urdu urdu/urdu urdu/urdu urdu/urdu urdu/urdu urdu/urdu urdu/urdu urdu/urdu urdu/urdu urdu/urdu urdu/urdu urdu/urdu english/english english/english urdu/urdu urdu/urdu urdu/urdu urdu/urdu urdu/urdu english/english english/english urdu/urdu urdu/urdu urdu/urdu urdu/urdu urdu/urdu urdu/urdu urdu/urdu urdu/urdu urdu/urdu urdu/urdu urdu/urdu urdu/urdu urdu/urdu urdu/urdu urdu/urdu urdu/urdu urdu/urdu urdu/urdu urdu/urdu urdu/urdu urdu/urdu urdu/urdu urdu/urdu urdu/urdu urdu/urdu urdu/urdu urdu/urdu urdu/urdu urdu/urdu english/english urdu/urdu urdu/urdu urdu/urdu urdu/urdu urdu/urdu urdu/urdu urdu/urdu urdu/urdu urdu/urdu urdu/urdu urdu/urdu urdu/urdu urdu/urdu urdu/urdu urdu/urdu english/english urdu/urdu urdu/urdu urdu/urdu urdu/urdu urdu/urdu urdu/urdu urdu/urdu urdu/urdu
Erif7Vj9NSQ,Sister ka sat prank rabia ka sat,yes,none,na,joy,Sister/english ka/urdu sat/urdu prank/english rabia/urdu ka/urdu sat/urdu
FH8OUP2_sN4,bhai mwra mobile la k ana😢😢😢😢,yes,none,na,sadness,bhai/urdu mwra/urdu mobile/english la/urdu k/urdu ana/urdu
HeZ2VBdJeOk,Hashmi itni jurrat se kaese bol rha he mulk me beth ke,yes,offensive,na,anger,Hashmi/ambiguous itni/urdu jurrat/urdu se/urdu kaese/urdu bol/urdu rha/urdu he/urdu mulk/urdu me/urdu beth/urdu ke/urdu
XHQrr9fmTkc,Red colour ka challenge karo api,no,none,na,joy,Red/english colour/english ka/urdu challenge/english karo/urdu api/urdu
VUKai4CZSNw,sabse pehley tu logon ko biomono k baray mein batana choro as it is a scam,no,none,misinfo,anger,sabse/urdu pehley/urdu tu/urdu logon/urdu ko/urdu biomono/ambiguous k/urdu baray/urdu mein/urdu batana/urdu choro/urdu as/english it/english is/english a/english scam/english
BmpRnfu16YA,Plese fatima api ap apne ghr ka home tour karvayan please fatima api,no,none,na,none,english/ambiguous urdu/urdu urdu/urdu urdu/urdu urdu/urdu urdu/urdu urdu/urdu english/english english/english urdu/urdu english/english urdu/urdu urdu/urdu
PKFU1F2QEMQ,Mashallah Mashallah bht piyara hai aap ka ghr aur mujhy tou First floor means k Sehan wala Portion bht ziyada psnd aya hai kiun k iss tarah ki jagah mere dreams main aa chuki hai issi liye mujhy bht ziyada psnd aya hai aap k ghr ka upper wala portion Mashallah Mashallah Allah Naseeb kre Ameen Sumameen😊😊😊😍😍❤❤❤,no,none,na,joy,Mashallah/urdu Mashallah/urdu bht/urdu piyara/urdu hai/urdu aap/urdu ka/urdu ghr/urdu aur/urdu mujhy/urdu tou/urdu First/english floor/english means/english k/urdu Sehan/urdu wala/urdu Portion/english bht/urdu ziyada/urdu psnd/urdu aya/urdu hai/urdu kiun/urdu k/urdu iss/urdu tarah/urdu ki/urdu jagah/urdu mere/urdu dreams/english main/urdu aa/urdu chuki/urdu hai/urdu issi/urdu liye/urdu mujhy/urdu bht/urdu ziyada/urdu psnd/urdu aya/urdu hai/urdu aap/urdu k/urdu ghr/urdu ka/urdu upper/english wala/urdu portion/english Mashallah/urdu Mashallah/urdu Allah/urdu Naseeb/urdu kre/urdu Ameen/urdu Sumameen/urdu
gvG35CxYOLg,Plz next time don't attempt that type of fazollllll tasks.....health se zeda important kch ni hy bhi ....stay safe blessed & happy bht sari duain.....,no,none,na,fear|joy,Plz/english next/english time/english don't/english attempt/english that/english type/english of/english fazollllll/urdu tasks.....health/english se/urdu zeda/urdu important/english kch/urdu ni/urdu hy/urdu bhi/urdu ....stay/english safe/english blessed/english &/english happy/english bht/urdu sari/urdu duain./urdu
8ksTrbtyTco,Iqra kanwal k saath cooking wala challenge nahi aya?,no,none,na,surprise,Iqra/ambiguous kanwal/ambiguous k/urdu saath/urdu cooking/english wala/urdu challenge/english nahi/urdu aya/urdu
BljaIOvFkcM,Bharat mein cockroach party k ehtjaj per sirf 1 police walay ne gun uthai thi to uss per case ho gya tha inhon ne to zulme azeem kr diya hei masjid k andar firing kr k Imam Masjid aur nimaziyon ko shaheed kr diya tha raat bhar firing ki awazain aati rehti hein ird gird se,yes,hate,misinfo,anger|sadness,Bharat/urdu mein/urdu cockroach/english party/english k/urdu ehtjaj/urdu per/urdu sirf/urdu 1/ambiguous police/english walay/urdu ne/urdu gun/english uthai/urdu thi/urdu to/urdu uss/urdu per/urdu case/english ho/urdu gya/urdu tha/urdu inhon/urdu ne/urdu to/urdu zulme/urdu azeem/urdu kr/urdu diya/urdu hei/urdu masjid/urdu k/urdu andar/urdu firing/english kr/urdu k/urdu Imam/urdu Masjid/urdu aur/urdu nimaziyon/urdu ko/urdu shaheed/urdu kr/urdu diya/urdu tha/urdu raat/urdu bhar/urdu firing/english ki/urdu awazain/urdu aati/urdu rehti/urdu hein/urdu ird/urdu gird/urdu se/urdu
XHQrr9fmTkc,Fatima api ap to such ma ladka lag rahe ho😊,yes,none,na,joy,Fatima/ambiguous api/urdu ap/urdu to/urdu such/urdu ma/urdu ladka/urdu lag/urdu rahe/urdu ho/urdu
zfjRK9s0pjA,Ameen theek rahy  or AP ka ghar me sab theek rahy,no,none,na,joy,Ameen/urdu theek/urdu rahy/urdu or/urdu AP/urdu ka/urdu ghar/urdu me/urdu sab/urdu theek/urdu rahy/urdu
VUKai4CZSNw,aroob ap ko 2026 ma dhoka dy gi😥,yes,none,na,sadness,aroob/ambiguous ap/urdu ko/urdu 2026/english ma/urdu dhoka/urdu dy/urdu gi/urdu
nqbNLe84dpM,Cip challeges lays lqral kawanal love you hai,no,none,na,joy,Cip/ambiguous challeges/english lays/english lqral/ambiguous kawanal/ambiguous love/english you/english hai/urdu
EyrNOfyxSBQ,So so beautiful movie from Rabia AApi please next part bhi banae🥺🥺🥺🥺🥺🥺🥺🥺🥺🥺🥺🥺🥺🥺🥺🥺🥺🥺🥺🥺🥺🥺🥺🥺🥺🥺🥺,no,none,na,joy,So/english so/english beautiful/english movie/english from/english Rabia/ambiguous AApi/urdu please/english next/english part/english bhi/urdu banae/urdu
eY0i4nBXqdY,Hira api ko bi umara  pa la jo,yes,none,na,none,Hira/ambiguous api/urdu ko/urdu bi/urdu umara/urdu pa/urdu la/urdu jo/urdu
8ksTrbtyTco,Biwiya dekhany ka moka chaiyy huta bus Chalo paisa kamao inko apni izato ko dikha k,yes,offensive,na,anger,Biwiya/urdu dekhany/urdu ka/urdu moka/urdu chaiyy/urdu huta/urdu bus/urdu Chalo/urdu paisa/urdu kamao/urdu inko/urdu apni/urdu izato/urdu ko/urdu dikha/urdu k/urdu
IMnXqYDHhZI,Joton pe mashallah kon khta ha,yes,none,na,surprise,Joton/urdu pe/urdu mashallah/urdu kon/urdu khta/urdu ha/urdu
WJxfQWiP9DQ,Only solution 10 caror logon ko ka sar tan se juda karna huga ju ju establishment aur siyasi parton ko Support kare ga chahy wo taqi usmani hie kyu na sabko Asi mayt deni hugi tab jake ek rasta nikal aye ga warna ye rona dona free ye free wo in jalsy jaloso se kuch nahi hune wala,yes,hate,na,anger,Only/english solution/english 10/ambiguous caror/urdu logon/urdu ko/urdu ka/urdu sar/urdu tan/urdu se/urdu juda/urdu karna/urdu huga/urdu ju/urdu ju/urdu establishment/english aur/urdu siyasi/urdu parton/urdu ko/urdu Support/english kare/urdu ga/urdu chahy/urdu wo/urdu taqi/urdu usmani/urdu hie/urdu kyu/urdu na/urdu sabko/urdu Asi/urdu mayt/urdu deni/urdu hugi/urdu tab/urdu jake/urdu ek/urdu rasta/urdu nikal/urdu aye/urdu ga/urdu warna/urdu ye/urdu rona/urdu dona/urdu free/english ye/urdu free/english wo/urdu in/urdu jalsy/urdu jaloso/urdu se/urdu kuch/urdu nahi/urdu hune/urdu wala/urdu
zfjRK9s0pjA,Allah AP ko  AP jaisi bheti na dai,no,none,na,sadness,Allah/urdu AP/urdu ko/urdu AP/urdu jaisi/urdu bheti/urdu na/urdu dai/urdu
nqbNLe84dpM,Areeb apni saliyo sy kutto wali krwata besharam,yes,offensive,na,anger,Areeb/ambiguous apni/urdu saliyo/urdu sy/urdu kutto/urdu wali/urdu krwata/urdu besharam/urdu
BaMLBWWvNHA,Rajab butt salute zulqar ku mirchi lagi hai,yes,offensive,na,joy|anger,Rajab/ambiguous butt/ambiguous salute/english zulqar/ambiguous ku/urdu mirchi/urdu lagi/urdu hai/urdu
BaMLBWWvNHA,Good bhai Acha kiya is ny sb k bacho ko kherab kiya hy,yes,offensive,na,anger,Good/english bhai/urdu Acha/urdu kiya/urdu is/urdu ny/urdu sb/urdu k/urdu bacho/urdu ko/urdu kherab/urdu kiya/urdu hy/urdu
BmpRnfu16YA,Hello koi mere comment per like kardo,no,none,na,none,Hello/english koi/urdu mere/urdu comment/english per/urdu like/english kardo/urdu
IMnXqYDHhZI,Humary bohaaat hi zrurt mand hy koi ap unko donat kar dy,no,none,na,sadness,Humary/urdu bohaaat/urdu hi/urdu zrurt/urdu mand/urdu hy/urdu koi/urdu ap/urdu unko/urdu donat/english kar/urdu dy/urdu
N-0DINjOMlY,Ap vlog na banaya karaii plzzz kanwal ko banaya diya karai wo bohat piyaara vlogs banati ha,no,none,na,joy,Ap/urdu vlog/english na/urdu banaya/urdu karaii/urdu plzzz/english kanwal/urdu ko/urdu banaya/urdu diya/urdu karai/urdu wo/urdu bohat/urdu piyaara/urdu vlogs/english banati/urdu ha/urdu
eY0i4nBXqdY,Aap log kabbi live q nahi atte plz aaa j,no,none,na,anger,Aap/urdu log/urdu kabbi/urdu live/english q/english nahi/urdu atte/urdu plz/english aaa/urdu j/english
BljaIOvFkcM,DSP hungu Kay liye tu bohat duaye maang rahay ho kabhi begunah pashtun bacho aur aurato Kay liye iss Tarah duaye maangi hain aap nay???!!!!!?????.,yes,hate,na,anger,english/ambiguous urdu/ambiguous urdu/ambiguous urdu/ambiguous urdu/ambiguous urdu/ambiguous urdu/ambiguous urdu/ambiguous urdu/ambiguous urdu/ambiguous urdu/ambiguous urdu/ambiguous urdu/ambiguous urdu/ambiguous urdu/ambiguous urdu/ambiguous urdu/ambiguous urdu/ambiguous urdu/ambiguous urdu/ambiguous urdu/ambiguous urdu/ambiguous urdu/ambiguous urdu/ambiguous
-w7eMfsuRgA,Ye sab kooch kashmir se nazaar hatane  ka tariqa  hey,yes,none,na,anger,Ye/urdu sab/urdu kooch/urdu kashmir/urdu se/urdu nazaar/urdu hatane/urdu ka/urdu tariqa/urdu hey/urdu
BljaIOvFkcM,"Is zmany ka yazeed asam Muneer,",no,none,na,none,english/ambiguous urdu/urdu urdu/urdu urdu/urdu urdu/urdu urdu/urdu
BmpRnfu16YA,33:27  half pink Hona half blue Hona chahiye tha Kiun ki ladko Ka fav blue ha,no,none,na,none,ambiguous/ambiguous half/english pink/english Hona/urdu half/english blue/english Hona/urdu chahiye/urdu tha/urdu Kiun/urdu ki/urdu ladko/urdu Ka/urdu fav/english blue/english ha/urdu
BmpRnfu16YA,Mere pass Basi hai Tere pass,yes,none,na,joy,Mere/urdu pass/urdu Basi/urdu hai/urdu Tere/urdu pass/urdu
IMnXqYDHhZI,Isko koi musalmaan hai tu is ke vlog ko unscribe kro jo muslim Alllah talah sr pyar krta hai tu is ko maza chaka do,no,hate,na,anger,Isko/urdu koi/urdu musalmaan/urdu hai/urdu tu/urdu is/urdu ke/urdu vlog/english ko/urdu unscribe/english kro/urdu jo/urdu muslim/urdu Alllah/urdu talah/urdu sr/ambiguous pyar/urdu krta/urdu hai/urdu tu/urdu is/urdu ko/urdu maza/urdu chaka/urdu do/urdu
hhFGhAo4ZfY,Flip the bottle again karo wo maze ka hota hy,no,none,na,joy,Flip/english the/english bottle/english again/english karo/urdu wo/urdu maze/urdu ka/urdu hota/urdu hy/urdu
N-0DINjOMlY,Ankhon mein ansu aa gaye jab ap aizal ko gale laga rahe thy 😢❤️,no,none,na,sadness|joy,Ankhon/urdu mein/urdu ansu/urdu aa/urdu gaye/urdu jab/urdu ap/urdu aizal/urdu ko/urdu gale/urdu laga/urdu rahe/urdu thy/urdu 😢❤️/ambiguous
-w7eMfsuRgA,Bilkul sahi kaha apne  in k haath  lithre hwe hen majbur  karkun on  k khun se,no,hate,na,anger,Bilkul/urdu sahi/urdu kaha/urdu apne/urdu in/urdu k/urdu haath/urdu lithre/urdu hwe/urdu hen/urdu majbur/urdu karkun/urdu on/urdu k/urdu khun/urdu se/urdu
BljaIOvFkcM,Bss ye petrol he reh gia hai in k pss jisy ye paisy bana kr mulk Chala rhy hain agr hum awam Kuch din k lye petrol b laina band kr dain tu phr in k pss Kuch b nhi rahe ga,yes,offensive,na,anger,Bss/urdu ye/urdu petrol/urdu he/urdu reh/urdu gia/urdu hai/urdu in/urdu k/urdu pss/urdu jisy/urdu ye/urdu paisy/urdu bana/urdu kr/urdu mulk/urdu Chala/urdu rhy/urdu hain/urdu agr/urdu hum/urdu awam/urdu Kuch/urdu din/urdu k/urdu lye/urdu petrol/urdu b/urdu laina/urdu band/urdu kr/urdu dain/urdu tu/urdu phr/urdu in/urdu k/urdu pss/urdu Kuch/urdu b/urdu nhi/urdu rahe/urdu ga/urdu
nqbNLe84dpM,BS shukar hai aap ne nahi khayi,yes,none,na,joy,BS/ambiguous shukar/urdu hai/urdu aap/urdu ne/urdu nahi/urdu khayi/urdu
eY0i4nBXqdY,Main aapki bahut badi fan hun aur mujhe aapse madad nahin karta Nahin hun matlab main aapse Milana bahut chahti hun matlab,no,none,na,joy,Main/urdu aapki/urdu bahut/urdu badi/urdu fan/english hun/urdu aur/urdu mujhe/urdu aapse/urdu madad/urdu nahin/urdu karta/urdu Nahin/urdu hun/urdu matlab/urdu main/urdu aapse/urdu Milana/urdu bahut/urdu chahti/urdu hun/urdu matlab/urdu
8ksTrbtyTco,Items Exchange Ki k Nhi Phir 😂🎉,yes,none,na,joy|surprise,Items/english Exchange/english Ki/urdu k/urdu Nhi/urdu Phir/urdu 😂🎉/ambiguous
8ksTrbtyTco,"How it can possible,,,, Maha ki cooking bht achi ha.. ..",yes,none,na,surprise,How/english it/english can/english possible/english Maha/urdu ki/urdu cooking/english bht/urdu achi/urdu ha/urdu
nqbNLe84dpM,API ma ap ki fan hu,no,none,na,joy,english/english urdu/urdu urdu/urdu urdu/urdu english/english urdu/urdu
BljaIOvFkcM,Government I P P ko Nationalize Kre,no,none,na,anger,Government/english I/english P/english P/english ko/urdu Nationalize/english Kre/urdu
WJxfQWiP9DQ,Imran Bhai  commander farooq sheed sabqa ssg 2 cdo ka tha,no,none,na,none,Imran/ambiguous Bhai/urdu commander/english farooq/urdu sheed/urdu sabqa/urdu ssg/english 2/english cdo/english ka/urdu tha/urdu
8ksTrbtyTco,Shukar ha ducky ko nahi bulya wrna koi b ya challenge na dekhta,yes,none,na,joy,Shukar/urdu ha/urdu ducky/english ko/urdu nahi/urdu bulya/urdu wrna/urdu koi/urdu b/urdu ya/urdu challenge/english na/urdu dekhta/urdu
nqbNLe84dpM,Iqra api plzzzz muja apni snapchat id ka name bta da plzzzzz 🙏🙏😭😭🥺🥺,no,none,na,sadness,Iqra/ambiguous api/urdu plzzzz/english muja/urdu apni/urdu snapchat/english id/english ka/urdu name/english bta/urdu da/urdu plzzzzz/english 🙏🙏😭😭🥺🥺/ambiguous
4k0ZV0UFZSw,Allah pak Imran Khan ki madat farmay,no,none,na,joy,Allah/urdu pak/urdu Imran/ambiguous Khan/urdu ki/urdu madat/urdu farmay/urdu
eY0i4nBXqdY,Name Nabeel aapke Fatima mubarak ho mera naam Nabeel hai mera naam aapke pass mein aapane block mein Lena achcha aap bahut acche block banate hain aap hero bahut acche banate hain aap sabse aap acche lagte Hain,no,none,na,joy,english/english Nabeel/urdu aapke/urdu Fatima/urdu mubarak/urdu ho/urdu mera/urdu naam/urdu Nabeel/urdu hai/urdu mera/urdu naam/urdu aapke/urdu pass/urdu mein/urdu aapane/urdu block/english mein/urdu Lena/urdu achcha/urdu aap/urdu bahut/urdu acche/urdu block/english banate/urdu hain/urdu aap/urdu hero/english bahut/urdu acche/urdu banate/urdu hain/urdu aap/urdu sabse/urdu aap/urdu acche/urdu lagte/urdu Hain/urdu
HeZ2VBdJeOk,Rlease imran khan great leader inshallha 🤲🏼🤲🏼🤲🏼🤲🏼🤲🏼🤲🏼🤲🏼🤲🏼🤲🏼🤲🏼🤲🏼🤲🏼🤲🏼ya Allah imran khan ki madad kar suma ameen inshallha niklo bhai sary please punjab,no,none,na,joy,english/ambiguous urdu/ambiguous urdu/ambiguous english/english english/english urdu/ambiguous emoji/ambiguous urdu/ambiguous english/english urdu/ambiguous urdu/ambiguous urdu/ambiguous urdu/ambiguous urdu/ambiguous urdu/ambiguous urdu/ambiguous urdu/ambiguous english/english urdu/ambiguous urdu/ambiguous
UiYpRBQ74fs,Jo bechare Apne peene ke liye cigaret lekar jaate Hain unse yah paise Lete Hain,yes,none,na,anger,Jo/urdu bechare/urdu Apne/urdu peene/urdu ke/urdu liye/urdu cigaret/english lekar/urdu jaate/urdu Hain/urdu unse/urdu yah/urdu paise/urdu Lete/urdu Hain/urdu
8ksTrbtyTco,Carrefour ka boycott hai or tum waha sy buy kar rhy ho lantii i have 100 gmail acount har acount sy report marny laga hun or sub muslim bhaio ko kahu ga report karoo,yes,offensive,na,anger,Carrefour/english ka/urdu boycott/english hai/urdu or/urdu tum/urdu waha/urdu sy/urdu buy/english kar/urdu rhy/urdu ho/urdu lantii/urdu i/english have/english 100/english gmail/english acount/urdu har/urdu acount/urdu sy/urdu report/english marny/urdu laga/urdu hun/urdu or/urdu sub/urdu muslim/urdu bhaio/urdu ko/urdu kahu/urdu ga/urdu report/english karoo/urdu
XHQrr9fmTkc,Hlo gaiz kya hal h,no,none,na,joy,english/ambiguous english/ambiguous urdu/urdu urdu/urdu urdu/urdu
zXAAAXogJ78,Dost bharay ajeeb hotay h bt bt pe bezti hi krty rahty h😂😂😂,yes,none,na,joy,Dost/urdu bharay/urdu ajeeb/urdu hotay/urdu h/urdu bt/english bt/english pe/urdu bezti/urdu hi/urdu krty/urdu rahty/urdu h/urdu
eY0i4nBXqdY,Shuru karne wali aap hi to bahut pyari hai,yes,none,na,joy,Shuru/urdu karne/urdu wali/urdu aap/urdu hi/urdu to/urdu bahut/urdu pyari/urdu hai/urdu
PKFU1F2QEMQ,Mashallah Allah pak app sab k naseeb m kry ❤❤❤❤ amen,no,none,na,joy,Mashallah/urdu Allah/urdu pak/urdu app/urdu sab/urdu k/urdu naseeb/urdu m/urdu kry/urdu ❤❤❤❤/ambiguous amen/english
WJxfQWiP9DQ,sir ham log srif dor sa tamasha dakhna wala Alla pak ham sab PA rahim kara 😢😢,no,none,na,sadness,sir/urdu ham/urdu log/urdu srif/urdu dor/urdu sa/urdu tamasha/urdu dakhna/urdu wala/urdu Alla/urdu pak/urdu ham/urdu sab/urdu PA/ambiguous rahim/urdu kara/urdu 😢😢/ambiguous
UiYpRBQ74fs,Mai Nepal se hun Imranbhai.mujhe apna mulk Nepal ka armycheif ka name  maalum nahi wallah na padosi mulk Bharat ka magar Pakistan ka Pakistani Genz ab tak soye hain😂 hamre Yahan Sirf 3se5hazar ki tadad  Genz nikla tha sab kuch palat diya abhi hamre Dist mei(sunsari) mei muslim jhadap jari hai jiss mei do Hindu noujawan police ki goli se mar gaya aur 10 hospitalies hai hinduon ka hum aate ki namak ke barabar hain magar majal hai Jo hum par ko pathar bhi phenke .kashmiri awam ke sath hamdardi Allah khansb ki hifazat farmaye.aameen.,yes,hate,misinfo,anger|sadness,Mai/urdu Nepal/urdu se/urdu hun/urdu Imranbhai.mujhe/urdu apna/urdu mulk/urdu Nepal/urdu ka/urdu armycheif/english ka/urdu name/english maalum/urdu nahi/urdu wallah/urdu na/urdu padosi/urdu mulk/urdu Bharat/urdu ka/urdu magar/urdu Pakistan/urdu ka/urdu Pakistani/english Genz/english ab/urdu tak/urdu soye/urdu hain/urdu hamre/urdu Yahan/urdu Sirf/urdu 3se5hazar/urdu ki/urdu tadad/urdu Genz/english nikla/urdu tha/urdu sab/urdu kuch/urdu palat/urdu diya/urdu abhi/urdu hamre/urdu Dist/english mei/urdu mei/urdu muslim/urdu jhadap/urdu jari/urdu hai/urdu jiss/urdu mei/urdu do/urdu Hindu/urdu noujawan/urdu police/english ki/urdu goli/urdu se/urdu mar/urdu gaya/urdu aur/urdu 10/english hospitalies/english hai/urdu hinduon/urdu ka/urdu hum/urdu aate/urdu ki/urdu namak/urdu ke/urdu barabar/urdu hain/urdu magar/urdu majal/urdu hai/urdu Jo/urdu hum/urdu par/urdu ko/urdu pathar/urdu bhi/urdu phenke/urdu .kashmiri/urdu awam/urdu ke/urdu sath/urdu hamdardi/urdu Allah/urdu khansb/urdu ki/urdu hifazat/urdu farmaye.aameen/urdu
zfjRK9s0pjA,may allah inki beti ki sahet achi rahi,no,none,na,joy,urdu/urdu allah/ambiguous inki/urdu beti/urdu ki/urdu sahet/urdu achi/urdu rahi/urdu
PKFU1F2QEMQ,AoA! Aap kai kitnay subscribers kai bad first income ai thi?,no,none,na,none,AoA!/ambiguous Aap/urdu kai/urdu kitnay/urdu subscribers/english kai/urdu bad/urdu first/english income/english ai/urdu thi/urdu
VUKai4CZSNw,I am in Japan in Tokyo plZ apni. Location bataye ma na ap sa Milna hai,no,none,na,joy,I/english am/english in/english Japan/english in/english Tokyo/english plZ/ambiguous apni/urdu Location/english bataye/urdu ma/urdu na/urdu ap/urdu sa/urdu Milna/urdu hai/urdu
IMnXqYDHhZI,Ku lrkio ko  ehsas e kamtri  mubltla krty ho sb ...wely logo nikmmmyy koi talent ni bkwas krty,yes,offensive,na,anger,Ku/urdu lrkio/urdu ko/urdu ehsas/urdu e/urdu kamtri/urdu mubltla/urdu krty/urdu ho/urdu sb/urdu wely/urdu logo/urdu nikmmmyy/urdu koi/urdu talent/english ni/urdu bkwas/urdu krty/urdu
BljaIOvFkcM,"Kashmir walun ko chya ab athyar utha Lyn,",yes,offensive,na,anger,urdu/urdu urdu/urdu urdu/urdu urdu/urdu urdu/urdu urdu/urdu urdu/urdu english/english
zfjRK9s0pjA,Hi api today 4 march 2026 api me ne bht call ki ap ni nahi uthai 😥😥😥😥😥😥😥😥😥😥😥😥,no,none,na,sadness,Hi/english api/urdu today/english 4/english march/english 2026/english api/urdu me/urdu ne/urdu bht/urdu call/english ki/urdu ap/urdu ni/urdu nahi/urdu uthai/urdu
zXAAAXogJ78,Koi ajeeb hi lag rshy hain suit nahi kr rahi hai ye,no,none,na,surprise,Koi/urdu ajeeb/urdu hi/urdu lag/urdu rshy/ambiguous hain/urdu suit/english nahi/urdu kr/urdu rahi/urdu hai/urdu ye/urdu
ttL6k7wzGmQ,Allah aap ko set de,no,none,na,joy,Allah/urdu aap/urdu ko/urdu set/english de/urdu
eY0i4nBXqdY,Mere  bahi  ka   name   he   Hasan😂❤,no,none,na,joy,Mere/urdu bahi/urdu ka/urdu name/english he/urdu Hasan/ambiguous
nqbNLe84dpM,❤❤❤😮😮🎉🎉😅😅😊😊 Shashi aur Keshav ke Give festival kar diya hai,no,none,na,joy|surprise,ambiguous/ambiguous Shashi/urdu aur/urdu Keshav/urdu ke/urdu Give/english festival/urdu kar/urdu diya/urdu hai/urdu
EyrNOfyxSBQ,Nice movie yar Khuda ap ko or kamyab Kara 😊 Ameen,no,none,na,joy,Nice/english movie/english yar/urdu Khuda/urdu ap/urdu ko/urdu or/urdu kamyab/urdu Kara/urdu 😊/ambiguous Ameen/urdu
VUKai4CZSNw,Aroob tashma utaro Bry lag Rahi hu safa mia khalifa 😮,yes,offensive,na,surprise,Aroob/urdu tashma/urdu utaro/urdu Bry/english lag/urdu Rahi/urdu hu/urdu safa/urdu mia/urdu khalifa/urdu 😮/ambiguous
BaMLBWWvNHA,Teri to khud ke itne viewers nahi hai tu dilvayega rajab Ko paise rehne de teri aukat nahi hai rajab ke baare me baat krne ki phele teri aukat Bna uske liye baat krne ke liye,yes,offensive,na,anger,Teri/urdu to/urdu khud/urdu ke/urdu itne/urdu viewers/english nahi/urdu hai/urdu tu/urdu dilvayega/urdu rajab/urdu Ko/urdu paise/urdu rehne/urdu de/urdu teri/urdu aukat/urdu nahi/urdu hai/urdu rajab/urdu ke/urdu baare/urdu me/urdu baat/urdu krne/urdu ki/urdu phele/urdu teri/urdu aukat/urdu Bna/urdu uske/urdu liye/urdu baat/urdu krne/urdu ke/urdu liye/urdu
EyrNOfyxSBQ,To lrki ko bhi videos nhi B'nai chahoye,yes,offensive,na,anger,urdu/urdu lrki/urdu ko/urdu bhi/urdu videos/english nhi/urdu B'nai/urdu chahoye/urdu
4k0ZV0UFZSw,"Janan shame on you…
Nafrat ma aap shayad bhul gya ho ky Pakistan ma jo khuch bi ho rha ho aap ko Kya taqleef hy aap khud to bhagoray ho uk bthy ho",yes,offensive,na,anger,Janan/urdu shame/english on/english you/english Nafrat/urdu ma/urdu aap/urdu shayad/urdu bhul/urdu gya/urdu ho/urdu ky/urdu Pakistan/urdu ma/urdu jo/urdu khuch/urdu bi/urdu ho/urdu rha/urdu ho/urdu aap/urdu ko/urdu Kya/urdu taqleef/urdu hy/urdu aap/urdu khud/urdu to/urdu bhagoray/urdu ho/urdu uk/ambiguous bthy/urdu ho/urdu
4k0ZV0UFZSw,Imran rayaz army or Nawaz sharif or ppp to Pakistan ko suref taba kernay ay ha or ya log to good ha Imran Khan to Pakistan ko upper la KER ja raha tha Imran Khan to bad ha is liay Pakistan army Nawaz sharif or ppp ko chalanay do Tum be chup raho,yes,offensive,na,anger,Imran/ambiguous rayaz/urdu army/english or/english Nawaz/ambiguous sharif/urdu or/english ppp/english to/urdu Pakistan/ambiguous ko/urdu suref/urdu taba/urdu kernay/urdu ay/urdu ha/urdu or/english ya/urdu log/urdu to/urdu good/english ha/urdu Imran/ambiguous Khan/ambiguous to/urdu Pakistan/ambiguous ko/urdu upper/urdu la/urdu KER/urdu ja/urdu raha/urdu tha/urdu Imran/ambiguous Khan/ambiguous to/urdu bad/english ha/urdu is/urdu liay/urdu Pakistan/ambiguous army/english Nawaz/ambiguous sharif/urdu or/english ppp/english ko/urdu chalanay/urdu do/urdu Tum/urdu be/urdu chup/urdu raho/urdu
BmpRnfu16YA,Anaviya Ka face revel kardo pleas,no,none,na,none,urdu/urdu urdu/urdu english/english english/english urdu/urdu english/english
FH8OUP2_sN4,Fat fat fat fat Ducky bhai ....lose weight plzzzzzzzzzzzzzzzzzzzzzzzzzzzzzzzzzzzzzzzzzzzz,no,offensive,na,anger,Fat/english fat/english fat/english fat/english Ducky/english bhai/urdu lose/english weight/english plzzzzzzzzzzzzzzzzzzzzzzzzzzzzzzzzzzzzzzzzzzzz/english
gvG35CxYOLg,Shaveer Bhai  ap Aysha k Sath vlog Kun nhi banate,no,none,na,none,Shaveer/ambiguous Bhai/urdu ap/urdu Aysha/ambiguous k/urdu Sath/urdu vlog/english Kun/urdu nhi/urdu banate/urdu
HeZ2VBdJeOk,Wa alikum salam ...allah pak apko apnay hifzo aman mein rakhy.ameen,no,none,na,joy,Wa/urdu alikum/urdu salam/urdu ...allah/urdu pak/urdu apko/urdu apnay/urdu hifzo/urdu aman/urdu mein/urdu rakhy.ameen/urdu
nqbNLe84dpM,Achi Lage rahi hai iqra api,no,none,na,joy,Achi/urdu Lage/urdu rahi/urdu hai/urdu iqra/ambiguous api/urdu
hhFGhAo4ZfY,Y bohat agy tk mar Raha aik point tk hona chahye y Teda ly kar ja Raha isko,no,none,na,anger,Y/ambiguous bohat/urdu agy/urdu tk/urdu mar/urdu Raha/urdu aik/urdu point/english tk/urdu hona/urdu chahye/urdu y/ambiguous Teda/urdu ly/urdu kar/urdu ja/urdu Raha/urdu isko/urdu
EyrNOfyxSBQ,Kya yah Sach hai,no,none,na,surprise,Kya/urdu yah/urdu Sach/urdu hai/urdu
WJxfQWiP9DQ,Pakistan ke bich subah banaa do muskurahat HAL ho jaenge khas taur per Karachi subah bnao pura muluk chal jaega❤,no,none,na,joy,Pakistan/ambiguous ke/urdu bich/urdu subah/urdu banaa/urdu do/urdu muskurahat/urdu HAL/urdu ho/urdu jaenge/urdu khas/urdu taur/urdu per/urdu Karachi/ambiguous subah/urdu bnao/urdu pura/urdu muluk/urdu chal/urdu jaega/urdu
BaMLBWWvNHA,Rajab king hai par tum thikk nhi ho kyo ki tum na sab video me bola hai ....tum ko jalan ho rhi hai ki 9.3 ho gaiya,yes,offensive,na,anger,urdu/urdu english/english urdu/urdu urdu/urdu urdu/urdu urdu/urdu urdu/urdu urdu/urdu urdu/urdu urdu/urdu urdu/urdu urdu/urdu urdu/urdu english/english urdu/urdu urdu/urdu urdu/urdu urdu/urdu urdu/urdu urdu/urdu urdu/urdu urdu/urdu urdu/urdu ambiguous/ambiguous urdu/urdu urdu/urdu
BljaIOvFkcM,11 shaheed 32 zakhmi thay subah tak hungu police,no,none,na,sadness|anger,11/ambiguous shaheed/urdu 32/ambiguous zakhmi/urdu thay/urdu subah/urdu tak/urdu hungu/urdu police/english
nqbNLe84dpM,areeb ganda sab se bara natak kar ra😂,yes,offensive,na,joy|anger,areeb/urdu ganda/urdu sab/urdu se/urdu bara/urdu natak/urdu kar/urdu ra/urdu
ttL6k7wzGmQ,Allah pak karm kare ga AP per 🎉🎉🎉🎉🎉❤❤❤❤❤❤❤,no,none,na,joy,Allah/urdu pak/urdu karm/urdu kare/urdu ga/urdu AP/english per/urdu 🎉🎉🎉🎉🎉❤❤❤❤❤❤❤/ambiguous
IMnXqYDHhZI,Mard ko kud hi apni izzat ka kyal nhi ha to Kya kar skte Hain bare bare Ghar may rehne say bari soch nhi hojati ha ye dunya ki orto ko dyka rahi Kay mard sar ka taj nhi poun ki juti ha😢😢😢,yes,offensive,na,anger|sadness,Mard/urdu ko/urdu kud/urdu hi/urdu apni/urdu izzat/urdu ka/urdu kyal/urdu nhi/urdu ha/urdu to/urdu Kya/urdu kar/urdu skte/urdu Hain/urdu bare/urdu bare/urdu Ghar/urdu may/urdu rehne/urdu say/urdu bari/urdu soch/urdu nhi/urdu hojati/urdu ha/urdu ye/urdu dunya/urdu ki/urdu orto/urdu ko/urdu dyka/urdu rahi/urdu Kay/urdu mard/urdu sar/urdu ka/urdu taj/urdu nhi/urdu poun/urdu ki/urdu juti/urdu ha/urdu
-w7eMfsuRgA,Ye in ka apna dya hwa istasna hiab ye bhj bhugtenor qom bhi bhugte,no,none,na,none,Ye/urdu in/urdu ka/urdu apna/urdu dya/ambiguous hwa/ambiguous istasna/ambiguous hiab/ambiguous ye/urdu bhj/ambiguous bhugtenor/ambiguous qom/urdu bhi/urdu bhugte/urdu
IMnXqYDHhZI,Guys Kal mera result ha plz 40 Banda Ameen bol dain ka Mera 490+ marks ay I'm very thankful to all of you,no,none,na,joy,Guys/english Kal/urdu mera/urdu result/english ha/urdu plz/english 40/english Banda/urdu Ameen/urdu bol/urdu dain/urdu ka/urdu Mera/urdu 490+/english marks/english ay/urdu I'm/english very/english thankful/english to/english all/english of/english you/english
nqbNLe84dpM,iqra zainab ka stah bilkul sahi howa h 😂😂 ye jo social media per bhagirat Bani hui hai na,yes,offensive,na,joy|anger,iqra/ambiguous zainab/ambiguous ka/urdu stah/urdu bilkul/urdu sahi/urdu howa/urdu h/urdu 😂😂/ambiguous ye/urdu jo/urdu social/english media/english per/urdu bhagirat/urdu Bani/urdu hui/urdu hai/urdu na/urdu
PKFU1F2QEMQ,Masllh both pyar ha ghr ap k ❤❤,no,none,na,joy,urdu/urdu both/english pyar/urdu ha/urdu ghr/urdu ap/urdu k/urdu ❤❤/ambiguous
zfjRK9s0pjA,Ikra Kamal main aapki bahut badi fan hun aap rabiya ka Vaishnavi kar de main Mera Naam Reshma hai main aapse Milana chahti hun aap lahaur mein rahte Hain Ham Pakistan mein rahte hain thank u Veri Mach❤❤❤❤❤❤❤❤❤❤❤❤❤🎉🎉🎉🎉🎉😊😊😊😊😊,no,none,na,joy,Ikra/ambiguous Kamal/ambiguous main/urdu aapki/urdu bahut/urdu badi/urdu fan/english hun/urdu aap/urdu rabiya/ambiguous ka/urdu Vaishnavi/ambiguous kar/urdu de/urdu main/urdu Mera/urdu Naam/urdu Reshma/ambiguous hai/urdu main/urdu aapse/urdu Milana/urdu chahti/urdu hun/urdu aap/urdu lahaur/ambiguous mein/urdu rahte/urdu Hain/urdu Ham/urdu Pakistan/ambiguous mein/urdu rahte/urdu hain/urdu thank/english u/english Veri/english Mach/english
8ksTrbtyTco,jafry ne dhandli ki hai,no,offensive,na,anger,urdu/urdu urdu/urdu urdu/urdu urdu/urdu urdu/urdu
UiYpRBQ74fs,Bahot Galt horaha Allah pak garak khra Asim Munir ko khuti ka bacha,no,hate,na,anger,Bahot/urdu Galt/urdu horaha/urdu Allah/urdu pak/urdu garak/urdu khra/urdu Asim/ambiguous Munir/ambiguous ko/urdu khuti/urdu ka/urdu bacha/urdu
IMnXqYDHhZI,Chadhurary ke yai kasar ry gaye te Kanwal phela urdu reporter tee Market py jy ky Fazool vedio banaty te shaidi ky ab kanjaro wala kam nahi jata,yes,offensive,na,anger,Chadhurary/urdu ke/urdu yai/urdu kasar/urdu ry/urdu gaye/urdu te/urdu Kanwal/urdu phela/urdu urdu/english reporter/english tee/urdu Market/english py/urdu jy/urdu ky/urdu Fazool/urdu vedio/english banaty/urdu te/urdu shaidi/urdu ky/urdu ab/urdu kanjaro/urdu wala/urdu kam/urdu nahi/urdu jata/urdu
nqbNLe84dpM,Sister ap log hr jaga hy ho ek jga nh gy India Tajj Mahal yr waha b visit vlogging kro plzz,no,none,na,joy,Sister/english ap/urdu log/urdu hr/urdu jaga/urdu hy/urdu ho/urdu ek/urdu jga/urdu nh/urdu gy/urdu India/english Tajj/english Mahal/urdu yr/urdu waha/urdu b/urdu visit/english vlogging/english kro/urdu plzz/ambiguous
-w7eMfsuRgA,sir Shahbaz Gill Sab app KO Mera salaam sir my Aallah pak give you long life Aameen ya Aallah 🤲❤️🇵🇰 Pakistan zindabad,no,none,na,joy,sir/english Shahbaz/urdu Gill/urdu Sab/urdu app/urdu KO/urdu Mera/urdu salaam/urdu sir/english my/english Aallah/urdu pak/urdu give/english you/english long/english life/english Aameen/urdu ya/urdu Aallah/urdu 🤲❤️🇵🇰/ambiguous Pakistan/urdu zindabad/urdu
EyrNOfyxSBQ,Ye film hamare gar ki story hai😢,no,none,na,sadness,Ye/urdu film/english hamare/urdu gar/urdu ki/urdu story/english hai/urdu
BaMLBWWvNHA,Phr 😂rajjab jaha ho views to milenge na Bhai,yes,none,na,joy,Phr/urdu 😂rajjab/urdu jaha/urdu ho/urdu views/english to/urdu milenge/urdu na/urdu Bhai/urdu
IMnXqYDHhZI,Vlog bnana yrrrrr memories hai you haven't to work 💯✅❤️,no,none,na,joy,Vlog/english bnana/urdu yrrrrr/ambiguous memories/english hai/urdu you/english haven't/english to/english work/english 💯✅❤️/ambiguous
gvG35CxYOLg,Shahverer :Tu tiger 🐅🐯 hay                  Hashir:Nahi mai kutta 🐶🐕 hu😂😂😂,yes,none,na,joy,Shahverer/ambiguous :Tu/urdu tiger/english 🐅🐯/ambiguous hay/urdu Hashir/ambiguous :Nahi/urdu mai/urdu kutta/urdu 🐶🐕/ambiguous hu/urdu
8ksTrbtyTco,Sab ke sab begerat apni apni bv dheka dheka ke pagal hore hai,yes,offensive,na,anger,Sab/urdu ke/urdu sab/urdu begerat/urdu apni/urdu apni/urdu bv/english dheka/urdu dheka/urdu ke/urdu pagal/urdu hore/urdu hai/urdu
N-0DINjOMlY,Zulqarnain why you exeggrate so much?? Choti see baat hoti or pura lecture suna dete,yes,offensive,na,anger,Zulqarnain/ambiguous why/english you/english exeggrate/english so/english much/english Choti/urdu see/urdu baat/urdu hoti/urdu or/urdu pura/urdu lecture/english suna/urdu dete/urdu
hhFGhAo4ZfY,Nano Full Maze Me He Sab Ke Samose Khane Me😅😅,yes,none,na,joy,Nano/ambiguous Full/english Maze/urdu Me/urdu He/urdu Sab/urdu Ke/urdu Samose/urdu Khane/urdu Me/urdu
nqbNLe84dpM,Tum miyan biwi kitne bigha rahte ho 🖐️lanak,yes,offensive,na,anger,Tum/urdu miyan/urdu biwi/urdu kitne/urdu bigha/urdu rahte/urdu ho/urdu lanak/ambiguous
zfjRK9s0pjA,Shukriya piya film jaisi kahane ke liye,yes,none,na,joy,Shukriya/urdu piya/urdu film/english jaisi/urdu kahane/urdu ke/urdu liye/urdu
VUKai4CZSNw,Aby bond tu dikha iski,yes,none,na,surprise,Aby/urdu bond/english tu/urdu dikha/urdu iski/urdu
nqbNLe84dpM,Api me ap ke boat bari fan ho,yes,none,na,joy,Api/urdu me/urdu ap/urdu ke/urdu boat/english bari/urdu fan/english ho/urdu
eY0i4nBXqdY,Fatima API key  AP suni ya shia😊😊,yes,offensive,na,joy,Fatima/ambiguous API/english key/english AP/english suni/urdu ya/urdu shia/urdu
hhFGhAo4ZfY,Hussain bhai the legend ☠️,no,none,na,joy,Hussain/urdu bhai/urdu the/english legend/english ☠️/ambiguous
IMnXqYDHhZI,ye koi achi baat nh ha itnay kpary jutay rkhna ...... iska hisaab jb dena paray ga tb pata lgay ga,yes,none,na,anger,ye/urdu koi/urdu achi/urdu baat/urdu nh/urdu ha/urdu itnay/urdu kpary/urdu jutay/urdu rkhna/urdu ....../ambiguous iska/urdu hisaab/urdu jb/urdu dena/urdu paray/urdu ga/urdu tb/urdu pata/urdu lgay/urdu ga/urdu
FH8OUP2_sN4,ducky bhai aankho wala bag give away me mujhe deden please,no,none,na,joy,ducky/english bhai/urdu aankho/urdu wala/urdu bag/english give/english away/english me/urdu mujhe/urdu deden/urdu please/english
8ksTrbtyTco,JJ kal meri neeend sahi sy puri nahi hoee thi so I m going sleep now 💤,no,none,na,none,JJ/ambiguous kal/urdu meri/urdu neeend/urdu sahi/urdu sy/urdu puri/urdu nahi/urdu hoee/urdu thi/urdu so/english I/english m/english going/english sleep/english now/english 💤/ambiguous
BmpRnfu16YA,Mera nam bhi haya hai,no,none,na,joy,Mera/urdu nam/urdu bhi/urdu haya/urdu hai/urdu
BljaIOvFkcM,Imran Riaz sab AP Kay or imran Khan Kay bas main hota to AP mulk main khana jungi Laga chukay hotay.lakin. Ensha Allah Pakistan zinda bad Pakistan army zinda bad tha hay or rahay ga ensha Allah,yes,none,na,anger,Imran/urdu Riaz/urdu sab/urdu AP/urdu Kay/urdu or/urdu imran/urdu Khan/urdu Kay/urdu bas/urdu main/urdu hota/urdu to/urdu AP/urdu mulk/urdu main/urdu khana/urdu jungi/urdu Laga/urdu chukay/urdu hotay.lakin./urdu Ensha/urdu Allah/urdu Pakistan/urdu zinda/urdu bad/urdu Pakistan/urdu army/english zinda/urdu bad/urdu tha/urdu hay/urdu or/urdu rahay/urdu ga/urdu ensha/urdu Allah/urdu
gvG35CxYOLg,Cheap vs exp video banay food ki,no,none,na,none,Cheap/english vs/english exp/english video/english banay/urdu food/english ki/urdu
BmpRnfu16YA,Main aapke favourite aap mujhe bahut pasand hai mera naam haram hai main itna Pyar jarur aaungi aapki umra Sari Sari Sari Sari Sari Maine Pasand❤❤❤❤❤❤❤❤❤😊😊😊😊😊😊😊😊😊😊😊😊😊😊😊😊😊😊,no,none,na,joy,Main/urdu aapke/urdu favourite/english aap/urdu mujhe/urdu bahut/urdu pasand/urdu hai/urdu mera/urdu naam/urdu haram/urdu hai/urdu main/urdu itna/urdu Pyar/urdu jarur/urdu aaungi/urdu aapki/urdu umra/urdu Sari/urdu Sari/urdu Sari/urdu Sari/urdu Sari/urdu Maine/urdu Pasand/urdu
VUKai4CZSNw,abe chutiya japan me bakvhodi  nhi ker tujhe japan se nikal de gey,no,offensive,na,anger,abe/urdu chutiya/urdu japan/english me/urdu bakvhodi/urdu nhi/urdu ker/urdu tujhe/urdu japan/english se/urdu nikal/urdu de/urdu gey/urdu
zfjRK9s0pjA,Aap biji ho jaaye Koi masale ki baat Nahin agar hoti bhi tumhen kuchh Nahin aata,yes,none,na,anger,Aap/urdu biji/urdu ho/urdu jaaye/urdu Koi/urdu masale/urdu ki/urdu baat/urdu Nahin/urdu agar/urdu hoti/urdu bhi/urdu tumhen/urdu kuchh/urdu Nahin/urdu aata/urdu
IMnXqYDHhZI,Koi maza nahe hy vlog ki,no,none,na,sadness,Koi/urdu maza/urdu nahe/urdu hy/urdu vlog/english ki/urdu
HeZ2VBdJeOk,Allah ap ko lambi zindgii daye ameeen,no,none,na,joy,Allah/urdu ap/urdu ko/urdu lambi/urdu zindgii/urdu daye/urdu ameeen/urdu
-w7eMfsuRgA,Molana ishaq ka bayan translate zaroor ker dain sub ko punjabi samajh nai ati,no,none,na,none,Molana/urdu ishaq/urdu ka/urdu bayan/urdu translate/english zaroor/urdu ker/urdu dain/urdu sub/urdu ko/urdu punjabi/urdu samajh/urdu nai/urdu ati/urdu
BaMLBWWvNHA,Bsss kar do jhoota bol rahyy,yes,none,na,anger,Bsss/ambiguous kar/urdu do/urdu jhoota/urdu bol/urdu rahyy/urdu
IMnXqYDHhZI,Foot wear py Masha Allah NAHI bolty,yes,none,na,none,Foot/english wear/english py/urdu Masha/urdu Allah/urdu NAHI/urdu bolty/urdu
BmpRnfu16YA,Appi haya appi ki cat bhi Haya appi ke sath Jaye gi kya❤❤❤❤❤❤,no,none,na,joy,Appi/urdu haya/urdu appi/urdu ki/urdu cat/english bhi/urdu Haya/urdu appi/urdu ke/urdu sath/urdu Jaye/urdu gi/urdu kya/urdu
eY0i4nBXqdY,Meerab gul❤ Fatima Faisal aap apna adress Bata de aap kaun si jagah per rahti hain please aur kaun se shahar Mein rahti hai yah Bhi Bata de,no,none,na,none,Meerab/urdu gul/urdu Fatima/urdu Faisal/urdu aap/urdu apna/urdu adress/english Bata/urdu de/urdu aap/urdu kaun/urdu si/urdu jagah/urdu per/urdu rahti/urdu hain/urdu please/english aur/urdu kaun/urdu se/urdu shahar/urdu Mein/urdu rahti/urdu hai/urdu yah/urdu Bhi/urdu Bata/urdu de/urdu
N-0DINjOMlY,App kivan se Milne kion ni gaye,yes,none,na,anger,App/urdu kivan/urdu se/urdu Milne/urdu kion/urdu ni/urdu gaye/urdu
VUKai4CZSNw,ducky bhai apk kehny py taptap send sy payment mngwai h UAE pr abhi tk recieve ni huwi 2 din hogye hain please do something,no,none,na,anger|sadness,ducky/english bhai/urdu apk/urdu kehny/urdu py/urdu taptap/english send/english sy/urdu payment/english mngwai/urdu h/urdu UAE/english pr/urdu abhi/urdu tk/urdu recieve/english ni/urdu huwi/urdu 2/english din/urdu hogye/urdu hain/urdu please/english do/english something/english
eY0i4nBXqdY,Yadi tyre tha ki bacchon ka khilauna tha itna Halka kaun sa tyre hota hai pagal hai kya tum,yes,offensive,na,anger,Yadi/urdu tyre/english tha/urdu ki/urdu bacchon/urdu ka/urdu khilauna/urdu tha/urdu itna/urdu Halka/urdu kaun/urdu sa/urdu tyre/english hota/urdu hai/urdu pagal/urdu hai/urdu kya/urdu tum/urdu
nqbNLe84dpM,Sach main mujhe both hi Khushi hui ha Rabia Faisal ki flim dekh ker❤❤🎉,no,none,na,joy|surprise,Sach/urdu main/urdu mujhe/urdu both/english hi/urdu Khushi/urdu hui/urdu ha/urdu Rabia/ambiguous Faisal/ambiguous ki/urdu flim/english dekh/urdu ker/urdu
hhFGhAo4ZfY,Bhai aap exercise Karte Ho ki nahin,no,none,na,none,Bhai/urdu aap/urdu exercise/english Karte/urdu Ho/urdu ki/urdu nahin/urdu
BaMLBWWvNHA,Abe kutte Tere pass paise hote hain chup kar,no,offensive,na,anger,Abe/urdu kutte/urdu Tere/urdu pass/urdu paise/urdu hote/urdu hain/urdu chup/urdu kar/urdu
BaMLBWWvNHA,Muje sharm arhe he hor Dil pe bara batar rakh ki viduo dekh rha ho ..ap ka khna he us ko apne pese kese see delwaie chlo hesa tek magar atna socho ap ko rajab bahi ne Kya Kya azat die,yes,none,na,sadness|anger,Muje/urdu sharm/urdu arhe/urdu he/urdu hor/urdu Dil/urdu pe/urdu bara/urdu batar/urdu rakh/urdu ki/urdu viduo/urdu dekh/urdu rha/urdu ho/urdu ..ap/urdu ka/urdu khna/urdu he/urdu us/urdu ko/urdu apne/urdu pese/urdu kese/urdu see/urdu delwaie/urdu chlo/urdu hesa/urdu tek/urdu magar/urdu atna/urdu socho/urdu ap/urdu ko/urdu rajab/urdu bahi/urdu ne/urdu Kya/urdu Kya/urdu azat/urdu die/urdu
BaMLBWWvNHA,Abe ja chutiya sale bhadave han kahan se belong karta hai main mujhe utha Kar dikhao tujhe main man jaunga aap mujhe utha ke dikha main Kahan rahata hun vahan nikal Meri history Rajat party ke liye to bahut bahut bolata hai mere liye bol kar dikha hawai Tum nakali bhukhe chalan asali bhukhe,yes,offensive,na,anger,Abe/urdu ja/urdu chutiya/urdu sale/urdu bhadave/urdu han/urdu kahan/urdu se/urdu belong/english karta/urdu hai/urdu main/urdu mujhe/urdu utha/urdu Kar/urdu dikhao/urdu tujhe/urdu main/urdu man/urdu jaunga/urdu aap/urdu mujhe/urdu utha/urdu ke/urdu dikha/urdu main/urdu Kahan/urdu rahata/urdu hun/urdu vahan/urdu nikal/urdu Meri/urdu history/english Rajat/urdu party/english ke/urdu liye/urdu to/urdu bahut/urdu bahut/urdu bolata/urdu hai/urdu mere/urdu liye/urdu bol/urdu kar/urdu dikha/urdu hawai/urdu Tum/urdu nakali/urdu bhukhe/urdu chalan/urdu asali/urdu bhukhe/urdu
BaMLBWWvNHA,Name rajab ka or views dekho 😂😂,yes,none,na,joy,Name/english rajab/urdu ka/urdu or/english views/english dekho/urdu 😂😂/ambiguous
eY0i4nBXqdY,Asli fishes hain jeddah ke airport pr,yes,none,na,surprise,Asli/urdu fishes/english hain/urdu jeddah/ambiguous ke/urdu airport/english pr/urdu
N-0DINjOMlY,Masha Allah Aizal ki Khushi n gifts zabardast ❤❤❤❤,no,none,na,joy,Masha/urdu Allah/urdu Aizal/ambiguous ki/urdu Khushi/urdu n/english gifts/english zabardast/urdu ❤❤❤❤/ambiguous
VUKai4CZSNw,SeriOusly Yr Ducky bhai ke VlOg dekh ke Maza Aajata hai jessa bhi MOod hOo dil khush hOo jata hai LOve yOu Ducky bhai and ArOob bhabhi ❤❤❤❤,no,none,na,joy,SeriOusly/english Yr/english Ducky/english bhai/urdu ke/urdu VlOg/english dekh/urdu ke/urdu Maza/urdu Aajata/urdu hai/urdu jessa/urdu bhi/urdu MOod/english hOo/urdu dil/urdu khush/urdu hOo/urdu jata/urdu hai/urdu LOve/english yOu/english Ducky/english bhai/urdu and/english ArOob/english bhabhi/urdu ❤❤❤❤/ambiguous
hhFGhAo4ZfY,Ham bht zyada mehnat kartey hain lekin hamey support nahi kartey or food ko kartey hain 😢😞,no,none,na,sadness|anger,Ham/urdu bht/urdu zyada/urdu mehnat/urdu kartey/urdu hain/urdu lekin/urdu hamey/urdu support/english nahi/urdu kartey/urdu or/english food/english ko/urdu kartey/urdu hain/urdu 😢😞/ambiguous
hhFGhAo4ZfY,7:34 yeh apny hassan zyati ki ha usny utha lia tha phr mara apny yeh bhut ghalat bat ha fairly game kheila krain plz,no,offensive,na,anger,english/ambiguous urdu/urdu urdu/urdu urdu/urdu urdu/urdu urdu/urdu urdu/urdu urdu/urdu urdu/urdu urdu/urdu urdu/urdu urdu/urdu urdu/urdu urdu/urdu urdu/urdu urdu/urdu urdu/urdu urdu/urdu english/english urdu/urdu urdu/urdu urdu/urdu english/english
VUKai4CZSNw,Maa ko kam k liye bs raka hy,no,none,na,sadness,Maa/urdu ko/urdu kam/urdu k/urdu liye/urdu bs/urdu raka/urdu hy/urdu
BmpRnfu16YA,Ya ap say bhe papara ha,yes,none,na,none,Ya/urdu ap/urdu say/urdu bhe/urdu papara/urdu ha/urdu
BmpRnfu16YA,Sab YouTuber ma sa sab sa beautiful home waooo say mashallah,no,none,na,joy|surprise,Sab/urdu YouTuber/english ma/urdu sa/urdu sab/urdu sa/urdu beautiful/english home/english waooo/ambiguous say/urdu mashallah/urdu
nqbNLe84dpM,Rabia Film kay bad blhot shohi ho gayi ha ap ko lag raha ha toh like karo,yes,none,na,joy,Rabia/ambiguous Film/english kay/urdu bad/urdu blhot/urdu shohi/urdu ho/urdu gayi/urdu ha/urdu ap/urdu ko/urdu lag/urdu raha/urdu ha/urdu toh/urdu like/english karo/urdu
8ksTrbtyTco,"Shahveer bro aj apko yaad agaya ke apka channel bhi hn 
Apke vlog ka w8 nai hota yr",yes,none,na,surprise|sadness,Shahveer/ambiguous bro/english aj/urdu apko/urdu yaad/urdu agaya/urdu ke/urdu apka/urdu channel/english bhi/urdu hn/urdu Apke/urdu vlog/english ka/urdu w8/english nai/urdu hota/urdu yr/urdu
XHQrr9fmTkc,Fatima aap hi I am your big fan please make black colour challenge please I am your big,no,none,na,joy,Fatima/urdu aap/urdu hi/english I/english am/english your/english big/english fan/english please/english make/english black/english colour/english challenge/english please/english I/english am/english your/english big/english
EyrNOfyxSBQ,Q larkiyon ko ghalt rasta dekha ne pa  tule huwe hy ap log is dunya ki khuhesh pa mat chalen ye dunya duka hy akhirat ki fikar kare Jo hamari dayimi Zindagi hy,no,none,na,sadness,ambiguous/ambiguous larkiyon/urdu ko/urdu ghalt/urdu rasta/urdu dekha/urdu ne/urdu pa/urdu tule/urdu huwe/urdu hy/urdu ap/urdu log/urdu is/urdu dunya/urdu ki/urdu khuhesh/urdu pa/urdu mat/urdu chalen/urdu ye/urdu dunya/urdu duka/urdu hy/urdu akhirat/urdu ki/urdu fikar/urdu kare/urdu Jo/urdu hamari/urdu dayimi/urdu Zindagi/urdu hy/urdu
HeZ2VBdJeOk,Imran Khan and shehbaz sharif dono foj ki god ma Bethay han Apne Apne time,yes,offensive,na,anger,Imran/ambiguous Khan/ambiguous and/english shehbaz/ambiguous sharif/ambiguous dono/urdu foj/urdu ki/urdu god/urdu ma/urdu Bethay/urdu han/urdu Apne/urdu Apne/urdu time/english
gvG35CxYOLg,hagte waqt ki halat bhi dikhao,yes,none,na,anger,hagte/urdu waqt/urdu ki/urdu halat/urdu bhi/urdu dikhao/urdu
VUKai4CZSNw,Please Mara vlog daklo please subscribe  ager acha lagy to subscribe kar dhana 😢,no,none,na,sadness,Please/english Mara/urdu vlog/english daklo/urdu please/english subscribe/english ager/urdu acha/urdu lagy/urdu to/urdu subscribe/english kar/urdu dhana/urdu 😢/ambiguous
zfjRK9s0pjA,Aise time par bhi video banana sujhta,yes,none,na,anger,Aise/urdu time/english par/urdu bhi/urdu video/english banana/urdu sujhta/urdu
gvG35CxYOLg,yaar spicest noodles tho bhool hi gai maza nai aya,yes,none,na,sadness,yaar/urdu spicest/english noodles/english tho/urdu bhool/urdu hi/urdu gai/urdu maza/urdu nai/urdu aya/urdu
zXAAAXogJ78,Please ap shalwar qamz Dala kare,no,none,na,none,Please/english ap/urdu shalwar/urdu qamz/urdu Dala/urdu kare/urdu
BljaIOvFkcM,Inhi GHADDARON k TAX se poora mulk chal raha hai..jub ye ghaddar nahi rahengey to kese aesh karogay?,yes,offensive,na,anger,Inhi/urdu GHADDARON/urdu k/urdu TAX/english se/urdu poora/urdu mulk/urdu chal/urdu raha/urdu hai..jub/urdu ye/urdu ghaddar/urdu nahi/urdu rahengey/urdu to/urdu kese/urdu aesh/urdu karogay/urdu
BljaIOvFkcM,Bhai ye protest highjack ho Chuka Hy apni investigation mzeed gehri kryn plz .me kshmir k Sath Hun dehsht grdun k Sath nhi hun,no,offensive,na,anger,Bhai/urdu ye/urdu protest/english highjack/english ho/urdu Chuka/urdu Hy/urdu apni/urdu investigation/english mzeed/urdu gehri/urdu kryn/urdu plz/english .me/ambiguous kshmir/urdu k/urdu Sath/urdu Hun/urdu dehsht/urdu grdun/urdu k/urdu Sath/urdu nhi/urdu hun/urdu
4k0ZV0UFZSw,2030tak Allaha ke fazel se her Pakistani ko property owners bananey ka azam Hosla aur planning rekhta hoo Allaha ke maded se please,no,none,na,joy,urdu/ambiguous urdu/urdu urdu/urdu urdu/urdu urdu/urdu english/english urdu/urdu urdu/urdu english/english english/english urdu/urdu urdu/urdu urdu/urdu urdu/urdu urdu/urdu urdu/urdu urdu/urdu urdu/urdu urdu/urdu urdu/urdu urdu/urdu urdu/urdu english/english
nqbNLe84dpM,Bro ye log to khae bhi nhi itna natak karrahe h thoda se khaya jata h but ye bilkul nhi khaye,yes,none,na,anger,Bro/english ye/urdu log/urdu to/urdu khae/urdu bhi/urdu nhi/urdu itna/urdu natak/urdu karrahe/urdu h/urdu thoda/urdu se/urdu khaya/urdu jata/urdu h/urdu but/english ye/urdu bilkul/urdu nhi/urdu khaye/urdu
BmpRnfu16YA,Fatima API Bura na maniya ga janamaz parhiwi Nahi ha janamaz Rakhi hui ha okkkk 👌 ASA Nahi bolta Ka janamaz parhiwi ha thank you,no,none,na,none,urdu/ambiguous urdu/ambiguous urdu/ambiguous urdu/ambiguous urdu/ambiguous urdu/ambiguous urdu/ambiguous urdu/ambiguous urdu/ambiguous urdu/ambiguous urdu/ambiguous urdu/ambiguous urdu/ambiguous urdu/ambiguous english/ambiguous ambiguous/ambiguous urdu/ambiguous urdu/ambiguous urdu/ambiguous urdu/ambiguous urdu/ambiguous urdu/ambiguous urdu/ambiguous english/english english/english
IMnXqYDHhZI,🎉🙋‍♀️👌kanwal ap hi benaya kern wesy bhi new face dakha  bohet meza aya 🙋‍♀️❤️❤️❤️❤️💚💚💚💚💚💚💙💙💙💙💙💜💜💜💜💜💛💛💛💛🧡🧡🧡🧡🧡🧡,no,none,na,joy|surprise,kanwal/urdu ap/urdu hi/urdu benaya/urdu kern/urdu wesy/urdu bhi/urdu new/english face/english dakha/urdu bohet/urdu meza/urdu aya/urdu
8ksTrbtyTco,"Aaa gyaaa tu, 
mill gya time tumeee channel k liyee, 
Shuker ha yaad aa gya koi YouTube family b ha",yes,none,na,joy|surprise,Aaa/urdu gyaaa/urdu tu/urdu mill/urdu gya/urdu time/english tumeee/urdu channel/english k/urdu liyee/urdu Shuker/urdu ha/urdu yaad/urdu aa/urdu gya/urdu koi/urdu YouTube/english family/english b/urdu ha/urdu
FH8OUP2_sN4,8.6 Million Community ka liya koi Gift shoping ni😂😂😂,yes,none,na,joy|surprise,8.6/ambiguous Million/english Community/english ka/urdu liya/urdu koi/urdu Gift/english shoping/urdu ni/urdu
BaMLBWWvNHA,Zulkrnain TU sirf Rajab butt ka bitha hai bahan chod 🖕🖕🖕😡😡😡😡,no,hate,na,anger,ambiguous/ambiguous urdu/urdu urdu/urdu urdu/urdu urdu/urdu urdu/urdu urdu/urdu urdu/urdu urdu/urdu urdu/urdu ambiguous/ambiguous
BaMLBWWvNHA,Abe vo Tera baap hai soch Samajh ke bol,no,offensive,na,anger,urdu/urdu urdu/urdu urdu/urdu urdu/urdu urdu/urdu urdu/urdu urdu/urdu urdu/urdu urdu/urdu
-w7eMfsuRgA,Sab ko nikalna chahiye,no,none,na,anger,Sab/urdu ko/urdu nikalna/urdu chahiye/urdu
XHQrr9fmTkc,Api ap to North area chale ga tha,yes,none,na,none,Api/urdu ap/urdu to/urdu North/english area/english chale/urdu ga/urdu tha/urdu
UiYpRBQ74fs,Imran bhai ap jwano kobolo k in choro dako jenrlo k khalaf nklo. J zee ko bolo k bahar nklo in gaddaro k khalaf nklo bahar  bas ye bolo,no,offensive,na,anger,Imran/ambiguous bhai/urdu ap/urdu jwano/urdu kobolo/urdu k/urdu in/urdu choro/urdu dako/urdu jenrlo/urdu k/urdu khalaf/urdu nklo/urdu J/ambiguous zee/ambiguous ko/urdu bolo/urdu k/urdu bahar/urdu nklo/urdu in/urdu gaddaro/urdu k/urdu khalaf/urdu nklo/urdu bahar/urdu bas/urdu ye/urdu bolo/urdu
EyrNOfyxSBQ,"I am sorry to say lakin ake gareeb admi ki Beti is tarha badnaam ho jaye to halaat aisy paida ho jaty a k yn wo khud mar jata yn koi sakht faisla le leta 
In sisterlogy ko kia pata inky baap k pas konsi gairat a",yes,offensive,na,anger|sadness,I/english am/english sorry/english to/english say/english lakin/urdu ake/urdu gareeb/urdu admi/urdu ki/urdu Beti/urdu is/english tarha/urdu badnaam/urdu ho/urdu jaye/urdu to/urdu halaat/urdu aisy/urdu paida/urdu ho/urdu jaty/urdu a/urdu k/urdu yn/urdu wo/urdu khud/urdu mar/urdu jata/urdu yn/urdu koi/urdu sakht/urdu faisla/urdu le/urdu leta/urdu In/english sisterlogy/english ko/urdu kia/urdu pata/urdu inky/urdu baap/urdu k/urdu pas/urdu konsi/urdu gairat/urdu a/urdu
IMnXqYDHhZI,Jhot log itny intazar kar rhy han 😂😂😂😂,yes,none,na,joy,Jhot/urdu log/urdu itny/urdu intazar/urdu kar/urdu rhy/urdu han/urdu 😂😂😂😂/ambiguous
BmpRnfu16YA,Mera Ghar isase bhi jyada pyara hai batao Mera Ghar to itna pyara hai abhi😊😊😊😊😊😊😊,yes,none,na,joy,Mera/urdu Ghar/urdu isase/urdu bhi/urdu jyada/urdu pyara/urdu hai/urdu batao/urdu Mera/urdu Ghar/urdu to/urdu itna/urdu pyara/urdu hai/urdu abhi/urdu
VUKai4CZSNw,Ducky ki mama sub se cuteee🎉🎉🎉,no,none,na,joy,english/english ki/urdu mama/urdu sub/urdu se/urdu cuteee/english
hhFGhAo4ZfY,Waqas ny cheating kee hai,no,none,na,anger,Waqas/ambiguous ny/urdu cheating/english kee/urdu hai/urdu
N-0DINjOMlY,Bewi ko Dupata tu pehna lo Islam ki bateen kar rahy ho,yes,offensive,na,anger,Bewi/urdu ko/urdu Dupata/urdu tu/urdu pehna/urdu lo/urdu Islam/urdu ki/urdu bateen/urdu kar/urdu rahy/urdu ho/urdu
BaMLBWWvNHA,Bhaiya ki tarah bagair Koi insan Nahin hai usko aap kah rahe ho na ulta sidha vah aapka baap hai,yes,offensive,na,anger,Bhaiya/urdu ki/urdu tarah/urdu bagair/urdu Koi/urdu insan/urdu Nahin/urdu hai/urdu usko/urdu aap/urdu kah/urdu rahe/urdu ho/urdu na/urdu ulta/urdu sidha/urdu vah/urdu aapka/urdu baap/urdu hai/urdu
EyrNOfyxSBQ,Api  apna  to  bola  tha ka  apki  family   bi aya gi,yes,none,na,surprise,Api/urdu apna/urdu to/urdu bola/urdu tha/urdu ka/urdu apki/urdu family/english bi/urdu aya/urdu gi/urdu
-w7eMfsuRgA,Maolana ishaq sb was realy maola  allah un ko karwat karwat jannat atta farmaye ameen,no,none,na,joy,Maolana/urdu ishaq/urdu sb/english was/english realy/english maola/urdu allah/urdu un/urdu ko/urdu karwat/urdu karwat/urdu jannat/urdu atta/urdu farmaye/urdu ameen/urdu
eY0i4nBXqdY,Mara Liya bb Dua Karna Meray baba Jan nay Kisi ko buhat zayada pasy Dena hai Allah pak say Dua kar plz 😢😢😢,no,none,na,sadness,Mara/urdu Liya/urdu bb/english Dua/urdu Karna/urdu Meray/urdu baba/urdu Jan/urdu nay/urdu Kisi/urdu ko/urdu buhat/urdu zayada/urdu pasy/urdu Dena/urdu hai/urdu Allah/urdu pak/urdu say/urdu Dua/urdu kar/urdu plz/english
zXAAAXogJ78,bari thek h?vlog nhi araha un ka,yes,none,na,anger,bari/urdu thek/urdu h?vlog/ambiguous nhi/urdu araha/urdu un/urdu ka/urdu
-w7eMfsuRgA,Punjabi samahj nahi ati,no,offensive,na,anger,urdu/urdu samahj/urdu nahi/urdu ati/urdu
gvG35CxYOLg,KOi mujhe AK crore bhe dai tou bhe Mai ye na Karo Jo apne apne sath kiya,yes,none,na,anger,KOi/urdu mujhe/urdu AK/urdu crore/urdu bhe/urdu dai/urdu tou/urdu bhe/urdu Mai/urdu ye/urdu na/urdu Karo/urdu Jo/urdu apne/urdu apne/urdu sath/urdu kiya/urdu
BmpRnfu16YA,home acha ha  par haya nahi ha,yes,none,na,sadness,home/english acha/urdu ha/urdu par/urdu haya/urdu nahi/urdu ha/urdu
VUKai4CZSNw,Thanks for 5 subscriber yar Allah ka wasta he subscribe kr do 😭😭😭😭😭😭😭😭😭,yes,none,na,sadness,Thanks/english for/english 5/ambiguous subscriber/english yar/urdu Allah/urdu ka/urdu wasta/urdu he/urdu subscribe/english kr/urdu do/urdu
VUKai4CZSNw,8:08 Ducky Bhai Roast Mr.Patlu😂😂,no,none,na,joy,ambiguous/ambiguous Ducky/english Bhai/urdu Roast/english Mr.Patlu/english
eY0i4nBXqdY,Fatima piya kitni pyari lagti hai mashallah Allah Tala sabko jaane,no,none,na,joy,Fatima/ambiguous piya/urdu kitni/urdu pyari/urdu lagti/urdu hai/urdu mashallah/urdu Allah/urdu Tala/urdu sabko/urdu jaane/urdu
BaMLBWWvNHA,Rajab sy hi jalte rehna pata ni tum ne aesa q kaha blke pehle tum usk agy piche ghumte thy ab usne hadi dalni band kr di to usk khilaf bhonk raha hai teri biwi khud uski faan hain 😅😂 pehle uski thokai kar jahil insan ye vlog bana k ab 2sri bar fam lene k liye asa kr rhy ho😂,yes,offensive,na,anger|joy,Rajab/urdu sy/urdu hi/urdu jalte/urdu rehna/urdu pata/urdu ni/urdu tum/urdu ne/urdu aesa/urdu q/urdu kaha/urdu blke/urdu pehle/urdu tum/urdu usk/urdu agy/urdu piche/urdu ghumte/urdu thy/urdu ab/urdu usne/urdu hadi/urdu dalni/urdu band/urdu kr/urdu di/urdu to/urdu usk/urdu khilaf/urdu bhonk/urdu raha/urdu hai/urdu teri/urdu biwi/urdu khud/urdu uski/urdu faan/urdu hain/urdu 😅😂/ambiguous pehle/urdu uski/urdu thokai/urdu kar/urdu jahil/urdu insan/urdu ye/urdu vlog/english bana/urdu k/urdu ab/urdu 2sri/urdu bar/urdu fam/english lene/urdu k/urdu liye/urdu asa/urdu kr/urdu rhy/urdu ho/urdu
zfjRK9s0pjA,I😮qra api anaviya ka face travel  kar da plese,no,none,na,surprise,ambiguous/ambiguous api/urdu anaviya/urdu ka/urdu face/english travel/english kar/urdu da/urdu plese/english
IMnXqYDHhZI,Over bhot hogi ha husband ki izzat samny kary sub dakty han or bachy bh kia sikhay gy dikhny wally apni beti tak ko bh koi tarbiat ni di ha😢,no,offensive,na,anger|sadness,english/ambiguous urdu/ambiguous urdu/ambiguous urdu/ambiguous english/english urdu/ambiguous urdu/ambiguous urdu/ambiguous urdu/ambiguous urdu/ambiguous urdu/ambiguous urdu/ambiguous english/english urdu/ambiguous urdu/ambiguous urdu/ambiguous urdu/ambiguous urdu/ambiguous urdu/ambiguous urdu/ambiguous urdu/ambiguous urdu/ambiguous urdu/ambiguous urdu/ambiguous urdu/ambiguous urdu/ambiguous urdu/ambiguous urdu/ambiguous urdu/ambiguous
IMnXqYDHhZI,Bore velog...over ... zulqernain genuine person hai.suru say he achi ameer family say hai.kanwal ko late mila sab.ab bechari ko samnbhalny nahi ho rha.bongi.english to sai bolni nainaati.is ke sari family bongi aur paumdo,yes,offensive,na,anger|sadness,Bore/urdu velog/urdu over/english zulqernain/urdu genuine/english person/english hai.suru/urdu say/urdu he/english achi/urdu ameer/urdu family/english say/urdu hai.kanwal/urdu ko/urdu late/english mila/urdu sab.ab/urdu bechari/urdu ko/urdu samnbhalny/urdu nahi/urdu ho/urdu rha.bongi.english/ambiguous to/urdu sai/urdu bolni/urdu nainaati.is/urdu ke/urdu sari/urdu family/english bongi/urdu aur/urdu paumdo/urdu
XHQrr9fmTkc,"Fatima api aap mere Khad main I thi  aap is, comment Mein Iske niche Kuchh Likhna",no,none,na,none,Fatima/ambiguous api/urdu aap/urdu mere/urdu Khad/urdu main/urdu I/english thi/urdu aap/urdu is/english comment/english Mein/urdu Iske/urdu niche/urdu Kuchh/urdu Likhna/urdu
N-0DINjOMlY,Bhai u look good in the Porsche get one,no,none,na,joy,Bhai/urdu u/english look/english good/english in/english the/english Porsche/english get/english one/english
IMnXqYDHhZI,Zulqar Bhai Ka vlog m  unky dost  hoty woi lrko waly bate hum lrkiya bore hojty apka vlog Dekh k mza ah Ra ha lrkiyo wali cheez dekhny ko mil ry 😅😅😅😅😅,yes,none,na,joy,Zulqar/urdu Bhai/urdu Ka/urdu vlog/english m/urdu unky/urdu dost/urdu hoty/urdu woi/urdu lrko/urdu waly/urdu bate/urdu hum/urdu lrkiya/urdu bore/urdu hojty/urdu apka/urdu vlog/english Dekh/urdu k/urdu mza/urdu ah/urdu Ra/urdu ha/urdu lrkiyo/urdu wali/urdu cheez/urdu dekhny/urdu ko/urdu mil/urdu ry/urdu 😅😅😅😅😅/ambiguous
FH8OUP2_sN4,Pubg main uc dalwado uid 5994551735 or come back kab hoga,no,none,na,none,Pubg/ambiguous main/urdu uc/english dalwado/urdu uid/english 5994551735/ambiguous or/english come/english back/english kab/urdu hoga/urdu
EyrNOfyxSBQ,rabia ki acting shi hainnn butt hiraa😂,yes,offensive,na,joy|surprise,rabia/ambiguous ki/urdu acting/english shi/urdu hainnn/urdu butt/english hiraa/urdu
IMnXqYDHhZI,Totally Landy k hen 😅,yes,none,na,joy,Totally/english Landy/urdu k/urdu hen/urdu 😅/ambiguous
BljaIOvFkcM,Imran Bhai thank you.. we told the world we are unarmed and peaceful. TRAITORS ARE CELEBRATING WHEN OUR NATION IS BEING MASSACRED ROBBED AND DESTROYED. This is the honest truth of today PoK PoK PoK,yes,offensive,na,anger|sadness,Imran/urdu Bhai/urdu thank/english you/english we/english told/english the/english world/english we/english are/english unarmed/english and/english peaceful/english TRAITORS/english ARE/english CELEBRATING/english WHEN/english OUR/english NATION/english IS/english BEING/english MASSACRED/english ROBBED/english AND/english DESTROYED/english This/english is/english the/english honest/english truth/english of/english today/english PoK/ambiguous PoK/ambiguous PoK/ambiguous
4k0ZV0UFZSw,Love you Imran Bhai ❤❤,no,none,na,joy,Love/english you/english Imran/ambiguous Bhai/urdu ❤❤/ambiguous
EyrNOfyxSBQ,Rabiya ki film bahut acchi lagi hamen Bhoot ki film per humne 200 views Kiya aapke dekhkar news aapko,no,none,na,joy,Rabiya/ambiguous ki/urdu film/english bahut/urdu acchi/urdu lagi/urdu hamen/urdu Bhoot/urdu ki/urdu film/english per/urdu humne/urdu 200/english views/english Kiya/urdu aapke/urdu dekhkar/urdu news/english aapko/urdu
WJxfQWiP9DQ,Asslam o Alikum Imran Bai plz Asim Dictator ko saab mat bola karye plz Request ha,no,offensive,na,anger,Asslam/urdu o/urdu Alikum/urdu Imran/urdu Bai/urdu plz/english Asim/urdu Dictator/english ko/urdu saab/urdu mat/urdu bola/urdu karye/urdu plz/english Request/english ha/urdu
BmpRnfu16YA,Ap sa bara ghar to haya ka hai 😂😂😂😂😂😂😂😂😂,yes,none,na,joy,Ap/urdu sa/urdu bara/urdu ghar/urdu to/urdu haya/urdu ka/urdu hai/urdu 😂😂😂😂😂😂😂😂😂/ambiguous
eY0i4nBXqdY,Please ap mara name la my name is Dua,no,none,na,none,Please/english ap/urdu mara/urdu name/english la/urdu my/english name/english is/english Dua/ambiguous
BmpRnfu16YA,Nice. Home  hia  k  home   kha ha,no,none,na,joy,Nice./english Home/english hia/urdu k/urdu home/english kha/urdu ha/urdu
BmpRnfu16YA,Yaar yeh zainab ka mun band karwao 😑😒,no,offensive,na,anger,Yaar/urdu yeh/urdu zainab/urdu ka/urdu mun/urdu band/urdu karwao/urdu 😑😒/ambiguous
IMnXqYDHhZI,ap nhi rajab butt 🎉,yes,none,na,joy|surprise,ap/urdu nhi/urdu rajab/urdu butt/english 🎉/ambiguous
EyrNOfyxSBQ,Song k Naam Kiya hai is ma ju aya hai,no,none,na,none,Song/english k/urdu Naam/urdu Kiya/urdu hai/urdu is/urdu ma/urdu ju/urdu aya/urdu hai/urdu
eY0i4nBXqdY,26 minutes ki video he or 2600 bar business class bol chuki he (wow) ACHA tareeka he show off Karne ka🙄,yes,none,na,anger|surprise,26/ambiguous minutes/english ki/urdu video/english he/urdu or/urdu 2600/ambiguous bar/urdu business/english class/english bol/urdu chuki/urdu he/urdu (wow)/english ACHA/urdu tareeka/urdu he/urdu show/english off/english Karne/urdu ka/urdu
-w7eMfsuRgA,Aap nay kaha Aain😂😂😂😂😂😂😂😂 koun sa Aain.😢,yes,none,na,joy|sadness,Aap/urdu nay/urdu kaha/urdu Aain/urdu koun/urdu sa/urdu Aain/urdu
zfjRK9s0pjA,Fajjer ki azan ke time meri behan bhi hui thi ❤or me bhi,no,none,na,joy,Fajjer/urdu ki/urdu azan/urdu ke/urdu time/english meri/urdu behan/urdu bhi/urdu hui/urdu thi/urdu ❤or/ambiguous me/urdu bhi/urdu
gvG35CxYOLg,Ywrr asa challenge na kren shahveer Bhai,no,none,na,none,urdu/ambiguous asa/urdu challenge/english na/urdu kren/urdu shahveer/ambiguous Bhai/urdu
VUKai4CZSNw,Patlu tu war gyaa,no,none,na,surprise,Patlu/ambiguous tu/urdu war/english gyaa/urdu
VUKai4CZSNw,Dacky bhai 🫡 happy ho na,yes,none,na,joy,Dacky/ambiguous bhai/urdu 🫡/ambiguous happy/english ho/urdu na/urdu
PKFU1F2QEMQ,Kon c city hai,no,none,na,none,Kon/urdu c/english city/english hai/urdu
Erif7Vj9NSQ,Aapki gadi ka number 756 dhyan se Dekho gaur se,no,none,na,none,Aapki/urdu gadi/urdu ka/urdu number/english 756/ambiguous dhyan/urdu se/urdu Dekho/urdu gaur/urdu se/urdu
WJxfQWiP9DQ,"Pakistan ka sb sy bara dushman yahi  banda ha 😂 PTI or RSS same hin
Jai hind 
Live long sir",yes,offensive,na,joy|anger,Pakistan/ambiguous ka/urdu sb/urdu sy/urdu bara/urdu dushman/urdu yahi/urdu banda/urdu ha/urdu 😂/ambiguous PTI/ambiguous or/english RSS/ambiguous same/english hin/urdu Jai/urdu hind/english Live/english long/english sir/english
zXAAAXogJ78,Kanwal sab sa bari,no,none,na,none,Kanwal/ambiguous sab/urdu sa/urdu bari/urdu
eY0i4nBXqdY,Mujhe to Matlab bahut shauk hai jaane ka magar Allah jitne bhi log Hain UN sab ko Apne dar per bulae aamin aamin,no,none,na,sadness,Mujhe/urdu to/urdu Matlab/urdu bahut/urdu shauk/urdu hai/urdu jaane/urdu ka/urdu magar/urdu Allah/urdu jitne/urdu bhi/urdu log/urdu Hain/urdu UN/urdu sab/urdu ko/urdu Apne/urdu dar/urdu per/urdu bulae/urdu aamin/urdu aamin/urdu
nqbNLe84dpM,Pyari lag rahi ho,no,none,na,joy,Pyari/urdu lag/urdu rahi/urdu ho/urdu
FH8OUP2_sN4,Kis kis k bina search kiye mil gaya😂😂❤❤😱😱😱,yes,none,na,joy|surprise,Kis/urdu kis/urdu k/urdu bina/urdu search/english kiye/urdu mil/urdu gaya/urdu
BaMLBWWvNHA,"Zulqurnain bhi Allah apko dunya or akhirat me kamiyab fermy 
Salamt rho mere bhi ❤",no,none,na,joy,Zulqurnain/ambiguous bhi/urdu Allah/urdu apko/urdu dunya/urdu or/urdu akhirat/urdu me/urdu kamiyab/urdu fermy/urdu Salamt/urdu rho/urdu mere/urdu bhi/urdu ❤/ambiguous
BmpRnfu16YA,Aap log kab new home le rahe ho 🎉🎉❤😢😮😅😊,no,none,na,joy|surprise,Aap/urdu log/urdu kab/urdu new/english home/english le/urdu rahe/urdu ho/urdu 🎉🎉❤😢😮😅😊/ambiguous
UiYpRBQ74fs,Pagal ho raha hai power ky liye army chief,yes,offensive,na,anger,Pagal/urdu ho/urdu raha/urdu hai/urdu power/english ky/urdu liye/urdu army/english chief/english
IMnXqYDHhZI,plz zulqar bhai ap vlog banaya kare  i request you,no,none,na,none,plz/english zulqar/urdu bhai/urdu ap/urdu vlog/english banaya/urdu kare/urdu i/english request/english you/english
BmpRnfu16YA,Yaar api sari video ma best cat thi,no,none,na,joy,Yaar/urdu api/urdu sari/urdu video/english ma/urdu best/english cat/english thi/urdu
eY0i4nBXqdY,Fatima api vo coffee nahi hai ya cava hai😇😊,no,none,na,joy|surprise,Fatima/urdu api/urdu vo/urdu coffee/english nahi/urdu hai/urdu ya/urdu cava/english hai/urdu
4k0ZV0UFZSw,Kiya yeh  possible hai.. jo aap bolein likha aa jaey.. baz auqat awaz nahi chala saktay.. thanks,no,none,na,none,Kiya/urdu yeh/urdu possible/english hai/urdu jo/urdu aap/urdu bolein/urdu likha/urdu aa/urdu jaey/urdu baz/urdu auqat/urdu awaz/urdu nahi/urdu chala/urdu saktay/urdu thanks/english
N-0DINjOMlY,Men apk sub vlogs dekhti hun bhai,no,none,na,joy,urdu/urdu apk/ambiguous sub/urdu vlogs/english dekhti/urdu hun/urdu bhai/urdu
BmpRnfu16YA,Har baat per Fatima bhi kah rahe hain theek hai theek hai kis kisne note kiya,yes,none,na,anger,Har/urdu baat/urdu per/urdu Fatima/ambiguous bhi/urdu kah/urdu rahe/urdu hain/urdu theek/urdu hai/urdu theek/urdu hai/urdu kis/urdu kisne/urdu note/english kiya/urdu
BljaIOvFkcM,Imran Riaz khan sir yehi as it is moqef Sindhion ka bhi hai farak Sirf ye hai k Sindhion k tamam tar wasael pr kàbza kia ja chukka hai jab k Kashmirion k Sath aesa krne ki Koshish ki ja Rahi hai lekn app ne Sindhion k Leye kabhi awaz nahi uthate,no,offensive,na,anger,urdu/ambiguous urdu/ambiguous urdu/ambiguous urdu/ambiguous urdu/ambiguous english/english english/english english/english urdu/ambiguous urdu/ambiguous urdu/ambiguous urdu/ambiguous urdu/ambiguous urdu/ambiguous urdu/ambiguous urdu/ambiguous urdu/ambiguous urdu/ambiguous urdu/ambiguous urdu/ambiguous urdu/ambiguous urdu/ambiguous urdu/ambiguous urdu/ambiguous urdu/ambiguous urdu/ambiguous urdu/ambiguous urdu/ambiguous urdu/ambiguous urdu/ambiguous urdu/ambiguous urdu/ambiguous urdu/ambiguous urdu/ambiguous urdu/ambiguous urdu/ambiguous urdu/ambiguous urdu/ambiguous urdu/ambiguous urdu/ambiguous urdu/ambiguous urdu/ambiguous urdu/ambiguous urdu/ambiguous urdu/ambiguous urdu/ambiguous urdu/ambiguous urdu/ambiguous urdu/ambiguous urdu/ambiguous urdu/ambiguous
EyrNOfyxSBQ,Zaroori nhi Khwab Sirf actress banny Kay hn you can be every thing girls are the queens of their own life so live your own life ..,no,none,na,joy,Zaroori/urdu nhi/urdu Khwab/urdu Sirf/urdu actress/english banny/urdu Kay/urdu hn/urdu you/english can/english be/english every/english thing/english girls/english are/english the/english queens/english of/english their/english own/english life/english so/english live/english your/english own/english life/english ../ambiguous
BljaIOvFkcM,Sir apki video deky bgair nend ni ata Allah pak ki ksm hai sir Allah apko lambi Zindagi de ameeen,no,none,na,joy,Sir/ambiguous apki/urdu video/english deky/urdu bgair/urdu nend/urdu ni/urdu ata/urdu Allah/urdu pak/urdu ki/urdu ksm/urdu hai/urdu sir/ambiguous Allah/urdu apko/urdu lambi/urdu Zindagi/urdu de/urdu ameeen/urdu
IMnXqYDHhZI,Mashallah mashallah bahut pyare so jao baithe andapuram ko pahnana Naseeb Karen 😊 ameen ameen ❤❤❤❤,no,none,na,joy,Mashallah/urdu mashallah/urdu bahut/urdu pyare/urdu so/urdu jao/urdu baithe/urdu andapuram/ambiguous ko/urdu pahnana/urdu Naseeb/urdu Karen/urdu 😊/ambiguous ameen/urdu ameen/urdu ❤❤❤❤/ambiguous
EyrNOfyxSBQ,dua kara ka mere 900 number ajay 10 class mai 40 log ameen bolo allah mujay or tamam bacho ko kamyab karay ameen suma ameen ❤,no,none,na,joy,dua/urdu kara/urdu ka/urdu mere/urdu 900/ambiguous number/english ajay/urdu 10/ambiguous class/english mai/urdu 40/ambiguous log/urdu ameen/urdu bolo/urdu allah/urdu mujay/urdu or/urdu tamam/urdu bacho/urdu ko/urdu kamyab/urdu karay/urdu ameen/urdu suma/urdu ameen/urdu ❤/ambiguous
XHQrr9fmTkc,vlog 26mint ka ha 24 hours ka kese ho ga,yes,none,na,surprise,vlog/english 26mint/ambiguous ka/urdu ha/urdu 24/english hours/english ka/urdu kese/urdu ho/urdu ga/urdu
Erif7Vj9NSQ,Aap mujhe aap bahut pasand hai main aapki bahut badi fan,no,none,na,joy,Aap/urdu mujhe/urdu aap/urdu bahut/urdu pasand/urdu hai/urdu main/urdu aapki/urdu bahut/urdu badi/urdu fan/english
N-0DINjOMlY,Allah pak ap ko salamt rakhy bhai ❤,no,none,na,joy,Allah/urdu pak/urdu ap/urdu ko/urdu salamt/urdu rakhy/urdu bhai/urdu ❤/ambiguous
-w7eMfsuRgA,Aap Iyyaka Nabudu Wa Iyyaka Nastayin sy shuru kiya karien Like Imran khan. It will have a great impact. we will include imran khan in your every Vlog by this. and keep him alive in our conversations. Bismillah ky baad Iyyaka Nabudu wa Iyyaka Nastayien zaroor bola karien @DRshehbazgill,no,none,na,joy,urdu/urdu urdu/urdu urdu/urdu urdu/urdu urdu/urdu urdu/urdu urdu/urdu urdu/urdu urdu/urdu urdu/urdu english/english english/english english/english english/english english/english english/english english/english english/english english/english english/english english/english english/english english/english english/english english/english english/english english/english english/english english/english english/english english/english urdu/urdu urdu/urdu urdu/urdu urdu/urdu urdu/urdu urdu/urdu urdu/urdu urdu/urdu urdu/urdu urdu/urdu urdu/urdu urdu/urdu
VUKai4CZSNw,Alhamdulilah 2k subscribers complete or pori dunya se khobsorat ha mera Pakistan gilgitbaltistan ❤❤❤❤❤❤❤,no,none,na,joy,Alhamdulilah/urdu 2k/english subscribers/english complete/english or/english pori/urdu dunya/urdu se/urdu khobsorat/urdu ha/urdu mera/urdu Pakistan/english gilgitbaltistan/english ❤❤❤❤❤❤❤/ambiguous
gvG35CxYOLg,Allah ka wasta Thora jaldi video dalo,no,none,na,none,Allah/urdu ka/urdu wasta/urdu Thora/urdu jaldi/urdu video/english dalo/urdu
FH8OUP2_sN4,Ducky Bhai mujhe gift kar do,no,none,na,joy,english/english urdu/urdu urdu/urdu english/english urdu/urdu urdu/urdu
8ksTrbtyTco,bhai bahany bahany sy ayesha ko cooking seekha rha hy😂,yes,none,na,joy,bhai/urdu bahany/urdu bahany/urdu sy/urdu ayesha/ambiguous ko/urdu cooking/english seekha/urdu rha/urdu hy/urdu
nqbNLe84dpM,Api iqraAap apne perfume ke video dikhayen please,no,none,na,none,urdu/ambiguous urdu/ambiguous urdu/ambiguous perfume/english ke/urdu video/english dikhayen/urdu please/english
PKFU1F2QEMQ,Mashallah allah baratna naseeb kare ap sab ko 🎉❤🎉,no,none,na,joy,Mashallah/urdu allah/urdu baratna/urdu naseeb/urdu kare/urdu ap/urdu sab/urdu ko/urdu 🎉❤🎉/ambiguous
BljaIOvFkcM,Bhai aap bilkul sahe sahafat ka haq ada kr rajay hein Allah Pak aap ki aur hum sb ki khaer frmain,no,none,na,joy,Bhai/urdu aap/urdu bilkul/urdu sahe/urdu sahafat/urdu ka/urdu haq/urdu ada/urdu kr/urdu rajay/urdu hein/urdu Allah/urdu Pak/urdu aap/urdu ki/urdu aur/urdu hum/urdu sb/ambiguous ki/urdu khaer/urdu frmain/urdu
VUKai4CZSNw,Bhi ap har bat pe qasam na khaya karo,no,none,na,anger,urdu/urdu ap/urdu har/urdu bat/urdu pe/urdu qasam/urdu na/urdu khaya/urdu karo/urdu
EyrNOfyxSBQ,"Kis Kis ko mere Tarah Rona Aya 
  Buhut zabar 10 acting",yes,none,na,sadness|surprise,Kis/urdu Kis/urdu ko/urdu mere/urdu Tarah/urdu Rona/urdu Aya/urdu Buhut/urdu zabar/urdu 10/ambiguous acting/english
nqbNLe84dpM,Mashallah iqra API bahut pyari lag rahi hai,no,none,na,joy,Mashallah/urdu iqra/english API/english bahut/urdu pyari/urdu lag/urdu rahi/urdu hai/urdu
XHQrr9fmTkc,Fatima api Jo ap ki mama na mine pizza banha tha vo mara sa ni bana or mama sa dant per gi,yes,none,na,joy|surprise,Fatima/urdu api/urdu Jo/urdu ap/urdu ki/urdu mama/urdu na/urdu mine/urdu pizza/english banha/urdu tha/urdu vo/urdu mara/urdu sa/urdu ni/urdu bana/urdu or/urdu mama/urdu sa/urdu dant/urdu per/urdu gi/urdu
BaMLBWWvNHA,Janta h tara ko bhi acha sa 😂 Tum Sara chutu tuhmara Jo Kam tha TikTok pa sub ko pata h or bat krta ho Rajjab butt ka bara ma 😂😂,yes,offensive,na,joy|anger,Janta/urdu h/urdu tara/urdu ko/urdu bhi/urdu acha/urdu sa/urdu 😂/ambiguous Tum/urdu Sara/urdu chutu/urdu tuhmara/urdu Jo/urdu Kam/urdu tha/urdu TikTok/english pa/urdu sub/urdu ko/urdu pata/urdu h/urdu or/urdu bat/urdu krta/urdu ho/urdu Rajjab/urdu butt/english ka/urdu bara/urdu ma/urdu 😂😂/ambiguous
-w7eMfsuRgA,"Attention: Any legitimate globally existing human rights and criminal justice network!! Pakistani nation wants justice for all victims of numerous massacres! No more Regime’s illegit brutality against innocent citizens we won’t tolerate injustice any longer!!
Sir IK must get immediate assistance for his health coverage and eye treatment per his instructions! Thousands of kidnapped PTI victims have been in life threatening situations hoping and waiting for survival in numerous detention facilities‼️🆘",no,offensive,na,anger|sadness|fear,Attention:/english Any/english legitimate/english globally/english existing/english human/english rights/english and/english criminal/english justice/english network/english Pakistani/english nation/english wants/english justice/english for/english all/english victims/english of/english numerous/english massacres/english No/english more/english Regime's/english illegit/english brutality/english against/english innocent/english citizens/english we/english won't/english tolerate/english injustice/english any/english longer/english Sir/english IK/ambiguous must/english get/english immediate/english assistance/english for/english his/english health/english coverage/english and/english eye/english treatment/english per/english his/english instructions/english Thousands/english of/english kidnapped/english PTI/ambiguous victims/english have/english been/english in/english life/english threatening/english situations/english hoping/english and/english waiting/english for/english survival/english in/english numerous/english detention/english facilities/english
Erif7Vj9NSQ,Sabse pyari dikh rahi hai Fatima,no,none,na,joy,Sabse/urdu pyari/urdu dikh/urdu rahi/urdu hai/urdu Fatima/ambiguous
UiYpRBQ74fs,"LHor ke zinda dil ghulam haar maan chuke but Kashmiri log haar nahi maan sakte. Hum kpk ke Pashtoon hasr nahi maan sakte.
Maot ya azadi 👈💪",no,offensive,na,anger,LHor/ambiguous ke/urdu zinda/urdu dil/urdu ghulam/urdu haar/urdu maan/urdu chuke/urdu but/english Kashmiri/urdu log/urdu haar/urdu nahi/urdu maan/urdu sakte/urdu Hum/urdu kpk/ambiguous ke/urdu Pashtoon/urdu hasr/urdu nahi/urdu maan/urdu sakte/urdu Maot/urdu ya/urdu azadi/urdu 👈💪/ambiguous
ttL6k7wzGmQ,Alima Khan ki Speech 👈✅✅✅✅✅✅✅✅🤝🤝🤝🤝👍👍👍👍🤲🤲🤲👍👍👍👍,no,none,na,joy,Alima/ambiguous Khan/ambiguous ki/urdu Speech/english 👈✅✅✅✅✅✅✅✅🤝🤝🤝🤝👍👍👍👍🤲🤲🤲👍👍👍👍/ambiguous
BmpRnfu16YA,Zindagi to haya jeerhi hai hum to srf guzaar rhy hen😂,yes,none,na,joy|sadness,Zindagi/urdu to/urdu haya/urdu jeerhi/urdu hai/urdu hum/urdu to/urdu srf/urdu guzaar/urdu rhy/urdu hen/urdu
BmpRnfu16YA,Mashallah Allah Nazarbad sy bachy ❤ ufff ullah very nice🌸😋💖,no,none,na,joy,Mashallah/urdu Allah/urdu Nazarbad/urdu sy/urdu bachy/urdu ❤/ambiguous ufff/ambiguous ullah/urdu very/english nice/english
UiYpRBQ74fs,Sharam nhi ati jhothy thambnail lagatay hoy .intha ka jhotha banda ha ye,no,offensive,na,anger,Sharam/urdu nhi/urdu ati/urdu jhothy/urdu thambnail/english lagatay/urdu hoy/urdu intha/urdu ka/urdu jhotha/urdu banda/urdu ha/urdu ye/urdu
zfjRK9s0pjA,Alhamdulillah aapane aap bahut mohabbat bahut,no,none,na,joy,Alhamdulillah/urdu aapane/urdu aap/urdu bahut/urdu mohabbat/urdu bahut/urdu
IMnXqYDHhZI,Please vloging mat churu kanwal api at least app in ko convece kare AP vlog banaya kare😢❤we love you,no,none,na,sadness|joy,Please/english vloging/urdu mat/urdu churu/urdu kanwal/ambiguous api/urdu at/english least/english app/english in/urdu ko/urdu convece/urdu kare/urdu AP/english vlog/english banaya/urdu kare/urdu we/english love/english you/english
IMnXqYDHhZI,Ap log kbi kbi words bht ajeb use krty kanwal lgta ha kch zda he jahil ha,yes,offensive,na,anger,Ap/urdu log/urdu kbi/urdu kbi/urdu words/english bht/urdu ajeb/urdu use/english krty/urdu kanwal/urdu lgta/urdu ha/urdu kch/urdu zda/urdu he/urdu jahil/urdu ha/urdu
XHQrr9fmTkc,Oh ho Fatima aap Pyari lag rahi ho please reply me,no,none,na,joy,english/english urdu/urdu urdu/urdu urdu/urdu urdu/urdu urdu/urdu urdu/urdu urdu/urdu english/english english/english english/english
eY0i4nBXqdY,Is jaga bi mobile on kia hua hai,no,none,na,none,urdu/ambiguous urdu/urdu urdu/urdu english/english english/english urdu/urdu urdu/urdu urdu/urdu
zXAAAXogJ78,Mamo ki baat nai tu mujhe bhi rola diya 😢😢😢😢,no,none,na,sadness,Mamo/urdu ki/urdu baat/urdu nai/urdu tu/urdu mujhe/urdu bhi/urdu rola/urdu diya/urdu 😢😢😢😢/ambiguous
hhFGhAo4ZfY,main unlike laga raha hoon rizq zaya hua hai,yes,none,na,sadness|anger,main/urdu unlike/english laga/urdu raha/urdu hoon/urdu rizq/urdu zaya/urdu hua/urdu hai/urdu
gvG35CxYOLg,Bad ma jo spicy tatti kii thiii usko b vlog ma dalnaaa tha,yes,offensive,na,anger,urdu/urdu ma/urdu jo/urdu spicy/english tatti/urdu kii/urdu thiii/urdu usko/urdu b/english vlog/english ma/urdu dalnaaa/urdu tha/urdu
VUKai4CZSNw,Bhaiyon 19:23  pe apko bohot piyari se awaz sune ko milegi 😂😂 legends 😅😅,yes,none,na,joy|surprise,Bhaiyon/urdu 19:23/ambiguous pe/urdu apko/urdu bohot/urdu piyari/urdu se/urdu awaz/urdu sune/urdu ko/urdu milegi/urdu 😂😂/ambiguous legends/english 😅😅/ambiguous
gvG35CxYOLg,Shavee bhi please 24  hours food challenge,no,none,na,joy,urdu/ambiguous urdu/urdu english/english english/english english/english english/english english/english
BaMLBWWvNHA,"Ho gaya bahi tu famous bas kar de beta 😂😂 bas kar tune ladna hai to aa ja ab kya bolu tum un k mane wale ho jo jango se baag jate the , tum munafiq he shia sunni karte ho, tu kitne calibre ka admi hai be , mc tuje fortuner dena wala he rajab tha bul gaya , teri itni aquat ne bhsdk k , aur be kafi kuch hai batane ko , hasad aur bugaz tumhare khoon mai , aj dekh tu kaha hai aur vo kaha hai , compete karna seekh jalna nahi",yes,offensive,na,anger|joy,Ho/urdu gaya/urdu bahi/urdu tu/urdu famous/english bas/urdu kar/urdu de/urdu beta/urdu 😂😂/ambiguous bas/urdu kar/urdu tune/urdu ladna/urdu hai/urdu to/urdu aa/urdu ja/urdu ab/urdu kya/urdu bolu/urdu tum/urdu un/urdu k/urdu mane/urdu wale/urdu ho/urdu jo/urdu jango/urdu se/urdu baag/urdu jate/urdu the/urdu tum/urdu munafiq/urdu he/urdu shia/urdu sunni/urdu karte/urdu ho/urdu tu/urdu kitne/urdu calibre/english ka/urdu admi/urdu hai/urdu be/urdu mc/urdu tuje/urdu fortuner/english dena/urdu wala/urdu he/urdu rajab/urdu tha/urdu bul/urdu gaya/urdu teri/urdu itni/urdu aquat/urdu ne/urdu bhsdk/urdu k/urdu aur/urdu be/urdu kafi/urdu kuch/urdu hai/urdu batane/urdu ko/urdu hasad/urdu aur/urdu bugaz/urdu tumhare/urdu khoon/urdu mai/urdu aj/urdu dekh/urdu tu/urdu kaha/urdu hai/urdu aur/urdu vo/urdu kaha/urdu hai/urdu compete/english karna/urdu seekh/urdu jalna/urdu nahi/urdu
8ksTrbtyTco,Please do with Ducky bhai,no,none,na,none,Please/english do/english with/english Ducky/ambiguous bhai/urdu
VUKai4CZSNw,"Ducky Bhai this is the list of some Halal japanese Pakistani indian restaurant in Shinjuku city Tokyo 
•Grill Hunter Shinjuku
•LUXE BURGERS & Sunny’s Table
•Honolu Premier Asakusa
•Tokyo Halal Deli & Cafe Restaurant Rikkyo University Ikebukuro Campus
•Siddique National Mart Shinokubo
•NANDHINI TORANOMON
•MARHABA PAKISTANI RESTAURANT
•Kozue
•New York Grill
•Saray Kebab Takadanobaba",no,none,na,none,Ducky/urdu Bhai/urdu this/english is/english the/english list/english of/english some/english Halal/urdu japanese/english Pakistani/english indian/english restaurant/english in/english Shinjuku/ambiguous city/english Tokyo/ambiguous Grill/english Hunter/english Shinjuku/ambiguous LUXE/english BURGERS/english &/english Sunny's/english Table/english Honolu/english Premier/english Asakusa/ambiguous Tokyo/ambiguous Halal/urdu Deli/english &/english Cafe/english Restaurant/english Rikkyo/ambiguous University/english Ikebukuro/ambiguous Campus/english Siddique/urdu National/english Mart/english Shinokubo/ambiguous NANDHINI/ambiguous TORANOMON/ambiguous MARHABA/urdu PAKISTANI/english RESTAURANT/english Kozue/ambiguous New/english York/english Grill/english Saray/urdu Kebab/urdu Takadanobaba/ambiguous
XHQrr9fmTkc,Ap ki helpers kaha soti hai,yes,offensive,na,anger,Ap/urdu ki/urdu helpers/english kaha/urdu soti/urdu hai/urdu
zfjRK9s0pjA,Is ka b bana do vlog pata nhi aisi condition me kesy vlog bana lety hn,yes,none,na,surprise|anger,Is/urdu ka/urdu b/urdu bana/urdu do/urdu vlog/english pata/urdu nhi/urdu aisi/urdu condition/english me/urdu kesy/urdu vlog/english bana/urdu lety/urdu hn/urdu
hhFGhAo4ZfY,Nanu bra tez ha Khai ja raha ha chup kr k khely na khely,yes,none,na,anger,Nanu/urdu bra/urdu tez/urdu ha/urdu Khai/urdu ja/urdu raha/urdu ha/urdu chup/urdu kr/urdu k/urdu khely/urdu na/urdu khely/urdu
Erif7Vj9NSQ,Fatima API ap k lahngy ka colour Kya h ???,yes,none,na,surprise,Fatima/ambiguous API/english ap/urdu k/urdu lahngy/urdu ka/urdu colour/english Kya/urdu h/urdu ???/ambiguous
BaMLBWWvNHA,Me ap ko shuru se dekh rhi hun qasm se yur family is best kanwal api or baby ummmmaaah❤❤,no,none,na,joy,Me/ambiguous ap/urdu ko/urdu shuru/urdu se/urdu dekh/urdu rhi/urdu hun/urdu qasm/urdu se/urdu yur/english family/english is/english best/english kanwal/urdu api/urdu or/english baby/english ummmmaaah/ambiguous
PKFU1F2QEMQ,Mashallah mashallah ap ka ghar bhat piara ha meri khala ka ghr bin as a hi ha,no,none,na,joy,Mashallah/urdu mashallah/urdu ap/urdu ka/urdu ghar/urdu bhat/urdu piara/urdu ha/urdu meri/urdu khala/urdu ka/urdu ghr/urdu bin/urdu as/ambiguous a/ambiguous hi/urdu ha/urdu
EyrNOfyxSBQ,Agar Gairat in ko aa gyi tou bagairtiyan yakhiyan hum karain ge,yes,none,na,anger,Agar/urdu Gairat/urdu in/urdu ko/urdu aa/urdu gyi/urdu tou/urdu bagairtiyan/urdu yakhiyan/urdu hum/urdu karain/urdu ge/urdu
-w7eMfsuRgA,"JO APNI MOM KA APNAY NANA G KA NA HO SAKA. WOH QOOM AUR MULK K SAATH QUION KER 
SINCEAR HU GAA ??? 😅😅😅😅😅",yes,none,na,anger,JO/urdu APNI/urdu MOM/english KA/urdu APNAY/urdu NANA/urdu G/urdu KA/urdu NA/urdu HO/urdu SAKA/urdu WOH/urdu QOOM/urdu AUR/urdu MULK/urdu K/urdu SAATH/urdu QUION/urdu KER/urdu SINCEAR/english HU/urdu GAA/urdu ???/ambiguous 😅😅😅😅😅/ambiguous
nqbNLe84dpM,Mene sahi bataya tha ki jolochip ka hi ayega ye bala blog sahi nikla 😂😂😂,yes,none,na,joy|surprise,Mene/urdu sahi/urdu bataya/urdu tha/urdu ki/urdu jolochip/urdu ka/urdu hi/urdu ayega/urdu ye/urdu bala/urdu blog/english sahi/urdu nikla/urdu 😂😂😂/ambiguous
IMnXqYDHhZI,Ma quettea 2sal ap followers ha ❤❤❤,no,none,na,joy,Ma/urdu quettea/urdu 2sal/ambiguous ap/urdu followers/english ha/urdu ❤❤❤/ambiguous
gvG35CxYOLg,Asslamu alikum i am ur biggest fan from pk i want to earn a money from internet i need a money i do my baclor now a days can u suggest me u now internet batter than me plzzz shahveer bhai I want to become a indepandance girl help me,no,none,na,joy|fear,Asslamu/urdu alikum/urdu i/english am/english ur/english biggest/english fan/english from/english pk/english i/english want/english to/english earn/english a/english money/english from/english internet/english i/english need/english a/english money/english i/english do/english my/english baclor/urdu now/english a/english days/english can/english u/english suggest/english me/english u/english now/english internet/english batter/english than/english me/english plzzz/ambiguous shahveer/urdu bhai/urdu I/english want/english to/english become/english a/english indepandance/english girl/english help/english me/english
FH8OUP2_sN4,Dukey bhai on top,no,none,na,joy,Dukey/urdu bhai/urdu on/english top/english
nqbNLe84dpM,NAHI aap Allah kea feazleo karram sea app jaanati hea❤❤❤❤❤😊,no,none,na,joy,NAHI/urdu aap/urdu Allah/ambiguous kea/urdu feazleo/urdu karram/urdu sea/urdu app/urdu jaanati/urdu hea/urdu
nqbNLe84dpM,Ap ko chahie Tha 1 lays or Mirchi wali mix karke upar niche rakhkar FIR munh Mein Dal dety sabke FIR is tarah pata hi na chalta yah sab uska bhi test Aata aur yah aaram se Kha leti kha jaate bahut jor ki Mirchi lagne the,no,none,na,joy|surprise,Ap/urdu ko/urdu chahie/urdu Tha/urdu 1/ambiguous lays/english or/english Mirchi/urdu wali/urdu mix/english karke/urdu upar/urdu niche/urdu rakhkar/urdu FIR/english munh/urdu Mein/urdu Dal/urdu dety/urdu sabke/urdu FIR/english is/urdu tarah/urdu pata/urdu hi/urdu na/urdu chalta/urdu yah/urdu sab/urdu uska/urdu bhi/urdu test/english Aata/urdu aur/urdu yah/urdu aaram/urdu se/urdu Kha/urdu leti/urdu kha/urdu jaate/urdu bahut/urdu jor/urdu ki/urdu Mirchi/urdu lagne/urdu the/urdu
nqbNLe84dpM,yah rabia ko tameez ni ha areeb sa bat karna ki banda thori tameez kar lata ha shoki ho jati ha yah to wo atna karta ha ap sab ka lakin  afsoos ha batmizi ki,no,offensive,na,anger,yah/urdu rabia/urdu ko/urdu tameez/urdu ni/urdu ha/urdu areeb/urdu sa/urdu bat/urdu karna/urdu ki/urdu banda/urdu thori/urdu tameez/urdu kar/urdu lata/urdu ha/urdu shoki/urdu ho/urdu jati/urdu ha/urdu yah/urdu to/urdu wo/urdu atna/urdu karta/urdu ha/urdu ap/urdu sab/urdu ka/urdu lakin/urdu afsoos/urdu ha/urdu batmizi/urdu ki/urdu
FH8OUP2_sN4,"kali gardan saaf kro
ducky bhai",yes,offensive,na,anger,kali/urdu gardan/urdu saaf/urdu kro/urdu ducky/english bhai/urdu
FH8OUP2_sN4,Ye fazool tareen log hain ye baandar ki shakal Wala ducky dusron ki videos pr hansta hai r khd apni dekhy zra cheap log,yes,offensive,na,anger,Ye/urdu fazool/urdu tareen/urdu log/urdu hain/urdu ye/urdu baandar/urdu ki/urdu shakal/urdu Wala/urdu ducky/english dusron/urdu ki/urdu videos/english pr/urdu hansta/urdu hai/urdu r/urdu khd/urdu apni/urdu dekhy/urdu zra/urdu cheap/english log/urdu
FH8OUP2_sN4,Ducky Bhai iphone ki price to btani thi,yes,none,na,anger,Ducky/ambiguous Bhai/urdu iphone/english ki/urdu price/english to/urdu btani/urdu thi/urdu
BaMLBWWvNHA,RaJab Bii Be Gairat ZulQarnain Bi Mtmaeen Be Gairat Jo aPnii GhR kii OwretOn kO pUrii Duniya k Samnay nacHwatay Be gairat,yes,hate,na,anger,RaJab/urdu Bii/urdu Be/urdu Gairat/urdu ZulQarnain/urdu Bi/urdu Mtmaeen/urdu Be/urdu Gairat/urdu Jo/urdu aPnii/urdu GhR/urdu kii/urdu OwretOn/urdu kO/urdu pUrii/urdu Duniya/urdu k/urdu Samnay/urdu nacHwatay/urdu Be/urdu gairat/urdu
FH8OUP2_sN4,Ducky Bhai cockroach food is HARAM 😡😡,yes,offensive,na,anger,Ducky/ambiguous Bhai/urdu cockroach/english food/english is/english HARAM/urdu 😡😡/ambiguous
gvG35CxYOLg,Ap ko marsha lag rahi hai  or mujhe moh Mai Pani arha hai🤤🤤😁,no,none,na,joy,Ap/urdu ko/urdu marsha/urdu lag/urdu rahi/urdu hai/urdu or/urdu mujhe/urdu moh/urdu Mai/urdu Pani/urdu arha/urdu hai/urdu
nqbNLe84dpM,Yeh challenge kbhi mat kro aur Rabia ne bilkul thik kaha hai jisne bhi yeh chips bnaya hai uss legal action lena chahiye😕😐,no,offensive,na,anger|fear,Yeh/urdu challenge/english kbhi/urdu mat/urdu kro/urdu aur/urdu Rabia/urdu ne/urdu bilkul/urdu thik/urdu kaha/urdu hai/urdu jisne/urdu bhi/urdu yeh/urdu chips/english bnaya/urdu hai/urdu uss/urdu legal/english action/english lena/urdu chahiye/urdu
XHQrr9fmTkc,Fatima api apni fridge ki sfai kr lein bhhht pyari lge go,yes,none,na,joy,Fatima/urdu api/urdu apni/urdu fridge/english ki/urdu sfai/urdu kr/urdu lein/urdu bhhht/urdu pyari/urdu lge/urdu go/english
BaMLBWWvNHA,8:26 uska sirf nikkah hua tha shadi Nahi ufff Allah he is such a mysognistic person. Umrah apnay paisay say Kar rahi apni maa ko Karwa rahi hai to apni saas ko kiyun karwaye,no,offensive,na,anger,ambiguous/ambiguous usku/urdu sirf/urdu nikkah/urdu hua/urdu tha/urdu shadi/urdu Nahi/urdu ufff/ambiguous Allah/ambiguous he/english is/english such/english a/english mysognistic/english person/english Umrah/urdu apnay/urdu paisay/urdu say/urdu Kar/urdu rahi/urdu apni/urdu maa/urdu ko/urdu Karwa/urdu rahi/urdu hai/urdu to/urdu apni/urdu saas/urdu ko/urdu kiyun/urdu karwaye/urdu
IMnXqYDHhZI,Joty ko dakh k mashalla nhi bolty,yes,none,na,surprise,Joty/ambiguous ko/urdu dakh/urdu k/urdu mashalla/urdu nhi/urdu bolty/urdu
BljaIOvFkcM,Imran bhai Allah pak apko lambi Zindagi de aur Allah pak apko Khush rakhe ameen ❤❤❤❤❤❤❤,no,none,na,joy,Imran/ambiguous bhai/urdu Allah/urdu pak/urdu apko/urdu lambi/urdu Zindagi/urdu de/urdu aur/urdu Allah/urdu pak/urdu apko/urdu Khush/urdu rakhe/urdu ameen/urdu ❤❤❤❤❤❤❤/ambiguous
nqbNLe84dpM,Api anaviya ka. Face raveel karo place ❤❤❤❤❤❤❤❤❤❤❤❤❤❤ ma seerat,no,none,na,joy,Api/urdu anaviya/urdu ka/urdu Face/english raveel/urdu karo/urdu place/english ❤❤❤❤❤❤❤❤❤❤❤❤❤❤/ambiguous ma/urdu seerat/urdu
zfjRK9s0pjA,Allah ne aap ki Dua sun li,no,none,na,joy,Allah/urdu ne/urdu aap/urdu ki/urdu Dua/urdu sun/urdu li/urdu
VUKai4CZSNw,Ducky mara bacha tu patlo ko rost na karr,yes,none,na,anger,Ducky/english mara/urdu bacha/urdu tu/urdu patlo/urdu ko/urdu rost/urdu na/urdu karr/urdu
zfjRK9s0pjA,Allah pak iqra API ko sehat de our apki bate ki Umar lambi kare us ke naseeb ache kare,no,none,na,joy,Allah/urdu pak/urdu iqra/ambiguous API/english ko/urdu sehat/urdu de/urdu our/urdu apki/urdu bate/urdu ki/urdu Umar/urdu lambi/urdu kare/urdu us/urdu ke/urdu naseeb/urdu ache/urdu kare/urdu
Erif7Vj9NSQ,Api ab to un ki.beti ha anaviy,yes,none,na,none,Api/urdu ab/urdu to/urdu un/urdu ki.beti/urdu ha/urdu anaviy/urdu
gvG35CxYOLg,Aapko 24 hours sirf meetha khana hai this is my request,yes,none,na,joy,Aapko/urdu 24/ambiguous hours/english sirf/urdu meetha/urdu khana/urdu hai/urdu this/english is/english my/english request/english
BmpRnfu16YA,AP Boht achi ho❤,no,none,na,joy,urdu/ambiguous urdu/urdu urdu/urdu urdu/urdu
EyrNOfyxSBQ,ab n sisters konpaise mile hain pak kiblarkiyain ko behaya bnanay ka plan paise k liye,yes,hate,na,anger,ab/urdu n/ambiguous sisters/english konpaise/urdu mile/urdu hain/urdu pak/urdu kiblarkiyain/urdu ko/urdu behaya/urdu bnanay/urdu ka/urdu plan/english paise/urdu k/urdu liye/urdu
IMnXqYDHhZI,cute Meri byti k liye byj do Behan,no,none,na,joy,cute/english Meri/urdu byti/urdu k/urdu liye/urdu byj/urdu do/urdu Behan/urdu
Erif7Vj9NSQ,Ikra aapki kya Ghar se ja Rahi hai p 2:02 aap apna bhi aap kyon aisa karenge aap ise,no,none,na,none,Ikra/ambiguous aapki/urdu kya/urdu Ghar/urdu se/urdu ja/urdu Rahi/urdu hai/urdu p/english 2:02/ambiguous aap/urdu apna/urdu bhi/urdu aap/urdu kyon/urdu aisa/urdu karenge/urdu aap/urdu ise/urdu
XHQrr9fmTkc,Fatima api red clour ka challenge bhi karye ga,no,none,na,joy,Fatima/ambiguous api/urdu red/english clour/english ka/urdu challenge/english bhi/urdu karye/urdu ga/urdu
nqbNLe84dpM,Ab ap ke Bari hai ready rahe Fatima zaror revenge lenge😎,yes,none,na,joy|anger,Ab/urdu ap/urdu ke/urdu Bari/urdu hai/urdu ready/english rahe/urdu Fatima/ambiguous zaror/urdu revenge/english lenge/urdu
IMnXqYDHhZI,kanwal aap aizel k shoes muje bhej dain,no,none,na,none,kanwal/ambiguous aap/urdu aizel/ambiguous k/urdu shoes/english muje/urdu bhej/urdu dain/urdu
N-0DINjOMlY,Mashallah aizal k gift nice,no,none,na,joy,Mashallah/urdu aizal/urdu k/urdu gift/english nice/english
WJxfQWiP9DQ,Imran Khan aker sub sahi kerlega ? Iski guarantee dedo ? Usney 3.5 saal Mein kiya kiya yeh batao ?,yes,none,na,anger,Imran/urdu Khan/urdu aker/urdu sub/urdu sahi/urdu kerlega/urdu ?/ambiguous Iski/urdu guarantee/english dedo/urdu ?/ambiguous Usney/urdu 3.5/ambiguous saal/urdu Mein/urdu kiya/urdu kiya/urdu yeh/urdu batao/urdu ?/ambiguous
eY0i4nBXqdY,Hello salam alaikum Main Toh Umrah Karke I hun mujhe pata hai abhi asali Hai yah nakali Nahin Hai vaise mujhe bataya hua tha lekin mujhe ❤❤❤❤❤❤❤❤❤❤❤❤❤❤❤❤😂😂😂🎉🎉🎉😢😢😮😮😮😅,yes,none,na,joy|surprise,Hello/english salam/urdu alaikum/urdu Main/urdu Toh/urdu Umrah/urdu Karke/urdu I/english hun/urdu mujhe/urdu pata/urdu hai/urdu abhi/urdu asali/urdu Hai/urdu yah/urdu nakali/urdu Nahin/urdu Hai/urdu vaise/urdu mujhe/urdu bataya/urdu hua/urdu tha/urdu lekin/urdu mujhe/urdu ❤❤❤❤❤❤❤❤❤❤❤❤❤❤❤❤/ambiguous 😂😂😂/ambiguous 🎉🎉🎉/ambiguous 😢😢/ambiguous 😮😮😮/ambiguous 😅/ambiguous
eY0i4nBXqdY,Mashallah Allah ko salamat rakhe😊,no,none,na,joy,urdu/urdu urdu/urdu urdu/urdu urdu/urdu urdu/urdu
zfjRK9s0pjA,Allah pak nzrebd se bchye,no,none,na,none,Allah/urdu pak/urdu nzrebd/urdu se/urdu bchye/urdu
gvG35CxYOLg,Shahveer bhai toilet be like mujhe bachao😂,yes,none,na,joy,Shahveer/urdu bhai/urdu toilet/english be/english like/english mujhe/urdu bachao/urdu
HeZ2VBdJeOk,Yeh 7 lakh sab jhootay hain,yes,none,na,anger,Yeh/urdu 7/ambiguous lakh/urdu sab/urdu jhootay/urdu hain/urdu
BljaIOvFkcM,"Yeh ju dehshat gardi hai 
Ais ke peechay Wardi hai",yes,offensive,na,anger,Yeh/urdu ju/urdu dehshat/urdu gardi/urdu hai/urdu Ais/ambiguous ke/urdu peechay/urdu Wardi/urdu hai/urdu
N-0DINjOMlY,Life is unpredictable...bachi bht pyari hai..spoil na karain..,no,none,na,joy,Life/english is/english unpredictable/english bachi/urdu bht/urdu pyari/urdu hai/urdu spoil/english na/urdu karain/urdu
FH8OUP2_sN4,Ducky bhai pasa lala,no,none,na,joy,Ducky/english bhai/urdu pasa/urdu lala/urdu
gvG35CxYOLg,kia sundus shaveer ki maa hai?,no,none,na,none,kia/urdu sundus/ambiguous shaveer/ambiguous ki/urdu maa/urdu hai/urdu
BljaIOvFkcM,Waalikum assalam Bhai jn Allah pk ap ko slamat rakhy,no,none,na,joy,Waalikum/urdu assalam/urdu Bhai/urdu jn/ambiguous Allah/urdu pk/ambiguous ap/urdu ko/urdu slamat/urdu rakhy/urdu
FH8OUP2_sN4,Duki bhai huma bi kuch do chaina sa jo laka aya tha,no,none,na,joy,Duki/urdu bhai/urdu huma/urdu bi/urdu kuch/urdu do/urdu chaina/urdu sa/urdu jo/urdu laka/urdu aya/urdu tha/urdu
IMnXqYDHhZI,Mera b yhe shok tha buht akthe keye branded sab pare pare khrb hogae koi fida nhi aik jute me b mene paun nhi dala tha Jo khul gae sb or phir mare itne nuksan k bad nfrat hogae mje jote or bagun se,no,none,na,anger|sadness,Mera/urdu b/urdu yhe/urdu shok/urdu tha/urdu buht/urdu akthe/urdu keye/urdu branded/english sab/urdu pare/urdu pare/urdu khrb/urdu hogae/urdu koi/urdu fida/urdu nhi/urdu aik/urdu jute/urdu me/urdu b/urdu mene/urdu paun/urdu nhi/urdu dala/urdu tha/urdu Jo/urdu khul/urdu gae/urdu sb/urdu or/urdu phir/urdu mare/urdu itne/urdu nuksan/urdu k/urdu bad/urdu nfrat/urdu hogae/urdu mje/urdu jote/urdu or/urdu bagun/urdu se/urdu
PKFU1F2QEMQ,"Mashallah 
Big achievement 
Allah apko mazeed kamiyab kare or Hume b ap Jase taraki aata kare ❤
Ameen",no,none,na,joy,Mashallah/urdu Big/english achievement/english Allah/urdu apko/urdu mazeed/urdu kamiyab/urdu kare/urdu or/urdu Hume/urdu b/urdu ap/urdu Jase/urdu taraki/urdu aata/urdu kare/urdu ❤/ambiguous Ameen/urdu
zfjRK9s0pjA,Lqra app Allah ap KO thanks ho jai ❤❤❤❤❤,no,none,na,joy,urdu/ambiguous urdu/ambiguous urdu/ambiguous urdu/ambiguous urdu/ambiguous english/english urdu/urdu urdu/urdu ambiguous/ambiguous
gvG35CxYOLg,O baiiiii shirt pay kia likha hai koi bata do? Mujse nahi dekha jaa ra wo parhay baghar,no,none,na,surprise,O/urdu baiiiii/urdu shirt/english pay/urdu kia/urdu likha/urdu hai/urdu koi/urdu bata/urdu do/urdu Mujse/urdu nahi/urdu dekha/urdu jaa/urdu ra/urdu wo/urdu parhay/urdu baghar/urdu
4k0ZV0UFZSw,"Imran Khan ka naam leke youtube thumbnail hai but uski news last mein dii hai.. 
woh news pehle dia karein",yes,none,na,anger,Imran/ambiguous Khan/ambiguous ka/urdu naam/urdu leke/urdu youtube/english thumbnail/english hai/urdu but/english uski/urdu news/english last/urdu mein/urdu dii/urdu hai/urdu woh/urdu news/english pehle/urdu dia/urdu karein/urdu
BmpRnfu16YA,Laken lud pana ki bei ko had hti ha,yes,none,na,anger,Laken/urdu lud/urdu pana/urdu ki/urdu bei/urdu ko/urdu had/urdu hti/urdu ha/urdu
FH8OUP2_sN4,Ducky bhai ny china mei aroob k b..bs baray kr deye,yes,none,na,surprise,Ducky/english bhai/urdu ny/urdu china/english mei/urdu aroob/urdu k/urdu b..bs/urdu baray/urdu kr/urdu deye/urdu
zXAAAXogJ78,Kanwal hajaan ki dressing dekho besharami,yes,offensive,na,anger,Kanwal/ambiguous hajaan/urdu ki/urdu dressing/english dekho/urdu besharami/urdu
gvG35CxYOLg,Bhai just a question aik ghanta mai mexico se Pakistan kaisa aye,yes,none,na,surprise,Bhai/urdu just/english a/english question/english aik/urdu ghanta/urdu mai/urdu mexico/english se/urdu Pakistan/english kaisa/urdu aye/urdu
XHQrr9fmTkc,Fatima API ap ka friend muzamil kyu nahi aa raha ap ke ghar,no,none,na,none,Fatima/ambiguous API/english ap/urdu ka/urdu friend/english muzamil/urdu kyu/urdu nahi/urdu aa/urdu raha/urdu ap/urdu ke/urdu ghar/urdu
EyrNOfyxSBQ,Hira Api ki acting super hit hai,no,none,na,joy,urdu/urdu urdu/urdu urdu/urdu english/english english/english english/english urdu/urdu
hhFGhAo4ZfY,Sahi nhi mar rha hath pr mar rha hai hath piche bhi chala jata hai to udr bhi mar deta hai table pr nhi marta,no,none,na,none,Sahi/urdu nhi/urdu mar/urdu rha/urdu hath/urdu pr/urdu mar/urdu rha/urdu hai/urdu hath/urdu piche/urdu bhi/urdu chala/urdu jata/urdu hai/urdu to/urdu udr/urdu bhi/urdu mar/urdu deta/urdu hai/urdu table/english pr/urdu nhi/urdu marta/urdu
nqbNLe84dpM,😊😊😊😊kya hu ha ap bhai ko,no,none,na,joy,ambiguous/ambiguous hu/urdu ha/urdu ap/urdu bhai/urdu ko/urdu
zfjRK9s0pjA,Allah pak apki beti ko lambi zindagi ata farmai Ameen❤😊,no,none,na,joy,Allah/urdu pak/urdu apki/urdu beti/urdu ko/urdu lambi/urdu zindagi/urdu ata/urdu farmai/urdu Ameen/urdu
EyrNOfyxSBQ,"so emotional bhai, cry agaya🥹",no,none,na,sadness,so/english emotional/english bhai/urdu cry/english agaya/urdu
BaMLBWWvNHA,Ktini tameez k Sath rajab ko bezar Kiya hai😂🤌🏻yeh hoti h ik achi maa ki tabiyat,yes,none,na,joy,Ktini/urdu tameez/urdu k/urdu Sath/urdu rajab/urdu ko/urdu bezar/urdu Kiya/urdu hai/urdu yeh/urdu hoti/urdu h/urdu ik/urdu achi/urdu maa/urdu ki/urdu tabiyat/urdu
PKFU1F2QEMQ,MashAllah MashAllah Mary leye b doua kary mene b channel is leye banaya ha mara Ghar Ni ha apna lakin mene socha me aisa kam karo Jo Mary jany k bad b logo ko faida ho or akhrat b sanwar Jaye.,no,none,na,joy,MashAllah/urdu MashAllah/urdu Mary/english leye/urdu b/urdu doua/urdu kary/urdu mene/urdu b/urdu channel/english is/urdu leye/urdu banaya/urdu ha/urdu mara/urdu Ghar/urdu Ni/urdu ha/urdu apna/urdu lakin/urdu mene/urdu socha/urdu me/urdu aisa/urdu kam/urdu karo/urdu Jo/urdu Mary/english jany/urdu k/urdu bad/urdu b/urdu logo/urdu ko/urdu faida/urdu ho/urdu or/urdu akhrat/urdu b/urdu sanwar/urdu Jaye/urdu
zfjRK9s0pjA,Allah pak api ko sahato tandrosti ata farmai,no,none,na,joy,Allah/urdu pak/urdu api/urdu ko/urdu sahato/urdu tandrosti/urdu ata/urdu farmai/urdu
eY0i4nBXqdY,Fatima aapi aap mujhe Apne Sath Le jaati,no,none,na,sadness,Fatima/ambiguous aapi/urdu aap/urdu mujhe/urdu Apne/urdu Sath/urdu Le/urdu jaati/urdu
8ksTrbtyTco,Log gurbat sy tang aky bacho smyyt jany dy rhy yha ya rizaq zayaa kr rhy yhi chalange krna tha to kuch aisa krty k kisii gareeb ki  madad ho jati,yes,none,na,anger|sadness,Log/urdu gurbat/urdu sy/urdu tang/urdu aky/urdu bacho/urdu smyyt/urdu jany/urdu dy/urdu rhy/urdu yha/urdu ya/urdu rizaq/urdu zayaa/urdu kr/urdu rhy/urdu yhi/urdu chalange/english krna/urdu tha/urdu to/urdu kuch/urdu aisa/urdu krty/urdu k/urdu kisii/urdu gareeb/urdu ki/urdu madad/urdu ho/urdu jati/urdu
Erif7Vj9NSQ,Bahut khubsurat hai aapke liye ladki,no,none,na,joy,Bahut/urdu khubsurat/urdu hai/urdu aapke/urdu liye/urdu ladki/urdu
BaMLBWWvNHA,Expose him completely. Bht Hawa mai udta hai Rajab. Expose krdo esai.. hats off to you zulqarnain,no,offensive,na,anger,Expose/english him/english completely/english Bht/urdu Hawa/urdu mai/urdu udta/urdu hai/urdu Rajab/urdu Expose/english krdo/urdu esai/urdu hats/english off/english to/english you/english zulqarnain/urdu
EyrNOfyxSBQ,Yah movie bahut hi acchi banai hai very good rabiya,no,none,na,joy,Yah/urdu movie/english bahut/urdu hi/urdu acchi/urdu banai/urdu hai/urdu very/english good/english rabiya/urdu
BmpRnfu16YA,Maa aff koo daaak kar ——- Karahahooooo😂,yes,none,na,joy,Maa/urdu aff/urdu koo/urdu daaak/urdu kar/urdu ———/ambiguous Karahahooooo/urdu
EyrNOfyxSBQ,11:05 hira ki acting itni achi nahi but story achi hayy,no,none,na,none,ambiguous/ambiguous hira/urdu ki/urdu acting/english itni/urdu achi/urdu nahi/urdu but/english story/english achi/urdu hayy/urdu
VUKai4CZSNw,67 sall) la rha tha hoon ghr ma,no,none,na,none,67/ambiguous sall)/urdu la/urdu rha/urdu tha/urdu hoon/urdu ghr/urdu ma/urdu
nqbNLe84dpM,Api ae kya ta,yes,none,na,surprise,Api/urdu ae/urdu kya/urdu ta/urdu
zXAAAXogJ78,11:06 lArko.ke sath chaheye yrr vote for this challenge with boys 11:34,no,none,na,joy,ambiguous/ambiguous lArko.ke/urdu sath/urdu chaheye/urdu yrr/urdu vote/english for/english this/english challenge/english with/english boys/english 11:34/ambiguous
IMnXqYDHhZI,ALLAH toubaa itny sary bag's ka krna kya hai,yes,none,na,anger,ALLAH/urdu toubaa/urdu itny/urdu sary/urdu bag's/english ka/urdu krna/urdu kya/urdu hai/urdu
WJxfQWiP9DQ,Balochistan Pakistan se allugh hai sirf UNO ne elan Kerna hai kpk Pakistan ke khilaf hai Sindh jisne Pakistan banaya wo Khush NAHI Pakistan Bana ke,yes,offensive,misinfo,anger,Balochistan/urdu Pakistan/urdu se/urdu allugh/urdu hai/urdu sirf/urdu UNO/english ne/urdu elan/urdu Kerna/urdu hai/urdu kpk/english Pakistan/urdu ke/urdu khilaf/urdu hai/urdu Sindh/urdu jisne/urdu Pakistan/urdu banaya/urdu wo/urdu Khush/urdu NAHI/urdu Pakistan/urdu Bana/urdu ke/urdu
ttL6k7wzGmQ,Hum kashmiri aapnay shaheedu ko na boolay hai na boolnay day gay hum kashmiri in jasay choru ko chaprasi tak nahi lagahay mager establishment in choru ko awam ka mandate chori kar kay form 47 par hukumat bana kar day gay jo kashmiri tasleem nahi karty,yes,hate,misinfo,anger,Hum/urdu kashmiri/urdu aapnay/urdu shaheedu/urdu ko/urdu na/urdu boolay/urdu hai/urdu na/urdu boolnay/urdu day/urdu gay/urdu hum/urdu kashmiri/urdu in/urdu jasay/urdu choru/urdu ko/urdu chaprasi/urdu tak/urdu nahi/urdu lagahay/urdu mager/urdu establishment/english in/urdu choru/urdu ko/urdu awam/urdu ka/urdu mandate/english chori/urdu kar/urdu kay/urdu form/english 47/english par/urdu hukumat/urdu bana/urdu kar/urdu day/urdu gay/urdu jo/urdu kashmiri/urdu tasleem/urdu nahi/urdu karty/urdu
IMnXqYDHhZI,Kanwal API plz zulqurnain Bhai py koi prank Kary apko acha muka Mila Hy 😂,yes,none,na,joy|surprise,Kanwal/ambiguous API/english plz/english zulqurnain/ambiguous Bhai/urdu py/urdu koi/urdu prank/english Kary/urdu apko/urdu acha/urdu muka/urdu Mila/urdu Hy/urdu 😂/ambiguous
nqbNLe84dpM,Mashallah mashallah aap to kitni acchi ho kya❤,no,none,na,joy,Mashallah/urdu mashallah/urdu aap/urdu to/urdu kitni/urdu acchi/urdu ho/urdu kya/urdu
IMnXqYDHhZI,Or ma KAHNA os time kahti hu jab ap k vlog ay 😂❤asy maza ata ha kahna kahny ma,yes,none,na,joy,Or/ambiguous ma/urdu KAHNA/urdu os/ambiguous time/english kahti/urdu hu/urdu jab/urdu ap/urdu k/urdu vlog/english ay/urdu 😂❤asy/ambiguous maza/urdu ata/urdu ha/urdu kahna/urdu kahny/urdu ma/urdu
IMnXqYDHhZI,Kanwal Api ap bht pyari hen MASHAALLAH,no,none,na,joy,Kanwal/urdu Api/urdu ap/urdu bht/urdu pyari/urdu hen/urdu MASHAALLAH/urdu
BmpRnfu16YA,Fatima pendo table ke gllas ko mirror kah rahi hai😂😂 aur kah rahi hai please ignore karna Teri videos ko ignore Karen😂😂😂😂😂,yes,offensive,na,joy,Fatima/ambiguous pendo/urdu table/english ke/urdu gllas/urdu ko/urdu mirror/english kah/urdu rahi/urdu hai/urdu aur/urdu kah/urdu rahi/urdu hai/urdu please/english ignore/english karna/urdu Teri/urdu videos/english ko/urdu ignore/english Karen/urdu
XHQrr9fmTkc,Yar lagta hai ap ko yellow 🟡🟡💛💛 colour pasand hai haina haina na 😊😊😊😊,no,none,na,joy,Yar/urdu lagta/urdu hai/urdu ap/urdu ko/urdu yellow/english 🟡🟡💛💛/ambiguous colour/english pasand/urdu hai/urdu haina/urdu haina/urdu na/urdu 😊😊😊😊/ambiguous
4k0ZV0UFZSw,APNA mafad Kay leya Yahan nhe nekalta bhar to kamal,yes,none,na,anger,APNA/urdu mafad/urdu Kay/urdu leya/urdu Yahan/urdu nhe/urdu nekalta/urdu bhar/urdu to/urdu kamal/urdu
BaMLBWWvNHA,Oyy Rajab family mere Jan ha Bacha us Kay baray ma ziada bukwas na KR wo tere Ghar war ke sab ke mar de ga phir tere nasal us sa agay gai gi Lori ky,yes,offensive,na,anger,Oyy/urdu Rajab/urdu family/english mere/urdu Jan/urdu ha/urdu Bacha/urdu us/urdu Kay/urdu baray/urdu ma/urdu ziada/urdu bukwas/urdu na/urdu KR/urdu wo/urdu tere/urdu Ghar/urdu war/urdu ke/urdu sab/urdu ke/urdu mar/urdu de/urdu ga/urdu phir/urdu tere/urdu nasal/urdu us/urdu sa/urdu agay/urdu gai/urdu gi/urdu Lori/urdu ky/urdu
PKFU1F2QEMQ,Mujhe youtube global banana aata hai lekin paise nikaalne Nahin aate,yes,none,na,sadness,Mujhe/urdu youtube/english global/english banana/urdu aata/urdu hai/urdu lekin/urdu paise/urdu nikaalne/urdu Nahin/urdu aate/urdu
gvG35CxYOLg,Shahveer bhai come to Karachi that biryani you are eating in Lahore we eat daily in Karachi and our spice tolerance is so high that we can eat any spicy things that is to spicy for Lahori,yes,offensive,na,anger|joy,Shahveer/urdu bhai/urdu come/english to/english Karachi/urdu that/english biryani/urdu you/english are/english eating/english in/english Lahore/urdu we/english eat/english daily/english in/english Karachi/urdu and/english our/english spice/english tolerance/english is/english so/english high/english that/english we/english can/english eat/english any/english spicy/english things/english that/english is/english to/english spicy/english for/english Lahori/urdu
BmpRnfu16YA,Good yaar kya baat hai mujhe achcha Hi lag Gaya,no,none,na,joy,Good/english yaar/urdu kya/urdu baat/urdu hai/urdu mujhe/urdu achcha/urdu Hi/english lag/urdu Gaya/urdu
gvG35CxYOLg,Sundus baji and Shahveer bhai ka combo maze ka h,no,none,na,joy,Sundus/ambiguous baji/urdu and/english Shahveer/ambiguous bhai/urdu ka/urdu combo/english maze/urdu ka/urdu h/urdu
nqbNLe84dpM,Iqra api ap mujy  bhut  achi lagti ha ❤❤❤❤❤❤❤,no,none,na,joy,Iqra/ambiguous api/urdu ap/urdu mujy/urdu bhut/urdu achi/urdu lagti/urdu ha/urdu ❤❤❤❤❤❤❤/ambiguous
FH8OUP2_sN4,12 mint ka vloge jis me 20 mint ki meems😅,yes,none,na,joy,12/ambiguous mint/urdu ka/urdu vloge/english jis/urdu me/urdu 20/ambiguous mint/urdu ki/urdu meems/english
PKFU1F2QEMQ,Mashallah allah kismat m kr y ghar ap ki,no,none,na,joy,Mashallah/urdu allah/urdu kismat/urdu m/urdu kr/urdu y/urdu ghar/urdu ap/urdu ki/urdu
FH8OUP2_sN4,Dadu ki shakal waly kutty TU khaa lee dadu brr brr name q le Raha hai uska,yes,offensive,na,anger,Dadu/urdu ki/urdu shakal/urdu waly/urdu kutty/urdu TU/urdu khaa/urdu lee/urdu dadu/urdu brr/english brr/english name/english q/urdu le/urdu Raha/urdu hai/urdu uska/urdu
BaMLBWWvNHA,"Namaz ki bt Bht pyari ki aj
S fan hogaya hn or subscribe kiya",no,none,na,joy,Namaz/urdu ki/urdu bt/urdu Bht/urdu pyari/urdu ki/urdu aj/urdu S/ambiguous fan/english hogaya/urdu hn/urdu or/urdu subscribe/english kiya/urdu
Erif7Vj9NSQ,Rabiya bahut acchi lag rahi hai 😍,no,none,na,joy,Rabiya/ambiguous bahut/urdu acchi/urdu lag/urdu rahi/urdu hai/urdu 😍/ambiguous
BmpRnfu16YA,Haya AP ki kia lagte ha,yes,none,na,none,Haya/ambiguous AP/english ki/urdu kia/urdu lagte/urdu ha/urdu
4k0ZV0UFZSw,"Great imran bhai , am proud of u",no,none,na,joy,"Great/english imran/urdu bhai/urdu ,/ambiguous am/english proud/english of/english u/english"
VUKai4CZSNw,Ducky bhai pliz mujah bhi la jao Japan this is very beautiful City 🌆🎉❤❤,no,none,na,joy|surprise,Ducky/ambiguous bhai/urdu pliz/urdu mujah/urdu bhi/urdu la/urdu jao/urdu Japan/english this/english is/english very/english beautiful/english City/english 🌆🎉❤❤/ambiguous
IMnXqYDHhZI,"500 bags
200 shoes toh hohthay hai but yeh .. 😂❤",yes,none,na,joy|surprise,500/ambiguous bags/english 200/ambiguous shoes/english toh/urdu hohthay/urdu hai/urdu but/english yeh/urdu ../ambiguous 😂❤/ambiguous
eY0i4nBXqdY,Zainab ko ap Mano q Bol Rahe ho,yes,none,na,anger,Zainab/ambiguous ko/urdu ap/urdu Mano/urdu q/urdu Bol/urdu Rahe/urdu ho/urdu
EyrNOfyxSBQ,AJ DEN KA 11 O CLOCK SE DAKHE RAHI HO,yes,none,na,surprise,AJ/urdu DEN/urdu KA/urdu 11/ambiguous O/urdu CLOCK/english SE/urdu DAKHE/urdu RAHI/urdu HO/urdu
eY0i4nBXqdY,Api hum ne bi Al bake khaya tha Jeddah ka famous khana ❤,no,none,na,joy,Api/urdu hum/urdu ne/urdu bi/urdu Al/english bake/urdu khaya/urdu tha/urdu Jeddah/urdu ka/urdu famous/english khana/urdu ❤/ambiguous
zXAAAXogJ78,Is vilog ka Sab se bara chohara y Zulkarnain ha phr us k y chohre y larke hein,no,none,na,none,urdu/urdu vilog/urdu ka/urdu Sab/urdu se/urdu bara/urdu chohara/urdu y/urdu Zulkarnain/ambiguous ha/urdu phr/urdu us/urdu k/urdu y/urdu chohre/urdu y/urdu larke/urdu hein/urdu
XHQrr9fmTkc,Fatima api green color ka challenge karo,no,none,na,joy,urdu/ambiguous urdu/urdu english/english english/english urdu/urdu english/english urdu/urdu
eY0i4nBXqdY,Ap logo ne flight me itna shor  machaya tha😂,yes,none,na,joy|surprise,Ap/urdu logo/urdu ne/urdu flight/english me/urdu itna/urdu shor/urdu machaya/urdu tha/urdu
VUKai4CZSNw,ducky bhi doreamon ka ghar jao,yes,none,na,joy,ducky/english bhi/urdu doreamon/english ka/urdu ghar/urdu jao/urdu
XHQrr9fmTkc,Khana be nahi hata gandi Fatima,yes,offensive,na,anger,Khana/urdu be/ambiguous nahi/urdu hata/urdu gandi/urdu Fatima/ambiguous
VUKai4CZSNw,ducky bhai washroom kahan hay room mn,no,none,na,none,ducky/english bhai/urdu washroom/english kahan/urdu hay/urdu room/english mn/urdu
hhFGhAo4ZfY,Bhai yeh pipe boht zoor say lagta tha bhai its have nostalgia 😄,no,none,na,joy|surprise,Bhai/urdu yeh/urdu pipe/english boht/urdu zoor/urdu say/urdu lagta/urdu tha/urdu bhai/urdu its/english have/english nostalgia/english 😄/ambiguous
WJxfQWiP9DQ,Imran sb Ali raza Dar ka keya bana,yes,none,na,anger,Imran/ambiguous sb/english Ali/ambiguous raza/urdu Dar/ambiguous ka/urdu keya/urdu bana/urdu
FH8OUP2_sN4,Done kr leya ap ko subcreabe,yes,none,na,none,Done/english kr/urdu leya/urdu ap/urdu ko/urdu subcreabe/english
BaMLBWWvNHA,lekin rajab ki to shadi pakistan ki sabse acchi shadi hui hai yrr rajab ke itne haters kiyuu hain???,yes,none,na,joy|surprise,lekin/urdu rajab/urdu ki/urdu to/urdu shadi/urdu pakistan/urdu ki/urdu sabse/urdu acchi/urdu shadi/urdu hui/urdu hai/urdu yrr/ambiguous rajab/urdu ke/urdu itne/urdu haters/english kiyuu/urdu hain/urdu
BljaIOvFkcM,Ustad g mera apna bhai foji h lakin isa kuch b ni pata in sab mamlat ka to kia wo b in sab kartooto mn malwas samja jay ga,yes,none,na,anger,Ustad/urdu g/urdu mera/urdu apna/urdu bhai/urdu foji/urdu h/urdu lakin/urdu isa/urdu kuch/urdu b/urdu ni/urdu pata/urdu in/urdu sab/urdu mamlat/urdu ka/urdu to/urdu kia/urdu wo/urdu b/urdu in/urdu sab/urdu kartooto/urdu mn/urdu malwas/urdu samja/urdu jay/urdu ga/urdu
nqbNLe84dpM,Bohat achi lag  rahi hai,no,none,na,joy,Bohat/urdu achi/urdu lag/urdu rahi/urdu hai/urdu
WJxfQWiP9DQ,Yah Manoj jabse wazir Azam banaa hai hamare Pakistani Shahid hue😢😢,yes,offensive,na,sadness|anger,Yah/urdu Manoj/english jabse/urdu wazir/urdu Azam/urdu banaa/urdu hai/urdu hamare/urdu Pakistani/english Shahid/urdu hue/urdu
IMnXqYDHhZI,Kanwal you are best and daily velog bnya kry ap or esy hi masti Kiya kry Allah pak ap 2no ko Khush rkhy dhair sarii best wishes h apky leay❤🎉,no,none,na,joy,Kanwal/ambiguous you/english are/english best/english and/english daily/english velog/english bnya/urdu kry/urdu ap/urdu or/english esy/urdu hi/urdu masti/urdu Kiya/urdu kry/urdu Allah/urdu pak/urdu ap/urdu 2no/ambiguous ko/urdu Khush/urdu rkhy/urdu dhair/urdu sarii/urdu best/english wishes/english h/urdu apky/urdu leay/urdu
BaMLBWWvNHA,to tum us k sath na betho fasadi family 😂,yes,offensive,na,joy,to/urdu tum/urdu us/urdu k/urdu sath/urdu na/urdu betho/urdu fasadi/urdu family/english 😂/ambiguous
zfjRK9s0pjA,Allah Api ko sahat tandurasty de ameen summa ameen🥰🥰🥰,no,none,na,joy,Allah/urdu Api/urdu ko/urdu sahat/urdu tandurasty/urdu de/urdu ameen/urdu summa/urdu ameen/urdu
EyrNOfyxSBQ,Bahut acchi kya naam hai film hai,yes,none,na,joy,Bahut/urdu acchi/urdu kya/urdu naam/urdu hai/urdu film/english hai/urdu
UiYpRBQ74fs,Ab Islamabad Rawalpindi main bhi khoon ki holi hogi next election main or logon neiy watt lagadeni hakumat ki,yes,offensive,na,anger,Ab/urdu Islamabad/ambiguous Rawalpindi/ambiguous main/urdu bhi/urdu khoon/urdu ki/urdu holi/urdu hogi/urdu next/english election/english main/urdu or/urdu logon/urdu neiy/urdu watt/urdu lagadeni/urdu hakumat/urdu ki/urdu
IMnXqYDHhZI,Mene samja palestin ko bhejh Rahi hn,yes,none,na,anger,Mene/urdu samja/urdu palestin/ambiguous ko/urdu bhejh/urdu Rahi/urdu hn/urdu
zXAAAXogJ78,Hajj kr k aya hai or kaam janwaroun waley kr rha,yes,offensive,na,anger,Hajj/urdu kr/urdu k/urdu aya/urdu hai/urdu or/urdu kaam/urdu janwaroun/urdu waley/urdu kr/urdu rha/urdu
WJxfQWiP9DQ,As salam o alaikum wa rehmat ullah e wa barakatuhu ✨🤲 Imran Riaz Bhai g sahib,no,none,na,joy,As/urdu salam/urdu o/urdu alaikum/urdu wa/urdu rehmat/urdu ullah/urdu e/urdu wa/urdu barakatuhu/urdu ✨🤲/ambiguous Imran/ambiguous Riaz/ambiguous Bhai/urdu g/urdu sahib/urdu
zXAAAXogJ78,Api kanwal please bta Dy ap Hajab ka konsa stuff use karti Hain or kaha Sy order karti hain,no,none,na,none,urdu/urdu Api/ambiguous kanwal/ambiguous please/english bta/urdu Dy/urdu ap/urdu Hajab/urdu ka/urdu konsa/urdu stuff/english use/english karti/urdu Hain/urdu or/english kaha/urdu Sy/urdu order/english karti/urdu hain/urdu
UiYpRBQ74fs,❤❤ PAKISTAN ZINDABAD IMRAN KHAN ZINDABAD WIN WIN WIN IMRAN KHAN WILL WIN IN SHA ALLAH 🙏❤❤YA ALLAH IRAN KO FATEH ATA FARMA AMEEN SUMA AMEEN ❤,no,none,na,joy,❤❤/ambiguous PAKISTAN/english ZINDABAD/urdu IMRAN/english KHAN/english ZINDABAD/urdu WIN/english WIN/english WIN/english IMRAN/english KHAN/english WILL/english WIN/english IN/english SHA/urdu ALLAH/urdu 🙏❤❤YA/ambiguous ALLAH/urdu IRAN/english KO/urdu FATEH/urdu ATA/urdu FARMA/urdu AMEEN/urdu SUMA/urdu AMEEN/urdu ❤/ambiguous
N-0DINjOMlY,Kindly JB vlog krty khud k ilawa baqi family KO b dikha dia krein...camera Apne mun say pechy hi nhi krty ..,yes,none,na,anger,english/english urdu/ambiguous english/english urdu/urdu urdu/urdu urdu/urdu urdu/urdu urdu/urdu english/english urdu/urdu urdu/urdu urdu/urdu english/english urdu/urdu urdu/urdu urdu/urdu urdu/urdu urdu/urdu urdu/urdu urdu/urdu
HeZ2VBdJeOk,Imran sab.  We all know system is working for who. Then how u can expect that audit will work lawfully. This will never happen do what ever until revolution.,yes,none,na,anger,Imran/urdu sab./urdu We/english all/english know/english system/english is/english working/english for/english who./english Then/english how/english u/english can/english expect/english that/english audit/english will/english work/english lawfully./english This/english will/english never/english happen/english do/english what/english ever/english until/english revolution/english
8ksTrbtyTco,Shahveer tum do saal se samjharahay ho .. main 10 saal se samjharahi hun k PIKORAY nai PAKORAY hota hai.......😂,yes,none,na,joy,Shahveer/ambiguous tum/urdu do/urdu saal/urdu se/urdu samjharahay/urdu ho/urdu ../ambiguous main/urdu 10/ambiguous saal/urdu se/urdu samjharahi/urdu hun/urdu k/urdu PIKORAY/urdu nai/urdu PAKORAY/urdu hota/urdu hai/urdu
nqbNLe84dpM,Fatima abi to chup ha bat ma btay gi wo ap ko😂😂,yes,none,na,joy,Fatima/ambiguous abi/urdu to/urdu chup/urdu ha/urdu bat/urdu ma/urdu btay/urdu gi/urdu wo/urdu ap/urdu ko/urdu
-w7eMfsuRgA,Kashmir Committee ka Jo Kai Saaal chairman Raha ha kia osnh koi awaaz uttaye ha kashmirio k lia,yes,none,na,anger,Kashmir/english Committee/english ka/urdu Jo/urdu Kai/urdu Saaal/urdu chairman/english Raha/urdu ha/urdu kia/urdu osnh/urdu koi/urdu awaaz/urdu uttaye/urdu ha/urdu kashmirio/urdu k/urdu lia/urdu
BmpRnfu16YA,Sb sa acha room tours means all YouTuber sa acha❤,yes,none,na,joy,Sb/urdu sa/urdu acha/urdu room/english tours/english means/english all/english YouTuber/english sa/urdu acha/urdu
zfjRK9s0pjA,Hi him bhi 4 Berne had no bhai,no,none,na,none,Hi/english him/english bhi/urdu 4/ambiguous Berne/english had/english no/english bhai/urdu
nqbNLe84dpM,Tumne Fatima ko kyon Mirchi khilai,no,none,na,surprise,Tumne/urdu Fatima/ambiguous ko/urdu kyon/urdu Mirchi/urdu khilai/urdu
zXAAAXogJ78,Zulkarnain bhai aapke dost block kyon Nahin aata,no,none,na,anger,Zulkarnain/ambiguous bhai/urdu aapke/urdu dost/urdu block/english kyon/urdu Nahin/urdu aata/urdu
VUKai4CZSNw,I Love Ducky Bhai Brand ❤❤❤❤❤,no,none,na,joy,I/english Love/english Ducky/english Bhai/urdu Brand/english ❤❤❤❤❤/ambiguous
N-0DINjOMlY,AP log gai Khan ho,yes,none,na,none,AP/ambiguous log/urdu gai/urdu Khan/urdu ho/urdu
PKFU1F2QEMQ,Mashallah kon se village me h ap,no,none,na,none,Mashallah/urdu kon/urdu se/urdu village/english me/urdu h/urdu ap/urdu
BmpRnfu16YA,Fatima api yeah to AP k jaysa home he 😊😊😊😊😊😊❤❤❤❤❤,no,none,na,joy,Fatima/urdu api/urdu yeah/english to/urdu AP/english k/urdu jaysa/urdu home/english he/urdu 😊😊😊😊😊😊❤❤❤❤❤/ambiguous
EyrNOfyxSBQ,Kisi ne buy Kia h,no,none,na,none,Kisi/urdu ne/urdu buy/english Kia/urdu h/urdu
XHQrr9fmTkc,Fatima api ap ki ma bot bari fan hon,no,none,na,joy,Fatima/ambiguous api/urdu ap/urdu ki/urdu ma/urdu bot/english bari/urdu fan/english hon/urdu
4k0ZV0UFZSw,ALLAH pk ap ko apni hifazat m rakhy or kamyabia ata farmy hamysha khush rakhy ameen,no,none,na,joy,ALLAH/urdu pk/urdu ap/urdu ko/urdu apni/urdu hifazat/urdu m/urdu rakhy/urdu or/urdu kamyabia/urdu ata/urdu farmy/urdu hamysha/urdu khush/urdu rakhy/urdu ameen/urdu
IMnXqYDHhZI,Bhai please khud vlog banoa 2 din me sirf kapre jhoote aur khaane dekha hai koi fun nahi dekha please khud banoa yh to larkiyo ke liya vlog ban raha hai,no,offensive,na,anger,Bhai/urdu please/english khud/urdu vlog/english banoa/urdu 2/english din/urdu me/urdu sirf/urdu kapre/urdu jhoote/urdu aur/urdu khaane/urdu dekha/urdu hai/urdu koi/urdu fun/english nahi/urdu dekha/urdu please/english khud/urdu banoa/urdu yh/urdu to/urdu larkiyo/urdu ke/urdu liya/urdu vlog/english ban/urdu raha/urdu hai/urdu
FH8OUP2_sN4,ap abhi b guangzhou mn.ho me b yahan hi hn,no,none,na,none,ap/urdu abhi/urdu b/urdu guangzhou/english mn.ho/urdu me/urdu b/urdu yahan/urdu hi/urdu hn/urdu
VUKai4CZSNw,Plzz ducky Bhai army support me,no,none,na,none,Plzz/english ducky/english Bhai/urdu army/english support/english me/english
UiYpRBQ74fs,"Chaklastan mein tamasha laga rakha hai, chaklastanioon k leay eak Rasool ki ashad zaroorat hai",yes,none,na,anger,Chaklastan/urdu mein/urdu tamasha/urdu laga/urdu rakha/urdu hai/urdu chaklastanioon/urdu k/urdu leay/urdu eak/urdu Rasool/urdu ki/urdu ashad/urdu zaroorat/urdu hai/urdu
BaMLBWWvNHA,Kutta tu Rajab da bara baat nhi krni 🤚🖕,no,offensive,na,anger,Kutta/urdu tu/urdu Rajab/ambiguous da/urdu bara/urdu baat/urdu nhi/urdu krni/urdu 🤚🖕/ambiguous
nqbNLe84dpM,Hy api Kasi ho ap,no,none,na,none,Hy/english api/urdu Kasi/urdu ho/urdu ap/urdu
8ksTrbtyTco,5:56 wah kia acting hy jan bojh ka dala hy😢,yes,none,na,sadness,5:56/ambiguous wah/urdu kia/urdu acting/english hy/urdu jan/urdu bojh/urdu ka/urdu dala/urdu hy/urdu
HeZ2VBdJeOk,Allah pak Imran Riyaz bhai or Imran Khan ki hifazat frmaye or Pakistan ki hifazat frmaye 🤲🤲🤲🤲🤲,no,none,na,joy,Allah/urdu pak/urdu Imran/ambiguous Riyaz/ambiguous bhai/urdu or/english Imran/ambiguous Khan/ambiguous ki/urdu hifazat/urdu frmaye/urdu or/english Pakistan/ambiguous ki/urdu hifazat/urdu frmaye/urdu 🤲/ambiguous
BaMLBWWvNHA,"Your vlogs are too good and the best vloger TikTok also says that 😅😅 kanwal api your husband is to supportive like my brother is also very supportive may Allah suuses you all Ameen or ap ko Allah tahla bar bar umrha , haj par Jana ka moka de sab Muslim ko Ameen Allah ap dono ko hamasha kush rake amen dua's from me 😊❤😁",no,none,na,joy|surprise,"Your/english vlogs/english are/english too/english good/english and/english the/english best/english vloger/english TikTok/english also/english says/english that/english 😅😅/ambiguous kanwal/urdu api/urdu your/english husband/english is/english to/english supportive/english like/english my/english brother/english is/english also/english very/english supportive/english may/english Allah/urdu suuses/urdu you/english all/english Ameen/urdu or/urdu ap/urdu ko/urdu Allah/urdu tahla/urdu bar/urdu bar/urdu umrha/urdu ,/ambiguous haj/urdu par/urdu Jana/urdu ka/urdu moka/urdu de/urdu sab/urdu Muslim/urdu ko/urdu Ameen/urdu Allah/urdu ap/urdu dono/urdu ko/urdu hamasha/urdu kush/urdu rake/urdu amen/urdu dua's/urdu from/english me/english 😊❤😁/ambiguous"
UiYpRBQ74fs,Imran bhi bohot dar lag raha hay  ka  kashmeer bhi kaheen bangladash na ban jai  itna Zulam  awam pa straight goli marna kis mulk main  hota hay,no,offensive,na,anger|fear,Imran/ambiguous bhi/urdu bohot/urdu dar/urdu lag/urdu raha/urdu hay/urdu ka/urdu kashmeer/urdu bhi/urdu kaheen/urdu bangladash/urdu na/urdu ban/urdu jai/urdu itna/urdu Zulam/urdu awam/urdu pa/urdu straight/english goli/urdu marna/urdu kis/urdu mulk/urdu main/urdu hota/urdu hay/urdu
zfjRK9s0pjA,Kyunki aapane apni beti ka real mein Facebook kiya hai ya nakali mein yah Kisi aur per bhi ka face to Nahin hai❤❤❤❤❤❤😊😊😊,no,none,na,none,Kyunki/urdu aapane/urdu apni/urdu beti/urdu ka/urdu real/english mein/urdu Facebook/english kiya/urdu hai/urdu ya/urdu nakali/urdu mein/urdu yah/urdu Kisi/urdu aur/urdu per/urdu bhi/urdu ka/urdu face/english to/urdu Nahin/urdu hai/urdu
VUKai4CZSNw,Subscribe Kar Diya ducky Meri jan,no,none,na,joy,Subscribe/english Kar/urdu Diya/urdu ducky/english Meri/urdu jan/urdu
Erif7Vj9NSQ,Black colour ka chora bahut pyara hai❤,no,none,na,joy,Black/english colour/english ka/urdu chora/urdu bahut/urdu pyara/urdu hai/urdu
Erif7Vj9NSQ,Fatima APi Mera name bhi Fatima he ap ka name Fatima  faical he aur Mera  name ❤same to same he❤❤,no,none,na,joy,Fatima/ambiguous APi/english Mera/urdu name/english bhi/urdu Fatima/ambiguous he/urdu ap/urdu ka/urdu name/english Fatima/ambiguous faical/english he/urdu aur/urdu Mera/urdu name/english ❤same/english to/urdu same/english he/urdu
gvG35CxYOLg,😏😏😏 bacche kha Lete Hain,yes,none,na,surprise,ambiguous/ambiguous bacche/urdu kha/urdu Lete/urdu Hain/urdu
EyrNOfyxSBQ,ya sab ho hi na ager genration ko girlfrind or boyfrind  sa hat ker taif ma phater khany waly or laho ma nhly jany wali ki bati  ka pata ho.g Rasool allah (saw ) na her any wali larki ko apni bati kaha ha to humy apni na sahi kam iz kam onky is kol ki eazt rakhni chahiye. mara aj her larki sasawal ha ka ager tumhy Rasool Allah (saw) ki bati banny ka moka mily to aab ttak ki jo zindgi kuzar di ha is per keya mahsoos karo gi?g bati bany ka maka mila nahi    ha Rasool (saw) her umati larki ko apni batii banaya ha or tammam izwaj ko hari mah bataya ha .to zamany ka samny hum batoor Rasooll (saw) ki batiyan kasi han ? or kasi honi chahiyn ?,yes,none,na,anger,"ya/urdu sab/urdu ho/urdu hi/urdu na/urdu ager/urdu genration/english ko/urdu girlfrind/english or/urdu boyfrind/english sa/urdu hat/urdu ker/urdu taif/urdu ma/urdu phater/urdu khany/urdu waly/urdu or/urdu laho/urdu ma/urdu nhly/urdu jany/urdu wali/urdu ki/urdu bati/urdu ka/urdu pata/urdu ho.g/ambiguous Rasool/urdu allah/urdu (saw/english ,/ambiguous )/ambiguous na/urdu her/english any/english wali/urdu larki/urdu ko/urdu apni/urdu bati/urdu kaha/urdu ha/urdu to/urdu humy/urdu apni/urdu na/urdu sahi/urdu kam/urdu iz/urdu kam/urdu onky/urdu is/english kol/urdu ki/urdu eazt/urdu rakhni/urdu chahiye./urdu mara/urdu aj/urdu her/english larki/urdu sasawal/urdu ha/urdu ka/urdu ager/urdu tumhy/urdu Rasool/urdu Allah/urdu (saw)/english ki/urdu bati/urdu banny/urdu ka/urdu moka/urdu mily/urdu to/urdu aab/urdu ttak/urdu ki/urdu jo/urdu zindgi/urdu kuzar/urdu di/urdu ha/urdu is/english per/urdu keya/urdu mahsoos/urdu karo/urdu gi?g/ambiguous bati/urdu bany/urdu ka/urdu maka/urdu mila/urdu nahi/urdu ha/urdu Rasool/urdu (saw)/english her/english umati/urdu larki/urdu ko/urdu apni/urdu batii/urdu banaya/urdu ha/urdu or/urdu tammam/urdu izwaj/urdu ko/urdu hari/urdu mah/urdu bataya/urdu ha/urdu .to/urdu zamany/urdu ka/urdu samny/urdu hum/urdu batoor/urdu Rasooll/urdu (saw)/english ki/urdu batiyan/urdu kasi/urdu han/urdu ?/ambiguous or/urdu kasi/urdu honi/urdu chahiyn/urdu ?/ambiguous"
hhFGhAo4ZfY,Next challenge bi maar kutai ka rakhna Waqas Bai,yes,none,na,joy,Next/english challenge/english bi/urdu maar/urdu kutai/urdu ka/urdu rakhna/urdu Waqas/urdu Bai/urdu
eY0i4nBXqdY,"Api mane ap ko dhakha hai 
Ham bhi Umrah pai ay va hai",yes,none,na,joy,Api/urdu mane/urdu ap/urdu ko/urdu dhakha/urdu hai/urdu Ham/urdu bhi/urdu Umrah/urdu pai/urdu ay/urdu va/urdu hai/urdu
4k0ZV0UFZSw,Khan ap ny post lagaii govi thii k YouTube ap ko ban krny vala hy kia ya Sach hh,yes,none,na,surprise,Khan/urdu ap/urdu ny/urdu post/english lagaii/urdu govi/urdu thii/urdu k/urdu YouTube/english ap/urdu ko/urdu ban/urdu krny/urdu vala/urdu hy/urdu kia/urdu ya/urdu Sach/urdu hh/urdu
zXAAAXogJ78,Hajji saab nu namaz padni h 😂😂😂..btw sahi baat bhi h 😂😂😂,yes,none,na,joy,Hajji/urdu saab/urdu nu/urdu namaz/urdu padni/urdu h/urdu btw/english sahi/urdu baat/urdu bhi/urdu h/urdu
eY0i4nBXqdY,2:58 fatima api na vip ko cip boldia 😂😂,yes,none,na,joy|surprise,ambiguous/ambiguous fatima/urdu api/urdu na/urdu vip/english ko/urdu cip/english boldia/urdu 😂😂/ambiguous
IMnXqYDHhZI,qabar mai jana hai  moote kaa koi nahi pata . sab donate kar doo otherwise saray ghar walay bantayien gaay appp khud baant doo. hope u dont mind,yes,none,na,sadness,qabar/urdu mai/urdu jana/urdu hai/urdu moote/urdu kaa/urdu koi/urdu nahi/urdu pata/urdu ./ambiguous sab/urdu donate/english kar/urdu doo/urdu otherwise/english saray/urdu ghar/urdu walay/urdu bantayien/urdu gaay/urdu appp/english khud/urdu baant/urdu doo/urdu ./ambiguous hope/english u/english dont/english mind/english
zXAAAXogJ78,Plzzzz apni apa ki 2nd marriage krwa dyn she is young,no,none,na,none,english/english urdu/urdu urdu/urdu urdu/urdu english/english urdu/urdu urdu/urdu urdu/urdu english/english english/english english/english
UiYpRBQ74fs,Aabba Ji Ka Name Lena Mana Hea.,no,none,na,none,Aabba/urdu Ji/urdu Ka/urdu Name/english Lena/urdu Mana/urdu Hea/urdu
XHQrr9fmTkc,Gyes 4 million subscribers kar do Fatima api my please 😗😁,no,none,na,joy,urdu/ambiguous 4/english million/english subscribers/english urdu/urdu urdu/urdu Fatima/ambiguous urdu/urdu urdu/urdu please/english 😗😁/ambiguous
VUKai4CZSNw,Oye ducky next vlog jaldi upload kar do,no,none,na,joy,Oye/urdu ducky/english next/english vlog/english jaldi/urdu upload/english kar/urdu do/urdu
eY0i4nBXqdY,Pehli baar umreh pr Masjid-e-Ayesha nahi jate 2sri baar jate hein.,no,none,na,none,Pehli/urdu baar/urdu umreh/urdu pr/urdu Masjid-e-Ayesha/urdu nahi/urdu jate/urdu 2sri/ambiguous baar/urdu jate/urdu hein/urdu
-w7eMfsuRgA,Allah Bara Khark kry in Handlears ka country control by Handlears harmy number one all people know very well Handlears harmy number one,yes,offensive,na,anger,Allah/urdu Bara/urdu Khark/urdu kry/urdu in/english Handlears/english ka/urdu country/english control/english by/english Handlears/english harmy/english number/english one/english all/english people/english know/english very/english well/english Handlears/english harmy/english number/english one/english
IMnXqYDHhZI,AP hamy baj dy,no,none,na,none,AP/ambiguous hamy/urdu baj/urdu dy/urdu
HeZ2VBdJeOk,Best beautiful good vilog bhai imran 🤲🏼🤲🏼🤲🏼🤲🏼🤲🏼🤲🏼🤲🏼🤲🏼🤲🏼🤲🏼🤲🏼🤲🏼🤲🏼🤲🏼🤲🏼🤲🏼🤲🏼🤲🏼🤲🏼🤲🏼🤲🏼🤲🏼🤲🏼🤲🏼,no,none,na,joy,Best/english beautiful/english good/english vilog/urdu bhai/urdu imran/urdu 🤲🏼/ambiguous
eY0i4nBXqdY,Asli hain fatima appi,no,none,na,joy,urdu/urdu hain/urdu fatima/ambiguous appi/urdu
IMnXqYDHhZI,Yhi TU bt h Jin k pass paisa h wo log gareebo ka kouch ni souchty itne shoee or bag ka Kya kre gi pr ni yhi Kisi gareeb k ghr k chulha Jala deti Khair Allah hadiat  de,yes,offensive,na,anger|sadness,Yhi/urdu TU/urdu bt/urdu h/urdu Jin/urdu k/urdu pass/urdu paisa/urdu h/urdu wo/urdu log/urdu gareebo/urdu ka/urdu kouch/urdu ni/urdu souchty/urdu itne/urdu shoee/urdu or/urdu bag/urdu ka/urdu Kya/urdu kre/urdu gi/urdu pr/urdu ni/urdu yhi/urdu Kisi/urdu gareeb/urdu k/urdu ghr/urdu k/urdu chulha/urdu Jala/urdu deti/urdu Khair/urdu Allah/urdu hadiat/urdu de/urdu
XHQrr9fmTkc,Makeup 💋 kren apny khd ka aik vlogs esa hona chy,no,none,na,joy,Makeup/english 💋/ambiguous kren/urdu apny/urdu khd/urdu ka/urdu aik/urdu vlogs/english esa/urdu hona/urdu chy/urdu
BmpRnfu16YA,Sofa  oder py Ghar ke pemaish ly ke bany,no,none,na,none,Sofa/english oder/ambiguous py/urdu Ghar/urdu ke/urdu pemaish/urdu ly/urdu ke/urdu bany/urdu
BaMLBWWvNHA,Vlog ko views TU hoty nhi iss lei Rajab butt ko TU Lana hee tha na vlog Mai ta ke view mill sky ✌️,yes,offensive,na,anger,english/english urdu/urdu english/english urdu/urdu urdu/urdu urdu/urdu urdu/urdu urdu/urdu urdu/urdu urdu/urdu ordu/urdu urdu/urdu urdu/urdu urdu/urdu urdu/urdu urdu/urdu english/english urdu/urdu urdu/urdu urdu/urdu english/english urdu/urdu ambiguous/ambiguous
IMnXqYDHhZI,Aap India ke reels dekhte ho.. aur hum pak ke.. mera dil karta hai ki mein kisi tarah pak aajaaau aur street food khaau... Khaaskar bun kabab,no,none,na,joy|sadness,Aap/urdu India/english ke/urdu reels/english dekhte/urdu ho/urdu aur/urdu hum/urdu pak/urdu ke/urdu mera/urdu dil/urdu karta/urdu hai/urdu ki/urdu mein/urdu kisi/urdu tarah/urdu pak/urdu aajaaau/urdu aur/urdu street/english food/english khaau/urdu Khaaskar/urdu bun/english kabab/urdu
gvG35CxYOLg,Sundas appi ke white hair's dekh kar mujhe bohat dukh hoa,no,none,na,sadness,Sundas/ambiguous appi/urdu ke/urdu white/english hair's/english dekh/urdu kar/urdu mujhe/urdu bohat/urdu dukh/urdu hoa/urdu
8ksTrbtyTco,Bht hi lame... Yaha mulk me khane ko nhi gareeb day by day muskil me ja rha hai aur aap jaso ky maze hi khtm nhi ho rhye...,yes,none,na,anger|sadness,Bht/urdu hi/urdu lame/english Yaha/urdu mulk/urdu me/urdu khane/urdu ko/urdu nhi/urdu gareeb/urdu day/english by/english day/english muskil/urdu me/urdu ja/urdu rha/urdu hai/urdu aur/urdu aap/urdu jaso/urdu ky/urdu maze/urdu hi/urdu khtm/urdu nhi/urdu ho/urdu rhye/urdu
FH8OUP2_sN4,*wo secret cheez 20lac Wala kutta hai*,yes,none,na,joy|surprise,wo/urdu secret/english cheez/urdu 20lac/urdu Wala/urdu kutta/urdu hai/urdu
BmpRnfu16YA,Abhi pharma ki shakal Sahi pata lag Raha hai Kya aap jewellery ho itne bade Ghar ka achar dalna jab ke ghar mein koi rahata hai,yes,offensive,na,anger,Abhi/urdu pharma/english ki/urdu shakal/urdu Sahi/urdu pata/urdu lag/urdu Raha/urdu hai/urdu Kya/urdu aap/urdu jewellery/english ho/urdu itne/urdu bade/urdu Ghar/urdu ka/urdu achar/urdu dalna/urdu jab/urdu ke/urdu ghar/urdu mein/urdu koi/urdu rahata/urdu hai/urdu
XHQrr9fmTkc,Fatima api AP apne vlog ma SE add band krwa de add aa jati h to Maza nhi ata,no,none,na,anger,Fatima/ambiguous api/urdu AP/english apne/urdu vlog/english ma/urdu SE/urdu add/english band/urdu krwa/urdu de/urdu add/english aa/urdu jati/urdu h/urdu to/urdu Maza/urdu nhi/urdu ata/urdu
zfjRK9s0pjA,"Allah Pak sab ki betiyoun ko apney hifzo amaan main rakhey or sab ki betiyoun k naseeb achai kreay AMEEN Sumameen 
Allah Pak Iqra Api ko bhi sehat ata kreay or Iqra Api ki beti sehatmand pada ho AMEEN Sumameen ❤❤❤❤❤ Love sistrology ❤❤❤❤❤",no,none,na,joy,Allah/urdu Pak/urdu sab/urdu ki/urdu betiyoun/urdu ko/urdu apney/urdu hifzo/urdu amaan/urdu main/urdu rakhey/urdu or/urdu sab/urdu ki/urdu betiyoun/urdu k/urdu naseeb/urdu achai/urdu kreay/urdu AMEEN/urdu Sumameen/urdu Allah/urdu Pak/urdu Iqra/urdu Api/urdu ko/urdu bhi/urdu sehat/urdu ata/urdu kreay/urdu or/urdu Iqra/urdu Api/urdu ki/urdu beti/urdu sehatmand/urdu pada/urdu ho/urdu AMEEN/urdu Sumameen/urdu ❤❤❤❤❤/ambiguous Love/english sistrology/english ❤❤❤❤❤/ambiguous
nqbNLe84dpM,Allah pak ap ko hamesha Khush rakhy,no,none,na,joy,Allah/urdu pak/urdu ap/urdu ko/urdu hamesha/urdu Khush/urdu rakhy/urdu
HeZ2VBdJeOk,Allah pak Imran Khan ao Imran Riaz Khan ko salamat rakhe Ameen Ameen Ameen,no,none,na,joy,Allah/urdu pak/urdu Imran/ambiguous Khan/urdu ao/urdu Imran/ambiguous Riaz/urdu Khan/urdu ko/urdu salamat/urdu rakhe/urdu Ameen/urdu Ameen/urdu Ameen/urdu
BaMLBWWvNHA,Tum khudho fitnataal Hindu staqn ke,no,hate,na,anger,Tum/urdu khudho/urdu fitnataal/urdu Hindu/urdu staqn/urdu ke/urdu
BaMLBWWvNHA,Zulqarnain bhi jaahil hai sirf rajab nahi hai saare hai ye family vloger,no,offensive,na,anger,Zulqarnain/ambiguous bhi/urdu jaahil/urdu hai/urdu sirf/urdu rajab/ambiguous nahi/urdu hai/urdu saare/urdu hai/urdu ye/urdu family/english vloger/english
Erif7Vj9NSQ,Tum logon ko sharm nahin aati itne chhote chhote kapde pahnati ho gunah hota hai,no,offensive,na,anger,Tum/urdu logon/urdu ko/urdu sharm/urdu nahin/urdu aati/urdu itne/urdu chhote/urdu chhote/urdu kapde/urdu pahnati/urdu ho/urdu gunah/urdu hota/urdu hai/urdu
BaMLBWWvNHA,Iski maaa ny kuta paida kia hwa h rajab ki shak mn😂😂😂😂,yes,offensive,na,joy,Iski/urdu maaa/urdu ny/urdu kuta/urdu paida/urdu kia/urdu hwa/urdu h/urdu rajab/urdu ki/urdu shak/urdu mn/urdu
FH8OUP2_sN4,10:25 Hamara Lahore\ Lahore hai 😉,yes,none,na,joy,10:25/ambiguous Hamara/urdu Lahore/urdu Lahore/urdu hai/urdu 😉/ambiguous
BmpRnfu16YA,App ko Kay masala hai ham like kari ya nahi hamri appni marzi zainab,yes,none,na,anger,App/urdu ko/urdu Kay/urdu masala/urdu hai/urdu ham/urdu like/english kari/urdu ya/urdu nahi/urdu hamri/urdu appni/urdu marzi/urdu zainab/urdu
hhFGhAo4ZfY,Agli Baar rajanpur sai to Bata kar ana 👺👹,yes,none,na,surprise,Agli/urdu Baar/urdu rajanpur/urdu sai/urdu to/urdu Bata/urdu kar/urdu ana/urdu 👺👹/ambiguous
nqbNLe84dpM,Iqra Api Ap ki mama fouf ho gi,yes,none,na,joy,Iqra/ambiguous Api/urdu Ap/urdu ki/urdu mama/urdu fouf/urdu ho/urdu gi/urdu
zXAAAXogJ78,Y kutta khane ka damu ha JB hi 2no kha k kharab kar deye,yes,none,na,anger,Y/ambiguous kutta/urdu khane/urdu ka/urdu damu/urdu ha/urdu JB/urdu hi/urdu 2no/ambiguous kha/urdu k/urdu kharab/urdu kar/urdu deye/urdu
VUKai4CZSNw,"hello everyone 
I’m from japan 
agr kisi ko bhi japanese content mei interest hei to check my channel I post vlogs about japan 
thank you!",no,none,na,joy,hello/english everyone/english I'm/english from/english japan/english agr/urdu kisi/urdu ko/urdu bhi/urdu japanese/english content/english mei/urdu interest/english hei/urdu to/urdu check/english my/english channel/english I/english post/english vlogs/english about/english japan/english thank/english you/english
nqbNLe84dpM,Iqra kanwal ap ky vlog vlog nahi aw abi thek,no,offensive,na,anger,Iqra/ambiguous kanwal/ambiguous ap/urdu ky/urdu vlog/english vlog/english nahi/urdu aw/urdu abi/urdu thek/urdu
IMnXqYDHhZI,Sari duniya vlog banaa rahi hai sabko Kanwal Aftab hi mili kya 😏 Ayesha ki insult karna zulkarnain ke sath badtamiji karna yah uske Apne Ghar ka mamla hai aap vlog dekhen uski galti hai mat nikaalen 🥰,yes,offensive,na,anger|surprise,Sari/urdu duniya/urdu vlog/english banaa/urdu rahi/urdu hai/urdu sabko/urdu Kanwal/ambiguous Aftab/ambiguous hi/urdu mili/urdu kya/urdu 😏/ambiguous Ayesha/ambiguous ki/urdu insult/english karna/urdu zulkarnain/ambiguous ke/urdu sath/urdu badtamiji/urdu karna/urdu yah/urdu uske/urdu Apne/urdu Ghar/urdu ka/urdu mamla/urdu hai/urdu aap/urdu vlog/english dekhen/urdu uski/urdu galti/urdu hai/urdu mat/urdu nikaalen/urdu 🥰/ambiguous
hhFGhAo4ZfY,Oosaib bhai  akela esa jhahil banda he baacho se bhi zyada Kam dimag he har video me cheating karni hoti he khaata bhi har ek video me sabse zyada he  thoos thos kar fir bhi rona 😂,yes,offensive,na,anger|joy,Oosaib/ambiguous bhai/urdu akela/urdu esa/urdu jhahil/urdu banda/urdu he/urdu baacho/urdu se/urdu bhi/urdu zyada/urdu Kam/urdu dimag/urdu he/urdu har/urdu video/english me/urdu cheating/english karni/urdu hoti/urdu he/urdu khaata/urdu bhi/urdu har/urdu ek/urdu video/english me/urdu sabse/urdu zyada/urdu he/urdu thoos/urdu thos/urdu kar/urdu fir/urdu bhi/urdu rona/urdu 😂/ambiguous
BaMLBWWvNHA,Appki wife ke fudde main lun😂❤,yes,offensive,na,joy,urdu/urdu english/english urdu/urdu urdu/urdu urdu/urdu urdu/urdu
BljaIOvFkcM,Nice information sir ALLAH ap ko lambi umer de Ameen,no,none,na,joy,Nice/english information/english sir/english ALLAH/urdu ap/urdu ko/urdu lambi/urdu umer/urdu de/urdu Ameen/urdu
VUKai4CZSNw,Ducky Bhai apkey vlogs dekh k bht mza ata he.,no,none,na,joy,Ducky/ambiguous Bhai/urdu apkey/urdu vlogs/english dekh/urdu k/urdu bht/urdu mza/urdu ata/urdu he/urdu
eY0i4nBXqdY,Allah ap ka Umrah qubul Kara,no,none,na,joy,Allah/urdu ap/urdu ka/urdu Umrah/urdu qubul/urdu Kara/urdu
Erif7Vj9NSQ,Aap meri friend banegi api❤❤ love Fatima🎉🎉🎉😢 main aapke bahut sara bhi log dekhti hun mere friend Ban jaaye,no,none,na,joy|sadness,Aap/urdu meri/urdu friend/english banegi/urdu api/ambiguous love/english Fatima/ambiguous main/urdu aapke/urdu bahut/urdu sara/urdu bhi/urdu log/urdu dekhti/urdu hun/urdu mere/urdu friend/english Ban/english jaaye/urdu
EyrNOfyxSBQ,Kon kon is reality ko video ki shakal ma dekh ky roo para 😭💯💔,no,none,na,sadness,Kon/urdu kon/urdu is/english reality/english ko/urdu video/english ki/urdu shakal/urdu ma/urdu dekh/urdu ky/urdu roo/urdu para/urdu 😭💯💔/ambiguous
PKFU1F2QEMQ,Mashallah api buhat pyara ghar ha ap ka,no,none,na,joy,Mashallah/urdu api/urdu buhat/urdu pyara/urdu ghar/urdu ha/urdu ap/urdu ka/urdu
WJxfQWiP9DQ,"Wa alaikum as salam wa rehmat ullah e wa barakatuhu ✨ Imran Riaz Bhai g sahib 
ALLAH pak apko hamesha apny hifzo o amaan mein rakhy awr sehat o tandrusti waali lmbii Zindagi atta frmayaay aamin 🤲 Suma aamin 🤲 jzaak Allah hu khera 🤲✨ 
Hamesha Khush r aabad rahen salamat rahen 🤲",no,none,na,joy,Wa/urdu alaikum/urdu as/urdu salam/urdu wa/urdu rehmat/urdu ullah/urdu e/urdu wa/urdu barakatuhu/urdu ✨/ambiguous Imran/urdu Riaz/urdu Bhai/urdu g/urdu sahib/urdu ALLAH/urdu pak/urdu apko/urdu hamesha/urdu apny/urdu hifzo/urdu o/urdu amaan/urdu mein/urdu rakhy/urdu awr/urdu sehat/urdu o/urdu tandrusti/urdu waali/urdu lmbii/urdu Zindagi/urdu atta/urdu frmayaay/urdu aamin/urdu 🤲/ambiguous Suma/urdu aamin/urdu 🤲/ambiguous jzaak/urdu Allah/urdu hu/urdu khera/urdu 🤲✨/ambiguous Hamesha/urdu Khush/urdu r/urdu aabad/urdu rahen/urdu salamat/urdu rahen/urdu 🤲/ambiguous
BljaIOvFkcM,Imran Riyaz Sab App ko salam Allah pak app ko Apni Hifazat me Rakhay,no,none,na,joy,Imran/ambiguous Riyaz/ambiguous Sab/urdu App/urdu ko/urdu salam/urdu Allah/urdu pak/urdu app/urdu ko/urdu Apni/urdu Hifazat/urdu me/urdu Rakhay/urdu
N-0DINjOMlY,Kanwal ktni badtmz aurat ha ktni adtmzi krte sab k samny apko Kya masla ha,yes,offensive,na,anger,Kanwal/ambiguous ktni/urdu badtmz/urdu aurat/urdu ha/urdu ktni/urdu adtmzi/urdu krte/urdu sab/urdu k/urdu samny/urdu apko/urdu Kya/urdu masla/urdu ha/urdu
BaMLBWWvNHA,Rajab butt ke power dkho jis banday  ko 200k views mushkil s aty ho wo bhi Rajab butt ka Naam use kr k 3 millions plus views lyta 😂😂😂😂😂😂😂😂,yes,none,na,joy|surprise,Rajab/ambiguous butt/english ke/urdu power/english dkho/urdu jis/urdu banday/urdu ko/urdu 200k/english views/english mushkil/urdu s/urdu aty/urdu ho/urdu wo/urdu bhi/urdu Rajab/ambiguous butt/english ka/urdu Naam/urdu use/english kr/urdu k/urdu 3/english millions/english plus/english views/english lyta/urdu
FH8OUP2_sN4,Pakistan mein china kansaman xiada sasta hai,no,none,na,none,Pakistan/ambiguous mein/urdu china/english kansaman/urdu xiada/urdu sasta/urdu hai/urdu
WJxfQWiP9DQ,Pakistani army aik bohat bari lanat hai jab tak yeh hain Pakistan kabi tarki nahi kary ga,no,hate,na,anger,english/ambiguous english/english urdu/urdu urdu/urdu urdu/urdu urdu/urdu urdu/urdu urdu/urdu urdu/urdu urdu/urdu english/ambiguous urdu/urdu urdu/urdu urdu/urdu urdu/urdu urdu/urdu
eY0i4nBXqdY,Fatima api ma ape ki sab sa bade fan kho haya Noor 😊 me nga ape sab ma hira api Pasand ha or zainab sab sa bure😅,yes,offensive,na,joy|surprise,Fatima/urdu api/urdu ma/urdu ape/urdu ki/urdu sab/urdu sa/urdu bade/urdu fan/english kho/urdu haya/urdu Noor/urdu 😊/ambiguous me/urdu nga/urdu ape/urdu sab/urdu ma/urdu hira/urdu api/urdu Pasand/urdu ha/urdu or/english zainab/urdu sab/urdu sa/urdu bure/urdu
VUKai4CZSNw,Phly ya gin ko  roast karta tha ab yah khud vahi karta hai,yes,none,na,anger,Phly/ambiguous ya/urdu gin/english ko/urdu roast/english karta/urdu tha/urdu ab/urdu yah/urdu khud/urdu vahi/urdu karta/urdu hai/urdu
ttL6k7wzGmQ,baghairat bozdil hain pti k leadar,no,offensive,na,anger,baghairat/urdu bozdil/urdu hain/urdu pti/english k/urdu leadar/english
HeZ2VBdJeOk,Allah pak mery Kashmir k logoon ki hifazat fermay,no,none,na,sadness,Allah/urdu pak/urdu mery/urdu Kashmir/ambiguous k/urdu logoon/urdu ki/urdu hifazat/urdu fermay/urdu
VUKai4CZSNw,Mashallha bohat ache vlog banaya he ma bhi ase vlogs bana ta ho per mojah koie subscribe nahi kerta😢,yes,none,na,sadness,Mashallha/urdu bohat/urdu ache/urdu vlog/english banaya/urdu he/urdu ma/urdu bhi/urdu ase/urdu vlogs/english bana/urdu ta/urdu ho/urdu per/urdu mojah/urdu koie/urdu subscribe/english nahi/urdu kerta/urdu
BaMLBWWvNHA,Karachi agr tax daina chor day toh punjab ka kia hoga 😆😆😆,yes,offensive,na,joy,Karachi/urdu agr/urdu tax/english daina/urdu chor/urdu day/urdu toh/urdu punjab/urdu ka/urdu kia/urdu hoga/urdu 😆😆😆/ambiguous
HeZ2VBdJeOk,Sharam Karo stablishment razi tahir aurAhmad Farhad KO reha Karo.,no,offensive,na,anger,Sharam/urdu Karo/urdu stablishment/english razi/urdu tahir/ambiguous aurAhmad/ambiguous Farhad/ambiguous KO/urdu reha/urdu Karo/urdu
PKFU1F2QEMQ,"Hello!

Main thumbnail designer hoon aur YouTube thumbnails banata hoon jo viewers ka attention attract karte hain.


Maine aapke channel ko dekha aur mujhe lagta hai ki main aapke videos ke liye aur bhi attractive thumbnails bana sakta hoon.


✅ Custom Thumbnail Design

✅ Fast Delivery

✅ Affordable Price


Agar aap interested hain, to main ek sample thumbnail bhi bana sakta hoon.


Thank you!",no,none,na,none,Hello!/english Main/urdu thumbnail/english designer/english hoon/urdu aur/urdu YouTube/english thumbnails/english banata/urdu hoon/urdu jo/urdu viewers/english ka/urdu attention/english attract/english karte/urdu hain/urdu Maine/urdu aapke/urdu channel/english ko/urdu dekha/urdu aur/urdu mujhe/urdu lagta/urdu hai/urdu ki/urdu main/urdu aapke/urdu videos/english ke/urdu liye/urdu aur/urdu bhi/urdu attractive/english thumbnails/english bana/urdu sakta/urdu hoon/urdu ✅/ambiguous Custom/english Thumbnail/english Design/english ✅/ambiguous Fast/english Delivery/english ✅/ambiguous Affordable/english Price/english Agar/urdu aap/urdu interested/english hain/urdu to/urdu main/urdu ek/urdu sample/english thumbnail/english bhi/urdu bana/urdu sakta/urdu hoon/urdu Thank/english you/english
Erif7Vj9NSQ,Aaj meri dadi ki behan ki beti ki bhi mehendi hai   ❤❤. Maine sharara pehna hai. ❤❤. Date is    Sat 15 nov 2025. Name is wajeeha. 🇵🇰🇵🇰,no,none,na,joy,Aaj/urdu meri/urdu dadi/urdu ki/urdu behan/urdu ki/urdu beti/urdu ki/urdu bhi/urdu mehendi/urdu hai/urdu Maine/urdu sharara/urdu pehna/urdu hai/urdu Date/english is/english Sat/english 15/ambiguous nov/english 2025/ambiguous Name/english is/english wajeeha/urdu 🇵🇰🇵🇰/ambiguous
BaMLBWWvNHA,hassad achi baat nahi h haadsi family,no,offensive,na,anger,hassad/urdu achi/urdu baat/urdu nahi/urdu h/urdu haadsi/urdu family/english
gvG35CxYOLg,Cheers nhi bismillah prhni chahey pliz bhai,yes,none,na,none,Cheers/english nhi/urdu bismillah/urdu prhni/urdu chahey/urdu pliz/english bhai/urdu
eY0i4nBXqdY,"Fatima api our
Mano Allah 
Ap ka umra
Kabul Karen 
Ameen My name is Fatima",no,none,na,joy,Fatima/urdu api/urdu our/urdu Mano/urdu Allah/urdu Ap/urdu ka/urdu umra/urdu Kabul/urdu Karen/urdu Ameen/urdu My/english name/english is/english Fatima/urdu
gvG35CxYOLg,Ooo bhai apko 25 topon ki salami hai.Apki himmat ko salam😢😢😢😢,yes,none,na,sadness|surprise,Ooo/ambiguous bhai/urdu apko/urdu 25/ambiguous topon/urdu ki/urdu salami/urdu hai.Apki/urdu himmat/urdu ko/urdu salam/urdu
Erif7Vj9NSQ,barat pa ap wear black wala karo,no,none,na,none,barat/urdu pa/urdu ap/urdu wear/english black/english wala/urdu karo/urdu
BljaIOvFkcM,Allah pak Imran Riyaz bhai or Imran Khan ki hifazat frmaye or Pakistan ki hifazat frmaye 🤲🤲,no,none,na,joy,Allah/urdu pak/urdu Imran/ambiguous Riyaz/ambiguous bhai/urdu or/urdu Imran/ambiguous Khan/ambiguous ki/urdu hifazat/urdu frmaye/urdu or/urdu Pakistan/ambiguous ki/urdu hifazat/urdu frmaye/urdu 🤲🤲/ambiguous
FH8OUP2_sN4,So cute ducky Bhai ❤❤❤❤,no,none,na,joy,So/english cute/english ducky/english Bhai/urdu ❤❤❤❤/ambiguous
IMnXqYDHhZI,Bibi hisab kaysy do gi ALLHA ko,yes,offensive,na,anger,Bibi/urdu hisab/urdu kaysy/urdu do/urdu gi/urdu ALLHA/urdu ko/urdu
IMnXqYDHhZI,Kanwal api ap he banaya karen bohatt maza ataaa haii ❤,no,none,na,joy,Kanwal/ambiguous api/urdu ap/urdu he/urdu banaya/urdu karen/urdu bohatt/urdu maza/urdu ataaa/urdu haii/urdu ❤/ambiguous
PKFU1F2QEMQ,"Mash Allah❤
Allah ap ke rizak man aur barkat dale❤
Ap log hmesha lse tarhan haste muskorate rahan (ameen)❤",no,none,na,joy,urdu/urdu Allah/ambiguous urdu/urdu ap/urdu ke/urdu rizak/urdu man/urdu aur/urdu barkat/urdu dale/urdu Ap/urdu log/urdu hmesha/urdu lse/urdu tarhan/urdu haste/urdu muskorate/urdu rahan/urdu (ameen)/ambiguous
zfjRK9s0pjA,Assalamualaikum Iqra Aapi And Areeb Bhai or aap sab ke ghar walo ko Allah taala Hamesha khush rakhe or Aapke sare gunah maaf hojaye or duae qubul ho jaye ❤,no,none,na,joy,Assalamualaikum/urdu Iqra/urdu Aapi/urdu And/english Areeb/urdu Bhai/urdu or/urdu aap/urdu sab/urdu ke/urdu ghar/urdu walo/urdu ko/urdu Allah/urdu taala/urdu Hamesha/urdu khush/urdu rakhe/urdu or/urdu Aapke/urdu sare/urdu gunah/urdu maaf/urdu hojaye/urdu or/urdu duae/urdu qubul/urdu ho/urdu jaye/urdu ❤/ambiguous
8ksTrbtyTco,Pehly btana ni chahiye tha k pasta kis team ka hai.....esy judgement authentic ni hoti...,yes,none,na,anger,Pehly/urdu btana/urdu ni/urdu chahiye/urdu tha/urdu k/urdu pasta/english kis/urdu team/english ka/urdu hai/urdu esy/urdu judgement/english authentic/english ni/urdu hoti/urdu
8ksTrbtyTco,"This is wrong.shahveer...shahveer ko sb twists ka phly s e pata tha..
Twists arrange krny wala koi 3rd person hna chahiye th..",no,none,na,anger,This/english is/english wrong.shahveer.../ambiguous shahveer/urdu ko/urdu sb/urdu twists/english ka/urdu phly/urdu s/urdu e/urdu pata/urdu tha../urdu Twists/english arrange/english krny/urdu wala/urdu koi/urdu 3rd/english person/english hna/urdu chahiye/urdu th../urdu
BljaIOvFkcM,"Altaf Hussain b Gaddar
Jab k Altaf Hussain b In ko Be Naqab karta tha",no,hate,na,anger,Altaf/ambiguous Hussain/ambiguous b/ambiguous Gaddar/urdu Jab/urdu k/urdu Altaf/ambiguous Hussain/ambiguous b/ambiguous In/urdu ko/urdu Be/urdu Naqab/urdu karta/urdu tha/urdu
BmpRnfu16YA,Zainab or is ki friends khusray,no,none,na,none,Zainab/ambiguous or/english is/english ki/urdu friends/english khusray/urdu
nqbNLe84dpM,jolo chip be like : jab bhi content khatam ho jaye mujhy le awoo,yes,none,na,joy,jolo/ambiguous chip/english be/english like/english :/ambiguous jab/urdu bhi/urdu content/english khatam/urdu ho/urdu jaye/urdu mujhy/urdu le/urdu awoo/urdu
hhFGhAo4ZfY,"Totally borrrriiinnngggg or bachon chot lag ehi rhi ap ye dekho, kon aisi video ker rha hai?? Main tou kam se kam😮very bad very sad👎👎👎👎👎👎👎👎👎👎👎👎👎👎👎👎👎👎😠😠😠😠😠",no,offensive,na,anger|sadness,Totally/english borrrriiinnngggg/english or/english bachon/urdu chot/urdu lag/urdu ehi/urdu rhi/urdu ap/urdu ye/urdu dekho/urdu kon/urdu aisi/urdu video/english ker/urdu rha/urdu hai/urdu Main/urdu tou/urdu kam/urdu se/urdu kam/urdu very/english bad/english very/english sad/english
8ksTrbtyTco,Rajat Bhatt ke sath cooking Karen please,no,none,na,joy,Rajat/ambiguous Bhatt/ambiguous ke/urdu sath/urdu cooking/english Karen/english please/english
gvG35CxYOLg,Bro that part in which shaveer bhai slapped  hashir and hashir says that mera Nike ka trouser kharab hogya and  that part in which hashir says itna meri ammi ne nahi mujhe doodh playa tha was epic  bro😂😂😂😂😂,no,none,na,joy|surprise,Bro/english that/english part/english in/english which/english shaveer/urdu bhai/urdu slapped/english hashir/urdu and/english hashir/urdu says/english that/english mera/urdu Nike/english ka/urdu trouser/english kharab/urdu hogya/urdu and/english that/english part/english in/english which/english hashir/urdu says/english itna/urdu meri/urdu ammi/urdu ne/urdu nahi/urdu mujhe/urdu doodh/urdu playa/urdu tha/urdu was/english epic/english bro/english
BmpRnfu16YA,Haya apna mum q nahi kolti homt chepky hoi he,yes,none,na,anger,Haya/ambiguous apna/urdu mum/english q/urdu nahi/urdu kolti/urdu homt/urdu chepky/urdu hoi/urdu he/urdu
ttL6k7wzGmQ,Kyse hen sami bhai tabyat kesi he?,no,none,na,none,Kyse/urdu hen/urdu sami/urdu bhai/urdu tabyat/urdu kesi/urdu he/urdu
8ksTrbtyTco,Yr yah kitni bari Actress ha Isko pakoray kahna nhi ata Ajeeb phudu lagaya awaam ko mtlb teray Ami abu Angreezz thay,yes,offensive,na,anger,Yr/ambiguous yah/urdu kitni/urdu bari/urdu Actress/english ha/urdu Isko/urdu pakoray/urdu kahna/urdu nhi/urdu ata/urdu Ajeeb/urdu phudu/urdu lagaya/urdu awaam/urdu ko/urdu mtlb/urdu teray/urdu Ami/urdu abu/urdu Angreezz/english thay/urdu
WJxfQWiP9DQ,Establishment apna apna kam kare corruption chorde jin ko awam hukumat dena chahte h un ko aane de mulk bilkul thik hojae ga,no,none,na,anger,english/english apna/urdu apna/urdu kam/urdu kare/urdu corruption/english chorde/urdu jin/urdu ko/urdu awam/urdu hukumat/urdu dena/urdu chahte/urdu h/urdu un/urdu ko/urdu aane/urdu de/urdu mulk/urdu bilkul/urdu thik/urdu hojae/urdu ga/urdu
XHQrr9fmTkc,Fatima sis yrr ME apko buhot like karti Ho lakin mene apki Eid wallii vlog nhi dekhi agr ap pochingi to me zaroor bataongi 😣😍,no,none,na,joy|sadness,Fatima/ambiguous sis/english yrr/urdu ME/english apko/urdu buhot/urdu like/english karti/urdu Ho/urdu lakin/urdu mene/urdu apki/urdu Eid/urdu wallii/urdu vlog/english nhi/urdu dekhi/urdu agr/urdu ap/urdu pochingi/urdu to/urdu me/urdu zaroor/urdu bataongi/urdu
hhFGhAo4ZfY,Marne wala game mat khelo . Kiuy ke lagne se dard hota hai,no,none,na,sadness,Marne/urdu wala/urdu game/english mat/urdu khelo/urdu ./ambiguous Kiuy/ambiguous ke/urdu lagne/urdu se/urdu dard/urdu hota/urdu hai/urdu
nqbNLe84dpM,AP ki or areeb bhai ki look bohat piyari thi,no,none,na,joy,AP/ambiguous ki/urdu or/urdu areeb/urdu bhai/urdu ki/urdu look/english bohat/urdu piyari/urdu thi/urdu
FH8OUP2_sN4,Laki bhai 10 million subscriber ho Gaye,no,none,na,joy,urdu/urdu bhai/urdu 10/ambiguous million/english subscriber/english ho/urdu Gaye/urdu
hhFGhAo4ZfY,Fast comment waqas bhai ❤love you,no,none,na,joy,Fast/english comment/english waqas/urdu bhai/urdu love/english you/english
XHQrr9fmTkc,Gandi shakal phir bna li Tum ny,yes,offensive,na,anger,Gandi/urdu shakal/urdu phir/urdu bna/urdu li/urdu Tum/urdu ny/urdu
BmpRnfu16YA,Chezy faimly k home tour dekhy..,no,none,na,none,urdu/ambiguous faimly/english k/urdu home/english tour/english dekhy/urdu
BljaIOvFkcM,Sub teak ha mager samja ka kon,yes,none,na,anger,Sub/urdu teak/urdu ha/urdu mager/urdu samja/urdu ka/urdu kon/urdu
BaMLBWWvNHA,Sab n pehle iska vlog ka view's dekho phir ake rajab k bare m kuch bol na 😂,yes,none,na,joy,Sab/urdu n/urdu pehle/urdu iska/urdu vlog/english ka/urdu view's/english dekho/urdu phir/urdu ake/urdu rajab/urdu k/urdu bare/urdu m/urdu kuch/urdu bol/urdu na/urdu 😂/ambiguous
BmpRnfu16YA,Sister ap na Asma dool palor ka tour ni Kiya APi reply me?😢😮,no,none,na,sadness|surprise,Sister/english ap/urdu na/urdu Asma/urdu dool/ambiguous palor/ambiguous ka/urdu tour/urdu ni/urdu Kiya/urdu APi/ambiguous reply/english me/urdu
EyrNOfyxSBQ,Is se achi acting hamary ghar Kay bachy kar lete han.khawab❌ behayai✅. Hira ki sasti acting ne film ka satiya nass kar diya.kindly change the parents in this film.😏. Ghairat❌ Beghairat✅.,yes,offensive,na,anger,Is/urdu se/urdu achi/urdu acting/english hamary/urdu ghar/urdu Kay/urdu bachy/urdu kar/urdu lete/urdu han.khawab❌/urdu behayai✅/urdu Hira/urdu ki/urdu sasti/urdu acting/english ne/urdu film/english ka/urdu satiya/urdu nass/urdu kar/urdu diya.kindly/ambiguous change/english the/english parents/english in/english this/english film.😏/english Ghairat❌/urdu Beghairat✅/urdu
Erif7Vj9NSQ,kon kon merry tarha 2026 mai dekh raha h ye vlog😅😂,yes,none,na,joy|surprise,kon/urdu kon/urdu merry/english tarha/urdu 2026/ambiguous mai/urdu dekh/urdu raha/urdu h/urdu ye/urdu vlog/english
BaMLBWWvNHA,Lanat Hai Tujhpe sala Dosti ke naam mein Gaddar😂,yes,offensive,na,anger|joy,Lanat/urdu Hai/urdu Tujhpe/urdu sala/urdu Dosti/urdu ke/urdu naam/urdu mein/urdu Gaddar/urdu
FH8OUP2_sN4,Ducky bhai yar jab ap kehta ho subscribe kro 😢 har video ma unsubscribe kar ky dubara subscribe karta hu,yes,none,na,sadness,Ducky/ambiguous bhai/urdu yar/urdu jab/urdu ap/urdu kehta/urdu ho/urdu subscribe/english kro/urdu 😢/ambiguous har/urdu video/english ma/urdu unsubscribe/english kar/urdu ky/urdu dubara/urdu subscribe/english karta/urdu hu/urdu
4k0ZV0UFZSw,"Assalamualaikum Imran Khan sahab
Bhai Lahore k ilaqy shadipura se aik bacha jiski age 16 saal hy purisrar taor par lapata hogya Hy or Punjab police 9 din guzarny k bawjood koi suragh nhi laga saki
K akhir bacha gya kaha 
Apse apeal hy please is mazlom bachy k liye awaz uthao.
Jo b documents chahiye sab apko Mily gy
Please jo Allah ny apko izat di hy usky aik malom bandy k liye awaz uthao apki awaz par bacha mil sakta hy police action ly gi yeh koi chaota plat form nhi Pakistan ka bht bara news ka plat form hy please awaz uthao",no,none,na,sadness|anger|fear,Assalamualaikum/urdu Imran/ambiguous Khan/urdu sahab/urdu Bhai/urdu Lahore/urdu k/urdu ilaqy/urdu shadipura/urdu se/urdu aik/urdu bacha/urdu jiski/urdu age/english 16/english saal/urdu hy/urdu purisrar/urdu taor/urdu par/urdu lapata/urdu hogya/urdu Hy/urdu or/urdu Punjab/urdu police/english 9/english din/urdu guzarny/urdu k/urdu bawjood/urdu koi/urdu suragh/urdu nhi/urdu laga/urdu saki/urdu K/urdu akhir/urdu bacha/urdu gya/urdu kaha/urdu Apse/urdu apeal/urdu hy/urdu please/english is/english mazlom/urdu bachy/urdu k/urdu liye/urdu awaz/urdu uthao/urdu Jo/urdu b/english documents/english chahiye/urdu sab/urdu apko/urdu Mily/urdu gy/urdu Please/english jo/urdu Allah/urdu ny/urdu apko/urdu izat/urdu di/urdu hy/urdu usky/urdu aik/urdu malom/urdu bandy/urdu k/urdu liye/urdu awaz/urdu uthao/urdu apki/urdu awaz/urdu par/urdu bacha/urdu mil/urdu sakta/urdu hy/urdu police/english action/english ly/urdu gi/urdu yeh/urdu koi/urdu chaota/urdu plat/english form/english nhi/urdu Pakistan/urdu ka/urdu bht/urdu bara/urdu news/english ka/urdu plat/english form/english hy/urdu please/english awaz/urdu uthao/urdu
4k0ZV0UFZSw,Asim munir k chamy kea ab Pakistan ktam Karna hai foj NY,yes,offensive,na,anger,Asim/ambiguous munir/ambiguous k/urdu chamy/urdu kea/urdu ab/urdu Pakistan/ambiguous ktam/urdu Karna/urdu hai/urdu foj/urdu NY/english
zfjRK9s0pjA,Khusay ka mu wale maa😅😅😅,yes,offensive,na,joy,Khusay/urdu ka/urdu mu/urdu wale/urdu maa/urdu
WJxfQWiP9DQ,Mohsin Naqvi hai kaun????? He needs himself a Hard Reset.,yes,offensive,na,anger|surprise,Mohsin/ambiguous Naqvi/ambiguous hai/urdu kaun/urdu He/english needs/english himself/english a/english Hard/english Reset/english
Erif7Vj9NSQ,Fatima Faisal ka number plz 😢,no,none,na,sadness,urdu/ambiguous urdu/ambiguous urdu/ambiguous english/english english/english ambiguous/ambiguous
PKFU1F2QEMQ,MashAllah...Dua krna sub Allah mujhy be ghar say nwazy,no,none,na,joy,MashAllah/urdu Dua/urdu krna/urdu sub/urdu Allah/urdu mujhy/urdu be/urdu ghar/urdu say/urdu nwazy/urdu
zXAAAXogJ78,"Fry pan to change kar lo sab coating utar rahi hey ye ap ki seyhat k ley Kharab hey asy fry pan and and suspen  
Ko garbage kar dein",no,none,factual,fear,Fry/english pan/english to/urdu change/english kar/urdu lo/urdu sab/urdu coating/english utar/urdu rahi/urdu hey/urdu ye/urdu ap/urdu ki/urdu seyhat/urdu k/urdu ley/urdu Kharab/urdu hey/urdu asy/urdu fry/english pan/english and/english and/english suspen/english Ko/urdu garbage/english kar/urdu dein/urdu
eY0i4nBXqdY,Mujhe bahut Khushi Hui aap log Umra per ja rahe hain,no,none,na,joy,Mujhe/urdu bahut/urdu Khushi/urdu Hui/urdu aap/urdu log/urdu Umra/urdu per/urdu ja/urdu rahe/urdu hain/urdu
BaMLBWWvNHA,bhai jo insaan acha hota ha wo apne moh se nahi pata ka g ma bohot acha ho is duniya ma sab se acha insaan ma ho 😂 or jo acha insaan ha wo ja ke Rajab family se pucho ok😅,yes,offensive,na,joy|anger,bhai/urdu jo/urdu insaan/urdu acha/urdu hota/urdu ha/urdu wo/urdu apne/urdu moh/urdu se/urdu nahi/urdu pata/urdu ka/urdu g/urdu ma/urdu bohot/urdu acha/urdu ho/urdu is/urdu duniya/urdu ma/urdu sab/urdu se/urdu acha/urdu insaan/urdu ma/urdu ho/urdu 😂/ambiguous or/english jo/urdu acha/urdu insaan/urdu ha/urdu wo/urdu ja/urdu ke/urdu Rajab/ambiguous family/english se/urdu pucho/urdu ok/english
BaMLBWWvNHA,O sa  nhi pata ka zulqarnan dog osa roka da da ga,no,none,na,none,O/ambiguous sa/urdu nhi/urdu pata/urdu ka/urdu zulqarnan/ambiguous dog/english osa/ambiguous roka/urdu da/urdu da/urdu ga/urdu
BmpRnfu16YA,Jsa haya ka ghr he Allah hm sb ko Jannt m is sy b pyara gr dy Ameennnnn,no,none,na,joy,Jsa/urdu haya/urdu ka/urdu ghr/urdu he/urdu Allah/urdu hm/urdu sb/urdu ko/urdu Jannt/urdu m/urdu is/urdu sy/urdu b/urdu pyara/urdu gr/urdu dy/urdu Ameennnnn/urdu
IMnXqYDHhZI,Rajab bhai ke ghar nei jare ho aon ke ghar par betha hua hai,no,none,na,none,Rajab/urdu bhai/urdu ke/urdu ghar/urdu nei/urdu jare/urdu ho/urdu aon/urdu ke/urdu ghar/urdu par/urdu betha/urdu hua/urdu hai/urdu
nqbNLe84dpM,Ikkada API aap aur Arif bhai bahut acche lag rahe hain,no,none,na,joy,urdu/urdu english/english urdu/urdu urdu/urdu english/english urdu/urdu urdu/urdu urdu/urdu urdu/urdu urdu/urdu urdu/urdu
FH8OUP2_sN4,Bhai ab India kab jare ho,yes,none,na,none,Bhai/urdu ab/urdu India/english kab/urdu jare/urdu ho/urdu
VUKai4CZSNw,DUCKY BHAI you are best Allah bless you 😊😊😊love you so much.,no,none,na,joy,DUCKY/ambiguous BHAI/urdu you/english are/english best/english Allah/urdu bless/english you/english love/english you/english so/english much/english
hhFGhAo4ZfY,agar ma kahu to manoga ya nahi tom sab log rome paper seasion shoot karo lakin aap log maanta he nahi ho yarr,yes,none,na,anger,agar/urdu ma/urdu kahu/urdu to/urdu manoga/urdu ya/urdu nahi/urdu tom/ambiguous sab/urdu log/urdu rome/english paper/english seasion/english shoot/english karo/urdu lakin/urdu aap/urdu log/urdu maanta/urdu he/urdu nahi/urdu ho/urdu yarr/urdu
8ksTrbtyTco,Tumhy do sal se smjha rha hu pikode nhi hote ayesha 😂😂😂😂,yes,none,na,joy,Tumhy/urdu do/urdu sal/urdu se/urdu smjha/urdu rha/urdu hu/urdu pikode/urdu nhi/urdu hote/urdu ayesha/ambiguous 😂😂😂😂/ambiguous
BmpRnfu16YA,Mere ghar par bhi acy acy acy hai😶‍🌫️,yes,none,na,surprise,Mere/urdu ghar/urdu par/urdu bhi/urdu acy/english acy/english acy/english hai/urdu
8ksTrbtyTco,Please chalenge with duky bhai,no,none,na,none,Please/english chalenge/english with/english duky/urdu bhai/urdu
nqbNLe84dpM,Gc are bhai aapka Jo kar rahe ho na yah prem aapke upar hona chahie tha jaruri,yes,none,na,sadness,Gc/ambiguous are/urdu bhai/urdu aapka/urdu Jo/urdu kar/urdu rahe/urdu ho/urdu na/urdu yah/urdu prem/urdu aapke/urdu upar/urdu hona/urdu chahie/urdu tha/urdu jaruri/urdu
eY0i4nBXqdY,"What tilawat shilawat 
Ap KO rameez Nahi hay 
Ajee jahil",yes,offensive,na,anger,What/english tilawat/urdu shilawat/urdu Ap/urdu KO/urdu rameez/urdu Nahi/urdu hay/urdu Ajee/urdu jahil/urdu
eY0i4nBXqdY,Real Fatima ki humne dekha hua hai,yes,none,na,surprise,Real/english Fatima/ambiguous ki/urdu humne/urdu dekha/urdu hua/urdu hai/urdu
FH8OUP2_sN4,AP mujhe mini I phone gift kar do,yes,none,na,joy,AP/ambiguous mujhe/urdu mini/english I/english phone/english gift/english kar/urdu do/urdu
FH8OUP2_sN4,Nice video diky bhai❤😂,no,none,na,joy,Nice/english video/english diky/urdu bhai/urdu
zfjRK9s0pjA,Mashallah bahut acchi baat hai 🎉,no,none,na,joy,urdu/urdu bahut/urdu acchi/urdu baat/urdu hai/urdu 🎉/ambiguous
VUKai4CZSNw,Hello ducky Bhai Japan ma ek restaurant aa Gujranwala in yashio,no,none,na,none,Hello/english ducky/english Bhai/urdu Japan/english ma/urdu ek/urdu restaurant/english aa/urdu Gujranwala/urdu in/english yashio/ambiguous
8ksTrbtyTco,Team rhs ke sath ziyaati hui hai 😂,yes,none,na,joy,Team/english rhs/english ke/urdu sath/urdu ziyaati/urdu hui/urdu hai/urdu 😂/ambiguous
EyrNOfyxSBQ,Bahooooot achii thi 😊,no,none,na,joy,urdu/urdu urdu/urdu urdu/urdu 😊/ambiguous
BaMLBWWvNHA,Rajab always on  top 🔝 tameez Mai bets waisa to views to ata hi nahi,yes,none,na,joy,Rajab/ambiguous always/english on/english top/english 🔝/ambiguous tameez/urdu Mai/urdu bets/urdu waisa/urdu to/urdu views/english to/urdu ata/urdu hi/urdu nahi/urdu
XHQrr9fmTkc,Fatima apii ap noodles bhi kha sakti thi,yes,none,na,none,Fatima/ambiguous apii/urdu ap/urdu noodles/english bhi/urdu kha/urdu sakti/urdu thi/urdu
gvG35CxYOLg,Rice ka Sath milk Kon pita ha 😅,yes,none,na,joy|surprise,Rice/english ka/urdu Sath/urdu milk/english Kon/urdu pita/urdu ha/urdu 😅/ambiguous
BmpRnfu16YA,Aap ko tameez nhi hai haya ka baba aba khata howa,no,offensive,na,anger,Aap/urdu ko/urdu tameez/urdu nhi/urdu hai/urdu haya/urdu ka/urdu baba/urdu aba/urdu khata/urdu howa/urdu
BmpRnfu16YA,29:36 embracement feel hoiy Fatima ko😂,yes,none,na,joy|surprise,ambiguous/ambiguous embracement/english feel/english hoiy/urdu Fatima/ambiguous ko/urdu
4k0ZV0UFZSw,"Waleykum Assalam 
Allah aap ko apni hifazat mei rakhe Aameen",no,none,na,joy,Waleykum/urdu Assalam/urdu Allah/urdu aap/urdu ko/urdu apni/urdu hifazat/urdu mei/urdu rakhe/urdu Aameen/urdu
eY0i4nBXqdY,Fatimah albailk Ka ye white sauce mayonnaise nhi garlic thum hai garlic sauce,no,none,na,none,Fatimah/ambiguous albailk/ambiguous Ka/urdu ye/urdu white/english sauce/english mayonnaise/english nhi/urdu garlic/english thum/urdu hai/urdu garlic/english sauce/english
FH8OUP2_sN4,Ye bhosri wala akal say pagal hy,no,offensive,na,anger,Ye/urdu bhosri/urdu wala/urdu akal/urdu say/urdu pagal/urdu hy/urdu
nqbNLe84dpM,Ye zainab itni overacting krti he zehr lgti he,no,offensive,na,anger,Ye/urdu zainab/ambiguous itni/urdu overacting/english krti/urdu he/urdu zehr/urdu lgti/urdu he/urdu
nqbNLe84dpM,Are bhai Jolo chips ka kya matlab hota hai aur aap mere jawab kyon Nahin dete Hain aap mere comment ka jawab kyon Nahin dete Hain,no,none,na,anger,Are/urdu bhai/urdu Jolo/english chips/english ka/urdu kya/urdu matlab/urdu hota/urdu hai/urdu aur/urdu aap/urdu mere/urdu jawab/urdu kyon/urdu Nahin/urdu dete/urdu Hain/urdu aap/urdu mere/urdu comment/english ka/urdu jawab/urdu kyon/urdu Nahin/urdu dete/urdu Hain/urdu
BmpRnfu16YA,Kia ap ki mama ky pass mabail nai ha,yes,none,na,surprise,Kia/urdu ap/urdu ki/urdu mama/urdu ky/urdu pass/urdu mabail/urdu nai/urdu ha/urdu
Erif7Vj9NSQ,Ap ka phone number,no,none,na,none,Ap/urdu ka/urdu phone/english number/english
IMnXqYDHhZI,Kanwal api ap hi vlog banaya karao please please please please please please please please please please please please please please please please please please please please please please please please please please,no,none,na,joy,Kanwal/ambiguous api/urdu ap/urdu hi/urdu vlog/english banaya/urdu karao/urdu please/english please/english please/english please/english please/english please/english please/english please/english please/english please/english please/english please/english please/english please/english please/english please/english please/english please/english please/english please/english please/english please/english please/english please/english please/english please/english please/english please/english please/english
WJxfQWiP9DQ,Allah pak Imran Khan ao Imran Riaz Khan ko salamat rakhe Ameen Ameen Ameen 🙏,no,none,na,joy,Allah/urdu pak/urdu Imran/ambiguous Khan/urdu ao/urdu Imran/ambiguous Riaz/urdu Khan/urdu ko/urdu salamat/urdu rakhe/urdu Ameen/urdu Ameen/urdu Ameen/urdu 🙏/ambiguous
gvG35CxYOLg,I'm sure gala hrab ho gya hoga or pta ni kya kya plz shaveer don't do this or agr kro b to ek bite ly lo choti c aesi hrkty ni kro don't put yourself in danger plz,no,none,na,fear|sadness,I'm/english sure/english gala/urdu hrab/urdu ho/urdu gya/urdu hoga/urdu or/urdu pta/urdu ni/urdu kya/urdu kya/urdu plz/english shaveer/urdu don't/english do/english this/english or/urdu agr/urdu kro/urdu b/urdu to/urdu ek/urdu bite/english ly/urdu lo/urdu choti/urdu c/urdu aesi/urdu hrkty/urdu ni/urdu kro/urdu don't/english put/english yourself/english in/english danger/english plz/english
HeZ2VBdJeOk,Ya Allah hum apne Ghar apne hi mulk me gher mehfooz hn ya Rab Karam krdy in zalimon ghaddaron yahudion se nijat dilady 🙏 Allah humma aameen 😢😢,no,hate,na,anger|sadness|fear,Ya/urdu Allah/urdu hum/urdu apne/urdu Ghar/urdu apne/urdu hi/urdu mulk/urdu me/urdu gher/urdu mehfooz/urdu hn/urdu ya/urdu Rab/urdu Karam/urdu krdy/urdu in/urdu zalimon/urdu ghaddaron/urdu yahudion/urdu se/urdu nijat/urdu dilady/urdu 🙏/ambiguous Allah/urdu humma/urdu aameen/urdu 😢😢/ambiguous
FH8OUP2_sN4,Sad Bhai bht bht acha Laga china esala rha h hum khud ghoom rhe hn  china me or shuro se sub video dekh rhe hn me or Mera beta bht Maza  bht zeyada acha laga,no,none,na,joy,Sad/english Bhai/urdu bht/urdu bht/urdu acha/urdu Laga/urdu china/english esala/urdu rha/urdu h/urdu hum/urdu khud/urdu ghoom/urdu rhe/urdu hn/urdu china/english me/urdu or/urdu shuro/urdu se/urdu sub/urdu video/english dekh/urdu rhe/urdu hn/urdu me/urdu or/urdu Mera/urdu beta/urdu bht/urdu Maza/urdu bht/urdu zeyada/urdu acha/urdu laga/urdu
BljaIOvFkcM,Nura kushti happy plus party annually ki jo bhi badshah aur insan Hoga vah support karega kisko Azad Kashmir ki aawam ko,yes,none,na,none,Nura/ambiguous kushti/urdu happy/english plus/english party/english annually/english ki/urdu jo/urdu bhi/urdu badshah/urdu aur/urdu insan/urdu Hoga/urdu vah/urdu support/english karega/urdu kisko/urdu Azad/urdu Kashmir/urdu ki/urdu aawam/urdu ko/urdu
Erif7Vj9NSQ,Rabia is looking like a royal princess really ap bohot piyari lag rhi ho Rabia😂❤🎉😊,no,none,na,joy,Rabia/ambiguous is/english looking/english like/english a/english royal/english princess/english really/english ap/urdu bohot/urdu piyari/urdu lag/urdu rhi/urdu ho/urdu Rabia/ambiguous
VUKai4CZSNw,3:05 Ducky bhai ki car pe babar A7,no,none,na,none,ambiguous/ambiguous Ducky/english bhai/urdu ki/urdu car/english pe/urdu babar/english A7/english
IMnXqYDHhZI,Api azial ka choty joty mujy dy do mri b choti c beti ha😊,no,none,na,joy,Api/urdu azial/urdu ka/urdu choty/urdu joty/urdu mujy/urdu dy/urdu do/urdu mri/urdu b/ambiguous choti/urdu c/ambiguous beti/urdu ha/urdu
VUKai4CZSNw,Ducky bhai tatti kha la Teri wife bi landa khaye ducky bhai ka,yes,offensive,na,anger,Ducky/ambiguous bhai/urdu tatti/urdu kha/urdu la/urdu Teri/urdu wife/english bi/urdu landa/urdu khaye/urdu ducky/ambiguous bhai/urdu ka/urdu
-w7eMfsuRgA,Thank you dr sb ...ap ny aj miry ilam mi azafa kr diya hai end py jo ap ny bat sonwai hai,no,none,na,joy,Thank/english you/english dr/english sb/urdu ...ap/urdu ny/urdu aj/urdu miry/urdu ilam/urdu mi/urdu azafa/urdu kr/urdu diya/urdu hai/urdu end/english py/urdu jo/urdu ap/urdu ny/urdu bat/urdu sonwai/urdu hai/urdu
BmpRnfu16YA,Anabiya ka face reveal please ❤,no,none,na,joy,urdu/ambiguous urdu/urdu english/english english/english english/english ambiguous/ambiguous
BmpRnfu16YA,Haya chup kyun hai ithni jaisai ignore kur rahi ho😟😟 Allah histology ko bhi aisa ghur dai😊😊,yes,none,na,sadness|concern,Haya/ambiguous chup/urdu kyun/urdu hai/urdu ithni/urdu jaisai/urdu ignore/english kur/urdu rahi/urdu ho/urdu Allah/urdu histology/english ko/urdu bhi/urdu aisa/urdu ghur/urdu dai/urdu
BmpRnfu16YA,yrr plz haya ki sister hafsa ka face reveal kaarwain,no,none,na,none,yrr/urdu plz/english haya/urdu ki/urdu sister/english hafsa/urdu ka/urdu face/english reveal/english kaarwain/urdu
BaMLBWWvNHA,Love you rajab bhai,no,none,na,joy,Love/english you/english rajab/urdu bhai/urdu
BmpRnfu16YA,Apne ghar ka home tuvar karvao,no,none,na,none,Apne/urdu ghar/urdu ka/urdu home/english tuvar/urdu karvao/urdu
BmpRnfu16YA,Haya ka house is every thing is beautiful ameen allah pak sub ko naseeb karey 😅😅😅ameen sum aamen how much price,yes,none,na,joy,Haya/urdu ka/urdu house/english is/english every/english thing/english is/english beautiful/english ameen/urdu allah/urdu pak/urdu sub/urdu ko/urdu naseeb/urdu karey/urdu 😅😅😅ameen/ambiguous sum/english aamen/urdu how/english much/english price/english
nqbNLe84dpM,Iqra api haya ka stay plane karein😟,no,none,na,fear,Iqra/ambiguous api/urdu haya/urdu ka/urdu stay/english plane/english karein/urdu
VUKai4CZSNw,Kisi bhi kisam ki property ki info k leye subscribe kren,no,none,na,none,Kisi/urdu bhi/urdu kisam/urdu ki/urdu property/english ki/urdu info/english k/urdu leye/urdu subscribe/english kren/urdu
4k0ZV0UFZSw,Imran Bhai Allah  in logon ko Zameen me gharaq krr,no,hate,na,anger,Imran/ambiguous Bhai/urdu Allah/ambiguous in/urdu logon/urdu ko/urdu Zameen/urdu me/urdu gharaq/urdu krr/urdu
-w7eMfsuRgA,Gill bhi ap acha kam kar raha ho ap apna kam zoro shor sa jare rakho Allah pak ap ko apna hafzo aman ma rakhy Ameen ❤❤❤❤,no,none,na,joy,Gill/ambiguous bhi/urdu ap/urdu acha/urdu kam/urdu kar/urdu raha/urdu ho/urdu ap/urdu apna/urdu kam/urdu zoro/urdu shor/urdu sa/urdu jare/urdu rakho/urdu Allah/urdu pak/urdu ap/urdu ko/urdu apna/urdu hafzo/urdu aman/urdu ma/urdu rakhy/urdu Ameen/urdu ❤❤❤❤/ambiguous
-w7eMfsuRgA,"💜💜 Dr Saab, please logun ko educate karain her VLOG main es roshni dalain k Army Chief k office ko restructure kernay kee zrorat hae,  ak general betaaj badshah bun jata hae 💜💜",no,offensive,na,anger,ambiguous/ambiguous Dr/english Saab/urdu please/english logun/urdu ko/urdu educate/english karain/urdu her/english VLOG/english main/urdu es/urdu roshni/urdu dalain/urdu k/urdu Army/english Chief/english k/urdu office/english ko/urdu restructure/english kernay/urdu kee/urdu zrorat/urdu hae/urdu ak/urdu general/english betaaj/urdu badshah/urdu bun/urdu jata/urdu hae/urdu ambiguous/ambiguous
nqbNLe84dpM,Areeb Acha aap aur     Anaviya acchi lag rahi hai,no,none,na,joy,Areeb/urdu Acha/urdu aap/urdu aur/urdu Anaviya/urdu acchi/urdu lag/urdu rahi/urdu hai/urdu
IMnXqYDHhZI,Kanwal k vloging k boht maza ata hai plz daily vlog kare,no,none,na,joy,Kanwal/ambiguous k/urdu vloging/english k/urdu boht/urdu maza/urdu ata/urdu hai/urdu plz/english daily/english vlog/english kare/urdu
nqbNLe84dpM,Nokia kaise banate hain dusri Aarti,yes,none,na,surprise,english/english urdu/urdu urdu/urdu urdu/urdu urdu/urdu urdu/urdu
EyrNOfyxSBQ,Yd❤❤❤ Fatima yah Dekho yah wala tumhara drama kah rahi hun ismein Dekho tum yah mar gai hai yah wali train,yes,none,na,joy|surprise,Yd/ambiguous ❤❤❤/ambiguous Fatima/urdu yah/urdu Dekho/urdu yah/urdu wala/urdu tumhara/urdu drama/urdu kah/urdu rahi/urdu hun/urdu ismein/urdu Dekho/urdu tum/urdu yah/urdu mar/urdu gai/urdu hai/urdu yah/urdu wali/urdu train/english
8ksTrbtyTco,Har 2 haftay mein ek vlog aata hai ajeeb nahi uplode krna tou quite krdo ap sey acha tou ducky bhai hai jo roz vlog upload krta hai,yes,none,na,anger,Har/urdu 2/ambiguous haftay/urdu mein/urdu ek/urdu vlog/english aata/urdu hai/urdu ajeeb/urdu nahi/urdu uplode/english krna/urdu tou/urdu quite/english krdo/urdu ap/urdu sey/urdu acha/urdu tou/urdu ducky/english bhai/urdu hai/urdu jo/urdu roz/urdu vlog/english upload/english krta/urdu hai/urdu
eY0i4nBXqdY,Fatima aapki naukrani aayesha aur hamari bahan Ayesha,yes,offensive,na,anger,Fatima/ambiguous aapki/urdu naukrani/urdu aayesha/ambiguous aur/urdu hamari/urdu bahan/urdu Ayesha/ambiguous
eY0i4nBXqdY,Ew yaar I'm 10myear old I always go f8rst class,yes,none,na,joy,Ew/urdu yaar/urdu I'm/english 10myear/ambiguous old/english I/english always/english go/english f8rst/english class/english
BmpRnfu16YA,Mashallah haya ka ghr pyara Hai but sistrology house Ki bat hi kuch aur Hai Fatima api your house is best,no,none,na,joy,Mashallah/urdu haya/urdu ka/urdu ghr/urdu pyara/urdu Hai/urdu but/english sistrology/english house/english Ki/urdu bat/urdu hi/urdu kuch/urdu aur/urdu Hai/urdu Fatima/urdu api/urdu your/english house/english is/english best/english
zfjRK9s0pjA,Allah iqra api or areeb bhai Kay bachay ko salamat rakahy Ameen Suma ameen ❤️❤️,no,none,na,joy,Allah/urdu iqra/urdu api/urdu or/english areeb/urdu bhai/urdu Kay/urdu bachay/urdu ko/urdu salamat/urdu rakahy/urdu Ameen/urdu Suma/ambiguous ameen/urdu ❤️❤️/ambiguous
N-0DINjOMlY,Ck ke kache pehnta h yeh 😂😂😂😂,yes,none,na,joy,Ck/ambiguous ke/urdu kache/urdu pehnta/urdu h/urdu yeh/urdu 😂😂😂😂/ambiguous
zfjRK9s0pjA,C section hua hai ya normal delivery,no,none,na,none,C/english section/english hua/urdu hai/urdu ya/urdu normal/english delivery/english
BmpRnfu16YA,Hy Allah mara dreem ha yr Dua kero muja allah asa ger da or pahlay mara bhaio ko da ameen gaya mashallah aap ka home waooo😮,no,none,na,joy|surprise,Hy/ambiguous Allah/urdu mara/urdu dreem/english ha/urdu yr/urdu Dua/urdu kero/urdu muja/urdu allah/urdu asa/urdu ger/urdu da/urdu or/urdu pahlay/urdu mara/urdu bhaio/urdu ko/urdu da/urdu ameen/urdu gaya/urdu mashallah/urdu aap/urdu ka/urdu home/english waooo/ambiguous
zXAAAXogJ78,Ayesha ko or pizza burgers khielao taky tun.tun mosi ban jaye 😂,yes,offensive,na,joy,Ayesha/ambiguous ko/urdu or/english pizza/english burgers/english khielao/urdu taky/urdu tun.tun/urdu mosi/urdu ban/urdu jaye/urdu 😂/ambiguous
zfjRK9s0pjA,Betay Maa say ziada pyar karta hai or beti baap say ziada pyar Karti hai . Areebto apni beti ki Jaan hai . Iqra ab Kia Karo gi 😂😂😂😂.,yes,none,na,joy,Betay/urdu Maa/urdu say/urdu ziada/urdu pyar/urdu karta/urdu hai/urdu or/urdu beti/urdu baap/urdu say/urdu ziada/urdu pyar/urdu Karti/urdu hai/urdu ./ambiguous Areebto/urdu apni/urdu beti/urdu ki/urdu Jaan/urdu hai/urdu ./ambiguous Iqra/urdu ab/urdu Kia/urdu Karo/urdu gi/urdu 😂😂😂😂/ambiguous
UiYpRBQ74fs,"Sir.
Seniter Mushtaq sab k bary information dy den.",no,none,na,none,Sir./english Seniter/english Mushtaq/urdu sab/urdu k/urdu bary/urdu information/english dy/urdu den/urdu
zXAAAXogJ78,Kanwal aap bohat pyari lgti hain jb sr ko dupatta sai cover krti hain. Ma Sha Allah Hajj ka noor aur asar abhi bhi hai aur Allah karay hamesha aisy rahain. Aameen Sum Aameen,no,none,na,joy,Kanwal/urdu aap/urdu bohat/urdu pyari/urdu lgti/urdu hain/urdu jb/urdu sr/urdu ko/urdu dupatta/urdu sai/urdu cover/english krti/urdu hain/urdu Ma/urdu Sha/urdu Allah/urdu Hajj/urdu ka/urdu noor/urdu aur/urdu asar/urdu abhi/urdu bhi/urdu hai/urdu aur/urdu Allah/urdu karay/urdu hamesha/urdu aisy/urdu rahain/urdu Aameen/urdu Sum/ambiguous Aameen/urdu
FH8OUP2_sN4,Bhai mekup boht zayda ha duky kka,no,none,na,anger,Bhai/urdu mekup/english boht/urdu zayda/urdu ha/urdu duky/urdu kka/urdu
HeZ2VBdJeOk,Salam Riaz bi AP b bataye k log har elaky ma Awami Action committee banaye,no,none,na,none,Salam/urdu Riaz/ambiguous bi/urdu AP/english b/urdu bataye/urdu k/urdu log/urdu har/urdu elaky/urdu ma/urdu Awami/urdu Action/english committee/english banaye/urdu
BljaIOvFkcM,Foj k special groups yehi to hain.,yes,none,na,anger,Foj/urdu k/urdu special/english groups/english yehi/urdu to/urdu hain/urdu
IMnXqYDHhZI,Api jouto py mashallah nhi bol thy,yes,none,na,surprise,Api/urdu jouto/urdu py/urdu mashallah/urdu nhi/urdu bol/urdu thy/urdu
EyrNOfyxSBQ,Oye hoye yr Kya short hai interested,yes,none,na,surprise|joy,Oye/urdu hoye/urdu yr/urdu Kya/urdu short/english hai/urdu interested/english
EyrNOfyxSBQ,Ye kaisi kahani thi awain,yes,none,na,surprise,Ye/urdu kaisi/urdu kahani/urdu thi/urdu awain/urdu
VUKai4CZSNw,"Yar aroob ko sas sahi mili he, hamari sase to ghumne jane ke nam se hi rola pe deti he, inko leke jao har jagah bas",yes,none,na,anger,Yar/urdu aroob/urdu ko/urdu sas/urdu sahi/urdu mili/urdu he/urdu hamari/urdu sase/urdu to/urdu ghumne/urdu jane/urdu ke/urdu nam/urdu se/urdu hi/urdu rola/urdu pe/urdu deti/urdu he/urdu inko/urdu leke/urdu jao/urdu har/urdu jagah/urdu bas/urdu
FH8OUP2_sN4,Ducky Bhai eik drone ki video banao please 🙏,no,none,na,joy,Ducky/ambiguous Bhai/urdu eik/urdu drone/english ki/urdu video/english banao/urdu please/english 🙏/ambiguous
zfjRK9s0pjA,Aoa iqra api ap apni bati ka face reveal kab karay gi,no,none,na,none,Aoa/urdu iqra/ambiguous api/urdu ap/urdu apni/urdu bati/urdu ka/urdu face/english reveal/english kab/urdu karay/urdu gi/urdu
gvG35CxYOLg,Bahi k vlogs mai purani energy aa rhi hai ❤,no,none,na,joy,Bahi/urdu k/urdu vlogs/english mai/urdu purani/urdu energy/english aa/urdu rhi/urdu hai/urdu ❤/ambiguous
Erif7Vj9NSQ,Fatimaa aapi mein Aapka har vlog dekhte hu I m your big fannnnnnnnnnnnn apiiiiiiiiiiii 💐💗🌼💋 pls replyyyy,no,none,na,joy,Fatimaa/urdu aapi/urdu mein/urdu Aapka/urdu har/urdu vlog/english dekhte/urdu hu/urdu I/english m/english your/english big/english fannnnnnnnnnnnn/english apiiiiiiiiiiii/urdu pls/english replyyyy/english
gvG35CxYOLg,Hashir 😂😂😂😂 nahi main kuta hn 😂😂😂😂😂😂😂😂,yes,none,na,joy,Hashir/ambiguous 😂😂😂😂/ambiguous nahi/urdu main/urdu kuta/urdu hn/urdu 😂😂😂😂😂😂😂😂/ambiguous
VUKai4CZSNw,Bhai please help me Meri beti ki shadi h February m,no,none,na,fear,Bhai/urdu please/english help/english me/english Meri/urdu beti/urdu ki/urdu shadi/urdu h/urdu February/english m/urdu
BaMLBWWvNHA,Arey Pagal woh shiya h usko quraan ki kia hi izat Hogi bas apna khiyaal rakhna uski hasd Sy bch KY rehna ye Kuch bhi kr sakhta h,yes,hate,na,anger,Arey/urdu Pagal/urdu woh/urdu shiya/urdu h/urdu usko/urdu quraan/urdu ki/urdu kia/urdu hi/urdu izat/urdu Hogi/urdu bas/urdu apna/urdu khiyaal/urdu rakhna/urdu uski/urdu hasd/urdu Sy/urdu bch/urdu KY/urdu rehna/urdu ye/urdu Kuch/urdu bhi/urdu kr/urdu sakhta/urdu h/urdu
HeZ2VBdJeOk,Yeh to asy Pakistan ko lut rhy h jesy en ko pta h en ki akhri bari h Pakistan me,yes,offensive,na,anger,Yeh/urdu to/urdu asy/urdu Pakistan/ambiguous ko/urdu lut/urdu rhy/urdu h/urdu jesy/urdu en/urdu ko/urdu pta/urdu h/urdu en/urdu ki/urdu akhri/urdu bari/urdu h/urdu Pakistan/ambiguous me/urdu
-w7eMfsuRgA,Kawwa chala hans ki chaal apni chaal bhi bhoul giya muneeray mistry ka bhi yehi hall hay ye mazeed bayzut ho gaa,yes,offensive,na,anger,Kawwa/urdu chala/urdu hans/urdu ki/urdu chaal/urdu apni/urdu chaal/urdu bhi/urdu bhoul/urdu giya/urdu muneeray/urdu mistry/urdu ka/urdu bhi/urdu yehi/urdu hall/urdu hay/urdu ye/urdu mazeed/urdu bayzut/urdu ho/urdu gaa/urdu
WJxfQWiP9DQ,Allah Pak Pakistan ki madad farmay,no,none,na,none,Allah/urdu Pak/urdu Pakistan/urdu ki/urdu madad/urdu farmay/urdu
nqbNLe84dpM,Many ab apka vlog ni deakhna ap  apni betika face ni deakti ha,no,offensive,na,anger,english/ambiguous urdu/urdu urdu/urdu english/english urdu/urdu urdu/urdu urdu/urdu urdu/urdu urdu/urdu english/english urdu/urdu urdu/urdu urdu/urdu
FH8OUP2_sN4,Subscribe kar diya hai Ducky bhai done,no,none,na,joy,Subscribe/english kar/urdu diya/urdu hai/urdu Ducky/english bhai/urdu done/english
zXAAAXogJ78,Ayesha ko thoriii tameez bhi do panduuu khj kiii jo mrziij kr LG yeh gagriii hi lgy gi,yes,offensive,na,anger,Ayesha/ambiguous ko/urdu thoriii/urdu tameez/urdu bhi/urdu do/urdu panduuu/urdu khj/ambiguous kiii/urdu jo/urdu mrziij/urdu kr/urdu LG/english yeh/urdu gagriii/urdu hi/urdu lgy/urdu gi/urdu
eY0i4nBXqdY,Fish asli hai yaar pagal ho anpar😂😂😂😂😂😂😂😂😂,yes,none,na,joy|surprise,Fish/english asli/urdu hai/urdu yaar/urdu pagal/urdu ho/urdu anpar/urdu
EyrNOfyxSBQ,content next level acting bohut sasti ha buget kam tha,yes,none,na,anger,content/english next/english level/english acting/english bohut/urdu sasti/urdu ha/urdu buget/urdu kam/urdu tha/urdu
BaMLBWWvNHA,Han Rajab kamina hai,no,offensive,na,anger,urdu/urdu rajab/ambiguous kamina/urdu hai/urdu
FH8OUP2_sN4,Ducky bhai robot dog lelia😂 aroob na mana kia tha apko😂,yes,none,na,joy|surprise,Ducky/english bhai/urdu robot/english dog/english lelia/urdu aroob/urdu na/urdu mana/urdu kia/urdu tha/urdu apko/urdu
IMnXqYDHhZI,"Sharam Karo itni jutiyan or. Bag durson KO dikha k Kia sabak Dy rehi ho Behan ,  ism smart Kia hai , shop hai tumari?",yes,offensive,na,anger,"Sharam/urdu Karo/urdu itni/urdu jutiyan/urdu or/urdu Bag/urdu durson/urdu KO/urdu dikha/urdu k/urdu Kia/urdu sabak/urdu Dy/urdu rehi/urdu ho/urdu Behan/urdu ,/ambiguous ism/english smart/english Kia/urdu hai/urdu ,/ambiguous shop/english hai/urdu tumari/urdu"
nqbNLe84dpM,"India protest Jantar Mantar par tho bnai video but jab zarurat hai Pakistan ko tab nahi yaad aaraha make video for Kashmir Kindly stand for Kashmir us ke baary mein tho pta ho ga agar India protest ka pta hai
Kindly stand for Kashmir and make videos about it to support Kashmir 😢😢
       Please support!!",yes,none,na,anger|sadness,India/english protest/english Jantar/urdu Mantar/urdu par/urdu tho/urdu bnai/urdu video/english but/english jab/urdu zarurat/urdu hai/urdu Pakistan/english ko/urdu tab/urdu nahi/urdu yaad/urdu aaraha/urdu make/english video/english for/english Kashmir/english Kindly/english stand/english for/english Kashmir/english us/urdu ke/urdu baary/urdu mein/urdu tho/urdu pta/urdu ho/urdu ga/urdu agar/urdu India/english protest/english ka/urdu pta/urdu hai/urdu Kindly/english stand/english for/english Kashmir/english and/english make/english videos/english about/english it/english to/english support/english Kashmir/english 😢😢/ambiguous Please/english support/english
BaMLBWWvNHA,Gud mera shahzada bro ye ha he km nasal rajab Bhatti fitna ha apni ma behn ko nacha k unki kamai khane wala ha bhai apko mery traf se apko or baji ko hajj ki boht boht mubark ho...❤❤,yes,hate,na,anger,Gud/english mera/urdu shahzada/urdu bro/english ye/urdu ha/urdu he/urdu km/ambiguous nasal/urdu rajab/urdu Bhatti/urdu fitna/urdu ha/urdu apni/urdu ma/urdu behn/urdu ko/urdu nacha/urdu k/urdu unki/urdu kamai/urdu khane/urdu wala/urdu ha/urdu bhai/urdu apko/urdu mery/urdu traf/urdu se/urdu apko/urdu or/urdu baji/urdu ko/urdu hajj/urdu ki/urdu boht/urdu boht/urdu mubark/urdu ho/urdu
VUKai4CZSNw,Yeh hal hai pak ka kutto se checking horhi hai hmari,yes,offensive,na,anger,Yeh/urdu hal/urdu hai/urdu pak/urdu ka/urdu kutto/urdu se/urdu checking/english horhi/urdu hai/urdu hmari/urdu
zfjRK9s0pjA,Atna bura volg nai tha jo logo ny Bina dyai tha,yes,none,na,anger,Atna/urdu bura/urdu volg/english nai/urdu tha/urdu jo/urdu logo/urdu ny/urdu Bina/urdu dyai/urdu tha/urdu
8ksTrbtyTco,Shahveer ki wife ki look nysa Devgan ki trha lag rhi h,no,offensive,na,surprise,urdu/urdu urdu/urdu english/english urdu/urdu english/english urdu/urdu urdu/urdu urdu/urdu urdu/urdu urdu/urdu urdu/urdu urdu/urdu
gvG35CxYOLg,Khyal kro Bhai kahin heart attack ya piles na ho jaye 😂😂😂 Don't Mind!!!,yes,none,na,joy,Khyal/urdu kro/urdu Bhai/urdu kahin/urdu heart/english attack/english ya/urdu piles/english na/urdu ho/urdu jaye/urdu 😂😂😂/ambiguous Don't/english Mind/english
BaMLBWWvNHA,"Bhai kia huwa aaj kal
Kisi time main maa jee k sath aftari kholne ka intzar karrahe the 😮























Deep words",yes,none,na,sadness|surprise,Bhai/urdu kia/urdu huwa/urdu aaj/urdu kal/urdu Kisi/urdu time/english main/urdu maa/urdu jee/urdu k/urdu sath/urdu aftari/urdu kholne/urdu ka/urdu intzar/urdu karrahe/urdu the/urdu 😮/ambiguous Deep/english words/english
BaMLBWWvNHA,Ab kya ho gaya 😂,yes,none,na,joy|surprise,Ab/urdu kya/urdu ho/urdu gaya/urdu 😂/ambiguous
zXAAAXogJ78,"Yellow shirt wala 😅 omg 😂😂

OMG 1.2 k 😮 thanks 😅",no,none,na,joy|surprise,Yellow/english shirt/english wala/urdu 😅/ambiguous omg/english 😂😂/ambiguous OMG/english 1.2/ambiguous k/ambiguous 😮/ambiguous thanks/english 😅/ambiguous
BaMLBWWvNHA,"aby gey boy , tery pas chaar peisy kya a gy teri b zuban bekabu ho gie , or kanwal ka to pta he ho ga , 1 marly k ghr me rehti thi or uski b shadi k akhrajat tm logo ny othaiie, or reh giw teri gl ty gey boy , pyaz khany wali kom tujy tera bap 100 rupey sy ziadah peisay ni deta tha , yaad hai tuny tung a kr vloging shuru ki kanwal k sath 😂😂",yes,offensive,na,anger|joy,urdu/urdu english/english urdu/urdu urdu/urdu urdu/urdu urdu/urdu urdu/urdu urdu/urdu urdu/urdu urdu/urdu urdu/urdu urdu/urdu urdu/urdu urdu/urdu urdu/urdu urdu/urdu urdu/urdu urdu/urdu urdu/urdu urdu/urdu urdu/urdu urdu/urdu urdu/urdu urdu/urdu urdu/urdu urdu/urdu urdu/urdu urdu/urdu urdu/urdu urdu/urdu urdu/urdu urdu/urdu urdu/urdu urdu/urdu urdu/urdu urdu/urdu urdu/urdu urdu/urdu urdu/urdu urdu/urdu urdu/urdu urdu/urdu urdu/urdu urdu/urdu urdu/urdu urdu/urdu urdu/urdu urdu/urdu urdu/urdu urdu/urdu urdu/urdu urdu/urdu urdu/urdu urdu/urdu urdu/urdu urdu/urdu urdu/urdu urdu/urdu urdu/urdu urdu/urdu urdu/urdu urdu/urdu urdu/urdu urdu/urdu urdu/urdu urdu/urdu urdu/urdu urdu/urdu urdu/urdu urdu/urdu urdu/urdu english/english urdu/urdu urdu/urdu urdu/urdu urdu/urdu urdu/urdu urdu/urdu ambiguous/ambiguous
nqbNLe84dpM,Ikra aap Fatima ko irritate Karenab Aap Jo block banaengeusne Fatima ko irritate Karenplease please please,no,offensive,na,anger,Ikra/urdu aap/urdu Fatima/urdu ko/urdu irritate/english Karenab/urdu Aap/urdu Jo/urdu block/english banaengeusne/urdu Fatima/urdu ko/urdu irritate/english Karenplease/urdu please/english please/english
eY0i4nBXqdY,Apna dono haji mein b Jaiye omar b kiya howa apna content ka content sawab ka  sawab Allah ka ghar mashallah,no,none,na,joy,Apna/urdu dono/urdu haji/urdu mein/urdu b/ambiguous Jaiye/urdu omar/urdu b/ambiguous kiya/urdu howa/urdu apna/urdu content/english ka/urdu content/english sawab/urdu ka/urdu sawab/urdu Allah/urdu ka/urdu ghar/urdu mashallah/urdu
XHQrr9fmTkc,Hi Fatima api apka 2 account finally aj mana subscribe kia apko 2 account ma he har vlog ma dakhti hu 4 million subscribers pura kardo aj mana bhi subscribe kardia or reply karn please ma wait karu gi bye ❤️,no,none,na,joy|surprise,Hi/english Fatima/english api/urdu apka/urdu 2/english account/english finally/english aj/urdu mana/urdu subscribe/english kia/urdu apko/urdu 2/english account/english ma/urdu he/urdu har/urdu vlog/english ma/urdu dakhti/urdu hu/urdu 4/english million/english subscribers/english pura/urdu kardo/urdu aj/urdu mana/urdu bhi/urdu subscribe/english kardia/urdu or/urdu reply/english karn/urdu please/english ma/urdu wait/english karu/urdu gi/urdu bye/english ❤️/ambiguous
-w7eMfsuRgA,Awam soye hwe hi ghflat ke neend kuch karte he nhi,yes,none,na,anger,Awam/urdu soye/urdu hwe/urdu hi/urdu ghflat/urdu ke/urdu neend/urdu kuch/urdu karte/urdu he/urdu nhi/urdu
BljaIOvFkcM,General gadaar nhi ho sakte wo dalaal Hein apni family ko Americans ko pesh karte Hein,no,hate,na,anger,english/ambiguous urdu/urdu urdu/urdu urdu/urdu urdu/urdu urdu/urdu urdu/urdu urdu/urdu urdu/urdu urdu/urdu urdu/urdu english/english urdu/urdu urdu/urdu urdu/urdu urdu/urdu
VUKai4CZSNw,Ducky Bhai ap bht achy hn 💝❤️‍🩹,no,none,na,joy,english/english Bhai/urdu ap/urdu bht/urdu achy/urdu hn/urdu 💝❤️‍🩹/ambiguous
UiYpRBQ74fs,Jo haq mein ho ga wohiii shaheed h r zalim murdaar hota h,no,offensive,na,anger,Jo/urdu haq/urdu mein/urdu ho/urdu ga/urdu wohiii/urdu shaheed/urdu h/urdu r/ambiguous zalim/urdu murdaar/urdu hota/urdu h/urdu
IMnXqYDHhZI,Raam da paisa bawa g  naach naach k kmaya gya paisa haraam ka hota ha,yes,none,na,anger,Raam/urdu da/urdu paisa/urdu bawa/urdu g/urdu naach/urdu naach/urdu k/urdu kmaya/urdu gya/urdu paisa/urdu haraam/urdu ka/urdu hota/urdu ha/urdu
BmpRnfu16YA,Fatima apne ghr ko compare kr rhi andr andr se complex ma h😂,yes,none,na,joy,Fatima/ambiguous apne/urdu ghr/urdu ko/urdu compare/english kr/urdu rhi/urdu andr/urdu andr/urdu se/urdu complex/english ma/urdu h/urdu
XHQrr9fmTkc,Fatima aap bahut acchi lag rahi ho,no,none,na,joy,Fatima/ambiguous aap/urdu bahut/urdu acchi/urdu lag/urdu rahi/urdu ho/urdu
N-0DINjOMlY,JB se apne vlogging start ki hy tab se dekhti hu pehle Bhai k mob p dekhti thi phir baba k mob  pe ab apna mob lia 😂 udhar k mob p daily ka vlog dekhti thi,no,none,na,joy,JB/ambiguous se/urdu apne/urdu vlogging/english start/english ki/urdu hy/urdu tab/urdu se/urdu dekhti/urdu hu/urdu pehle/urdu Bhai/urdu k/urdu mob/english p/urdu dekhti/urdu thi/urdu phir/urdu baba/urdu k/urdu mob/english pe/urdu ab/urdu apna/urdu mob/english lia/urdu 😂/ambiguous udhar/urdu k/urdu mob/english p/urdu daily/english ka/urdu vlog/english dekhti/urdu thi/urdu
hhFGhAo4ZfY,Waqas bhai akhir khar patle ho gaye.😂,yes,none,na,joy,Waqas/ambiguous bhai/urdu akhir/urdu khar/urdu patle/urdu ho/urdu gaye/urdu
nqbNLe84dpM,Hira areeb ko panii ni de rhi thi buhtt batamiz hai 🥲🥲,yes,offensive,na,anger,Hira/urdu areeb/urdu ko/urdu panii/urdu ni/urdu de/urdu rhi/urdu thi/urdu buhtt/urdu batamiz/urdu hai/urdu 🥲🥲/ambiguous
gvG35CxYOLg,Dekhkar hi Dar lag raha hai,no,none,na,fear,Dekhkar/urdu hi/urdu Dar/urdu lag/urdu raha/urdu hai/urdu
nqbNLe84dpM,Aag lagy basti ke fatima apni masti ke 😅😅😅😅😅😅😅😅😅😅😅😅😅😂😂😂😂😂😂😂😂 😂😂😂😂😂😂😂😂 😂😂 address for the sistrology house plz  and anaviya is cute,yes,none,na,joy|surprise,Aag/urdu lagy/urdu basti/urdu ke/urdu fatima/urdu apni/urdu masti/urdu ke/urdu 😅😅😅😅😅😅😅😅😅😅😅😅😅😂😂😂😂😂😂😂😂/ambiguous 😂😂😂😂😂😂😂😂/ambiguous 😂😂/ambiguous address/english for/english the/english sistrology/english house/english plz/english and/english anaviya/urdu is/english cute/english
BaMLBWWvNHA,Great zulqurnain Bhai ❤❤❤,no,none,na,joy,Great/english zulqurnain/ambiguous Bhai/urdu ❤❤❤/ambiguous
BaMLBWWvNHA,Part 2 please bhai,no,none,na,none,Part/english 2/english please/english bhai/urdu
nqbNLe84dpM,Apni Ghar ki location btao please,no,none,na,none,Apni/urdu Ghar/urdu ki/urdu location/english btao/urdu please/english
zXAAAXogJ78,9:39 pr ayesha ki bari thi,no,none,na,none,english/ambiguous pr/urdu ayesha/ambiguous ki/urdu bari/urdu thi/urdu
BmpRnfu16YA,Tere zamane par galti Nahin Koi Shanta hai,yes,none,na,anger,Tere/urdu zamane/urdu par/urdu galti/urdu Nahin/urdu Koi/urdu Shanta/urdu hai/urdu
BaMLBWWvNHA,Bhai phele to ap bhi uski video me ate the take apko fam mele rajab to kuta insan hai apni bv bacha chor kar jag jaga moo Marta hai Randi ka bacha hai Rajab butti,yes,hate,na,anger,Bhai/urdu phele/urdu to/urdu ap/urdu bhi/urdu uski/urdu video/english me/urdu ate/urdu the/english take/urdu apko/urdu fam/english mele/urdu rajab/urdu to/urdu kuta/urdu insan/urdu hai/urdu apni/urdu bv/urdu bacha/urdu chor/urdu kar/urdu jag/urdu jaga/urdu moo/urdu Marta/urdu hai/urdu Randi/urdu ka/urdu bacha/urdu hai/urdu Rajab/urdu butti/urdu
nqbNLe84dpM,Hamara computer jaldi theek hu ta ke main Iqra api ke vlogs deke saku jaldi theek hu jai due kar wale like karen,no,none,na,joy,Hamara/urdu computer/english jaldi/urdu theek/urdu hu/urdu ta/urdu ke/urdu main/urdu Iqra/ambiguous api/urdu ke/urdu vlogs/english deke/urdu saku/urdu jaldi/urdu theek/urdu hu/urdu jai/urdu due/urdu kar/urdu wale/urdu like/english karen/urdu
eY0i4nBXqdY,Jab ma Gai thi to mughe maza nahi a Raha ta to ab ma regret kar rahi ho,yes,none,na,sadness,Jab/urdu ma/urdu Gai/urdu thi/urdu to/urdu mughe/urdu maza/urdu nahi/urdu a/urdu Raha/urdu ta/urdu to/urdu ab/urdu ma/urdu regret/english kar/urdu rahi/urdu ho/urdu
WJxfQWiP9DQ,Inko hamen cal dete Hain Pakistan ka bachane ka Imran Khan Sahab ko Bahar nikaalo vahi bachayega Pakistan ko,no,none,na,anger,Inko/urdu hamen/urdu cal/urdu dete/urdu Hain/urdu Pakistan/urdu ka/urdu bachane/urdu ka/urdu Imran/urdu Khan/urdu Sahab/urdu ko/urdu Bahar/urdu nikaalo/urdu vahi/urdu bachayega/urdu Pakistan/urdu ko/urdu
VUKai4CZSNw,Yaar ducky bhiee AP piyare ho sare boltay Hain aroob zayada piyare Hain per nahi aroob is Liye ache lagte Hain qun kay wo AP kay sath hote Hain AP dono ek do sare kay sath ache lagtay ho❤,no,none,na,joy,Yaar/urdu ducky/english bhiee/urdu AP/urdu piyare/urdu ho/urdu sare/urdu boltay/urdu Hain/urdu aroob/urdu zayada/urdu piyare/urdu Hain/urdu per/urdu nahi/urdu aroob/urdu is/urdu Liye/urdu ache/urdu lagte/urdu Hain/urdu qun/urdu kay/urdu wo/urdu AP/urdu kay/urdu sath/urdu hote/urdu Hain/urdu AP/urdu dono/urdu ek/urdu do/urdu sare/urdu kay/urdu sath/urdu ache/urdu lagtay/urdu ho/urdu
FH8OUP2_sN4,Wo chinese main byzti kar kari hay kahti hay mainy nai byjna nikal jao ider say,yes,offensive,na,anger,Wo/urdu chinese/english main/urdu byzti/urdu kar/urdu kari/urdu hay/urdu kahti/urdu hay/urdu mainy/urdu nai/urdu byjna/urdu nikal/urdu jao/urdu ider/urdu say/urdu
IMnXqYDHhZI,Api mujhe dy dein meri yteem bachi hei,no,none,na,sadness,Api/urdu mujhe/urdu dy/urdu dein/urdu meri/urdu yteem/urdu bachi/urdu hei/urdu
nqbNLe84dpM,Koi Haunted House wala video banaen,no,none,na,none,Koi/urdu Haunted/english House/english wala/urdu video/english banaen/urdu
nqbNLe84dpM,🥱🥱😴🫩 bye ikra appi ksl vlog dakhungi😢 na na na asa hi sakta hai😂 isa dakh ja slepping karungi😊♥️ i Love your vlog♥️💐🫰,yes,none,na,joy|sadness,ambiguous/ambiguous bye/english ikra/urdu appi/urdu ksl/ambiguous vlog/english dakhungi/urdu na/urdu na/urdu na/urdu asa/urdu hi/urdu sakta/urdu hai/urdu isa/urdu dakh/urdu ja/urdu slepping/english karungi/urdu i/english Love/english your/english vlog/english
IMnXqYDHhZI,Kawal api Kase ho  AP paregment ha❤❤❤❤❤,no,none,na,joy,urdu/urdu urdu/urdu urdu/urdu urdu/urdu english/english urdu/urdu urdu/urdu
VUKai4CZSNw,ducky bhai aap kamarshal wali jagga aana kuo ka waha maa ho ga replies agar aap youtuber ho,yes,none,na,none,ducky/english bhai/urdu aap/urdu kamarshal/urdu wali/urdu jagga/urdu aana/urdu kuo/ambiguous ka/urdu waha/urdu maa/urdu ho/urdu ga/urdu replies/english agar/urdu aap/urdu youtuber/english ho/urdu
Erif7Vj9NSQ,kon kon 2027 ma dath raha ha,no,none,na,none,kon/urdu kon/urdu 2027/ambiguous ma/urdu dath/urdu raha/urdu ha/urdu
VUKai4CZSNw,Ducky Bhai plz show us Doraemon home,no,none,na,none,Ducky/ambiguous Bhai/urdu plz/english show/english us/english Doraemon/ambiguous home/english
gvG35CxYOLg,Shahveer bhai salam ha ap ko bro itni chilli uff😢😢😢😢,no,none,na,sadness,Shahveer/ambiguous bhai/urdu salam/urdu ha/urdu ap/urdu ko/urdu bro/english itni/urdu chilli/english uff/urdu
hhFGhAo4ZfY,Imagine waqas bhai reply me❤,yes,none,na,joy,Imagine/english waqas/urdu bhai/urdu reply/english me/urdu
BaMLBWWvNHA,Jo kud hota hai wo dusro ko Bolta hai,yes,offensive,na,anger,Jo/urdu kud/urdu hota/urdu hai/urdu wo/urdu dusro/urdu ko/urdu Bolta/urdu hai/urdu
eY0i4nBXqdY,Ham bhi same seat pr he bethe thy Albaik khaane ke liye 😍,no,none,na,joy,Ham/urdu bhi/urdu same/english seat/english pr/urdu he/urdu bethe/urdu thy/urdu Albaik/ambiguous khaane/urdu ke/urdu liye/urdu 😍/ambiguous
-w7eMfsuRgA,"Asim Munir, Mohsin Naqvi, DGISPR Or L* Lapara Yeh Sb ""Phyyy""پھ"" Hain....
Sir Yeh Woh ""Phyyy""پھ"" Nahi Jo Ap Kehte Hain....

Bal-K Yeh Woh ""Phyyy""پھ"" Hain Jin Ko Shahi Muhalyy Me Din Raat Ragra Lagta Raha Hai...",yes,offensive,na,anger,urdu/ambiguous urdu/ambiguous urdu/ambiguous urdu/ambiguous english/ambiguous urdu/ambiguous english/ambiguous urdu/ambiguous urdu/ambiguous urdu/ambiguous urdu/ambiguous urdu/ambiguous urdu/ambiguous urdu/ambiguous urdu/ambiguous urdu/ambiguous urdu/ambiguous urdu/ambiguous urdu/ambiguous urdu/ambiguous urdu/ambiguous urdu/ambiguous urdu/ambiguous urdu/ambiguous urdu/ambiguous urdu/ambiguous urdu/ambiguous urdu/ambiguous urdu/ambiguous urdu/ambiguous urdu/ambiguous urdu/ambiguous urdu/ambiguous urdu/ambiguous urdu/ambiguous urdu/ambiguous urdu/ambiguous
XHQrr9fmTkc,Fatima api apna name ka food khawo plz mara challenge accepted karo plz,no,none,na,joy,Fatima/ambiguous api/urdu apna/urdu name/english ka/urdu food/english khawo/urdu plz/english mara/urdu challenge/english accepted/english karo/urdu plz/english
HeZ2VBdJeOk,Wah javaid Hashimi Saab app nay kamee kameen Asim yazeed zehni mareez ko khoob pehchana 4:19,yes,hate,na,anger,Wah/urdu javaid/urdu Hashimi/urdu Saab/urdu app/urdu nay/urdu kamee/urdu kameen/urdu Asim/urdu yazeed/urdu zehni/urdu mareez/urdu ko/urdu khoob/urdu pehchana/urdu 4:19/ambiguous
BaMLBWWvNHA,Rajab bhai is barand,no,none,na,joy,Rajab/urdu bhai/urdu is/english barand/urdu
IMnXqYDHhZI,Ayzal k kapray mujy day daien Meri beti k liye  Meri 2 betiya hen😊,no,none,na,joy,Ayzal/ambiguous k/urdu kapray/urdu mujy/urdu day/urdu daien/urdu Meri/urdu beti/urdu k/urdu liye/urdu Meri/urdu 2/english betiya/urdu hen/urdu
8ksTrbtyTco,Tumhri wife kajol ki beti lg rhi ditto..,yes,none,na,none,Tumhri/urdu wife/english kajol/ambiguous ki/urdu beti/urdu lg/urdu rhi/urdu ditto/english
-w7eMfsuRgA,Humne subah banenge to faujiyon ko aur jaap milegi Jo retire Hoga udhar lag jaega yah ulti bhi latak jaaye to mulk Nahin Chala sakte Imran Khan rahat Fateh Ali ke bagair,yes,offensive,na,anger,Humne/urdu subah/urdu banenge/urdu to/urdu faujiyon/urdu ko/urdu aur/urdu jaap/urdu milegi/urdu Jo/urdu retire/english Hoga/urdu udhar/urdu lag/urdu jaega/urdu yah/urdu ulti/urdu bhi/urdu latak/urdu jaaye/urdu to/urdu mulk/urdu Nahin/urdu Chala/urdu sakte/urdu Imran/ambiguous Khan/ambiguous rahat/urdu Fateh/ambiguous Ali/ambiguous ke/urdu bagair/urdu
VUKai4CZSNw,Bahir tak buu a rhi hae 😂,yes,none,na,joy,Bahir/urdu tak/urdu buu/ambiguous a/urdu rhi/urdu hae/urdu 😂/ambiguous
FH8OUP2_sN4,Ducky Bhai you are the best vloger in Pakistan ❤,no,none,na,joy,Ducky/ambiguous Bhai/urdu you/english are/english the/english best/english vloger/english in/english Pakistan/english ❤/ambiguous
IMnXqYDHhZI,Shoes KO mashaa ALLAH Nahi kahty,yes,none,na,joy,Shoes/english KO/urdu mashaa/urdu ALLAH/urdu Nahi/urdu kahty/urdu
EyrNOfyxSBQ,very good efforts but ye video thori c aur lambi honi choaye thi atelast baap ko pata chalta aur vo lrka pkra jata  tab iska level e aur hona tha,no,none,na,anger,very/english good/english efforts/english but/english ye/urdu video/english thori/urdu c/urdu aur/urdu lambi/urdu honi/urdu choaye/urdu thi/urdu atelast/urdu baap/urdu ko/urdu pata/urdu chalta/urdu aur/urdu vo/urdu lrka/urdu pkra/urdu jata/urdu tab/urdu iska/urdu level/english e/urdu aur/urdu hona/urdu tha/urdu
zXAAAXogJ78,Zulqarnain bhai please please please please Abrar bhai ko bolo vlog upload kar ma ap donon sa both para Karti hun ap donon ka vlog nahi ata tab Mari sat kuch aisa hota hai  😭😭😭😭😭😭😭  please please zulqarnain bhai Abrar bhai ko bolo vlog squad Kara,no,none,na,sadness,Zulqarnain/ambiguous bhai/urdu please/english please/english please/english please/english Abrar/ambiguous bhai/urdu ko/urdu bolo/urdu vlog/english upload/english kar/urdu ma/urdu ap/urdu donon/urdu sa/urdu both/english para/urdu Karti/urdu hun/urdu ap/urdu donon/urdu ka/urdu vlog/english nahi/urdu ata/urdu tab/urdu Mari/urdu sat/urdu kuch/urdu aisa/urdu hota/urdu hai/urdu 😭😭😭😭😭😭😭/ambiguous please/english please/english zulqarnain/ambiguous bhai/urdu Abrar/ambiguous bhai/urdu ko/urdu bolo/urdu vlog/english squad/english Kara/urdu
eY0i4nBXqdY,Aap mere per gai hai,yes,none,na,anger,Aap/urdu mere/urdu per/urdu gai/urdu hai/urdu
8ksTrbtyTco,chef tu mardana kamzoori ka shikaar hai bc,yes,offensive,na,anger,english/english tu/urdu mardana/urdu kamzoori/urdu ka/urdu shikaar/urdu hai/urdu bc/ambiguous
IMnXqYDHhZI,Kusri k pas condet khatam hogya ab apni wife ko agy kr dya 😂😂,yes,offensive,na,joy,Kusri/urdu k/urdu pas/urdu condet/english khatam/urdu hogya/urdu ab/urdu apni/urdu wife/english ko/urdu agy/urdu kr/urdu dya/urdu 😂😂/ambiguous
PKFU1F2QEMQ,Mashallha mashallha so beautiful ❤️❤️❤️❤️❤️😍😍😍❤️❤️ bohat bohat bohat ziyada piyra gahr ha Allah pak rehna naseb kary Ameen Suma Ameen ❤️❤️❤️❤️❤️ sab duwa karna Allah pak muje bi apna gahr day gahr day ameeeeeeeeen ❤❤❤❤❤,no,none,na,joy,Mashallha/urdu mashallha/urdu so/english beautiful/english ❤️❤️❤️❤️❤️😍😍😍❤️❤️/ambiguous bohat/urdu bohat/urdu bohat/urdu ziyada/urdu piyra/urdu gahr/urdu ha/urdu Allah/urdu pak/urdu rehna/urdu naseb/urdu kary/urdu Ameen/urdu Suma/urdu Ameen/urdu ❤️❤️❤️❤️❤️/ambiguous sab/urdu duwa/urdu karna/urdu Allah/urdu pak/urdu muje/urdu bi/urdu apna/urdu gahr/urdu day/urdu gahr/urdu day/urdu ameeeeeeeeen/urdu ❤❤❤❤❤/ambiguous
ttL6k7wzGmQ,INSHALLAH JEET 25 CRORE AWAM KI HOGI 💯 AWAM STANDS SHOULDER TO SHOULDER WITH OUR BRAVE HEART HONEST LEADER IMRAN KHAN 💪💯💪💯,no,none,na,joy,INSHALLAH/urdu JEET/urdu 25/ambiguous CRORE/urdu AWAM/urdu KI/urdu HOGI/urdu 💯/ambiguous AWAM/urdu STANDS/english SHOULDER/english TO/english SHOULDER/english WITH/english OUR/english BRAVE/english HEART/english HONEST/english LEADER/english IMRAN/urdu KHAN/urdu 💪💯💪💯/ambiguous
IMnXqYDHhZI,In ko zulkar bahi se bt karny ki bilkul tamiz ni hai,no,offensive,na,anger,In/ambiguous ko/urdu zulkar/urdu bahi/urdu se/urdu bt/english karny/urdu ki/urdu bilkul/urdu tamiz/urdu ni/urdu hai/urdu
4k0ZV0UFZSw,imran bhai pta nahi in manhoson se kb jaan chotay gi,yes,offensive,na,anger|sadness,imran/urdu bhai/urdu pta/urdu nahi/urdu in/urdu manhoson/urdu se/urdu kb/urdu jaan/urdu chotay/urdu gi/urdu
BaMLBWWvNHA,Aap mein himmat hai,no,none,na,none,Aap/urdu mein/urdu himmat/urdu hai/urdu
N-0DINjOMlY,zulqarnain bhai right  Namaz padhani chahie Dil Ka sukun hai MashaAllah Aizal Happy now ❤,no,none,na,joy,zulqarnain/urdu bhai/urdu right/english Namaz/urdu padhani/urdu chahie/urdu Dil/urdu Ka/urdu sukun/urdu hai/urdu MashaAllah/urdu Aizal/urdu Happy/english now/english
nqbNLe84dpM,Iqra api main or Meri behen ap ka vlogs computer se dekhte the computer par Barish ka pabi dal Gaya is vja se main ap ka vlog nahi dekh pati main commentapne Bhai    ke mobile se chup chup kar kar Rahi hu ab due kare ke computer jaldi theek hu jai,no,none,na,sadness,Iqra/ambiguous api/urdu main/urdu or/urdu Meri/urdu behen/urdu ap/urdu ka/urdu vlogs/english computer/english se/urdu dekhte/urdu the/urdu computer/english par/urdu Barish/urdu ka/urdu pabi/urdu dal/urdu Gaya/urdu is/urdu vja/urdu se/urdu main/urdu ap/urdu ka/urdu vlog/english nahi/urdu dekh/urdu pati/urdu main/urdu commentapne/ambiguous Bhai/urdu ke/urdu mobile/english se/urdu chup/urdu chup/urdu kar/urdu kar/urdu Rahi/urdu hu/urdu ab/urdu due/english kare/urdu ke/urdu computer/english jaldi/urdu theek/urdu hu/urdu jai/urdu
BljaIOvFkcM,Allah salamat rakhy bhaii AP ko,no,none,na,joy,Allah/urdu salamat/urdu rakhy/urdu bhaii/urdu AP/urdu ko/urdu
IMnXqYDHhZI,Common sense.... Agar us family k pass na internet na android phone tou in logon ko apky vlog mein interest kesay .... 😂😂😂,yes,none,na,joy,Common/english sense/english Agar/urdu us/urdu family/english k/urdu pass/urdu na/urdu internet/english na/urdu android/english phone/english tou/urdu in/urdu logon/urdu ko/urdu apky/urdu vlog/english mein/urdu interest/english kesay/urdu .../ambiguous 😂😂😂/ambiguous
8ksTrbtyTco,Aslamoalikum shahveer Bhai AP ki taraf iqra API or areeb Bhai aye thy us pr na apka koi vlog Aya hai na unka ....,no,none,na,sadness,Aslamoalikum/urdu shahveer/urdu Bhai/urdu AP/urdu ki/urdu taraf/urdu iqra/urdu API/english or/english areeb/urdu Bhai/urdu aye/urdu thy/urdu us/urdu pr/urdu na/urdu apka/urdu koi/urdu vlog/english Aya/urdu hai/urdu na/urdu unka/urdu ..../ambiguous
nqbNLe84dpM,Iqra api ap ki look bohat pyari hai,no,none,na,joy,Iqra/ambiguous api/urdu ap/urdu ki/urdu look/english bohat/urdu pyari/urdu hai/urdu
VUKai4CZSNw,Ducky bhai ap ka bacha kyn ni ho rha,yes,none,na,none,Ducky/english bhai/urdu ap/urdu ka/urdu bacha/urdu kyn/urdu ni/urdu ho/urdu rha/urdu
eY0i4nBXqdY,Aap meri baat sunkar kahin per jaayengi,no,none,na,none,Aap/urdu meri/urdu baat/urdu sunkar/urdu kahin/urdu per/urdu jaayengi/urdu
8ksTrbtyTco,Phadda hoty hoty reh gya dono teams Mein,no,none,na,sadness,Phadda/urdu hoty/urdu hoty/urdu reh/urdu gya/urdu dono/urdu teams/english Mein/urdu
N-0DINjOMlY,Kanwal awara ko bas phiraty raho,yes,offensive,na,anger,Kanwal/ambiguous awara/urdu ko/urdu bas/urdu phiraty/urdu raho/urdu
PKFU1F2QEMQ,Masahallah ❤ masahallah ❤ Allah pak sub ko apna ghr de or ap sub dua kren Allah mujhe bh apna ghr de de ameen sum ameen 🤲,no,none,na,joy,Masahallah/urdu ❤/ambiguous masahallah/urdu ❤/ambiguous Allah/urdu pak/urdu sub/urdu ko/urdu apna/urdu ghr/urdu de/urdu or/urdu ap/urdu sub/urdu dua/urdu kren/urdu Allah/urdu mujhe/urdu bh/urdu apna/urdu ghr/urdu de/urdu de/urdu ameen/urdu sum/urdu ameen/urdu 🤲/ambiguous
HeZ2VBdJeOk,A.salam imran Bhai ye hojoom bezameer hai munfqat ki had par kar chuki hai 😢😢😢😢😢😢 imran Bhai,no,none,na,sadness|anger,A.salam/urdu imran/urdu Bhai/urdu ye/urdu hojoom/urdu bezameer/urdu hai/urdu munfqat/urdu ki/urdu had/urdu par/urdu kar/urdu chuki/urdu hai/urdu 😢😢😢😢😢😢/ambiguous imran/urdu Bhai/urdu
XHQrr9fmTkc,Fatima Faisal kya allergy Thakur aap bahut acchi Hain main aapki bahut badi fan❤❤❤❤,no,none,na,joy,Fatima/ambiguous Faisal/ambiguous kya/urdu allergy/english Thakur/urdu aap/urdu bahut/urdu acchi/urdu Hain/urdu main/urdu aapki/urdu bahut/urdu badi/urdu fan/english
zfjRK9s0pjA,Ikra Kamal ko Allah Tala Dua per yad rakhe bahut acchi beti ho beta beti Hui lekin video❤❤❤,no,none,na,joy,Ikra/urdu Kamal/urdu ko/urdu Allah/urdu Tala/urdu Dua/urdu per/urdu yad/urdu rakhe/urdu bahut/urdu acchi/urdu beti/urdu ho/urdu beta/urdu beti/urdu Hui/urdu lekin/urdu video/english
eY0i4nBXqdY,Mere sister ka name Inaaya ha,no,none,na,none,Mere/urdu sister/english ka/urdu name/english Inaaya/ambiguous ha/urdu
HeZ2VBdJeOk,Inshallah.  Muneer ko jhorna nhi he,no,none,na,none,urdu/urdu Muneer/ambiguous ko/urdu jhorna/urdu nhi/urdu he/urdu
FH8OUP2_sN4,Lucky bhai ki on a video kab banaoge comedy video Mera bhi sawal ek le lena hai ki on a video,no,none,na,none,Lucky/ambiguous bhai/urdu ki/urdu on/english a/english video/english kab/urdu banaoge/urdu comedy/english video/english Mera/urdu bhi/urdu sawal/urdu ek/urdu le/urdu lena/urdu hai/urdu ki/urdu on/english a/english video/english
PKFU1F2QEMQ,Aapneay.  Bechoun.  Ko.  Hifazat.  Se.  Rekhein.   Apneay.  Parents.   Ki.  Khidmat.   Kerein.,no,none,na,none,Aapneay./urdu Bechoun./urdu Ko./urdu Hifazat./urdu Se./urdu Rekhein./urdu Apneay./urdu Parents./english Ki./urdu Khidmat./urdu Kerein./urdu
PKFU1F2QEMQ,Kitchen ki jaga bytak honi chahye guest Ky lye room hona chahye ta,no,none,na,none,english/ambiguous urdu/urdu urdu/urdu urdu/urdu urdu/urdu urdu/urdu english/english urdu/urdu urdu/urdu english/english urdu/urdu urdu/urdu urdu/urdu
EyrNOfyxSBQ,Sacchi baat hai yah Bharat mein Bharat hai 😂😂,yes,none,na,joy,Sacchi/urdu baat/urdu hai/urdu yah/urdu Bharat/urdu mein/urdu Bharat/urdu hai/urdu 😂😂/ambiguous
UiYpRBQ74fs,sub log Kashmir kliy awaz uthao hum log ap ke mntzer hen,no,none,na,anger,sub/urdu log/urdu Kashmir/ambiguous kliy/urdu awaz/urdu uthao/urdu hum/urdu log/urdu ap/urdu ke/urdu mntzer/urdu hen/urdu
N-0DINjOMlY,Ap Ney konsey mall sey shopping ki ha,no,none,na,none,Ap/urdu Ney/urdu konsey/urdu mall/english sey/urdu shopping/english ki/urdu ha/urdu
VUKai4CZSNw,Bechara jannat mirza ki bat dil par ly gia,no,none,na,sadness,Bechara/urdu jannat/urdu mirza/urdu ki/urdu bat/urdu dil/urdu par/urdu ly/urdu gia/urdu
UiYpRBQ74fs,"Goli q nhi chlai abi tak nawasy par ?
Ay hakmy wakt tery aor tery spotars dono k kardar py thoooooooo 🖐️",yes,offensive,na,anger,Goli/urdu q/urdu nhi/urdu chlai/urdu abi/urdu tak/urdu nawasy/urdu par/urdu ?/ambiguous Ay/urdu hakmy/urdu wakt/urdu tery/urdu aor/urdu tery/urdu spotars/english dono/urdu k/urdu kardar/urdu py/urdu thoooooooo/urdu 🖐️/ambiguous
IMnXqYDHhZI,Zulqarnain Bhai vlog is best❤,no,none,na,joy,urdu/urdu Bhai/urdu vlog/english is/english best/english
eY0i4nBXqdY,19:44 ye nakli hai,no,none,na,none,19:44/ambiguous ye/urdu nakli/urdu hai/urdu
N-0DINjOMlY,"Gashti or knjr phodi ki kamyee kar k wapsi Pakistan ah rhy hai , or Pakistan ah k logo ko hadees sunaye ga or UDR is ki Budi gashti knwal majj bagair dupatta dance krti rhi . Teri pan da phoda passy k chakr my saly budi ki phodi ki kamyee b kha rhy hu marr ja Teri zindgy ty lnnat",yes,hate,na,anger,"urdu/urdu or/english knjr/urdu phodi/urdu ki/urdu kamyee/urdu kar/urdu k/urdu wapsi/urdu Pakistan/urdu ah/urdu rhy/urdu hai/urdu ,/ambiguous or/english Pakistan/urdu ah/urdu k/urdu logo/urdu ko/urdu hadees/urdu sunaye/urdu ga/urdu or/english UDR/english is/english ki/urdu Budi/urdu gashti/urdu knwal/urdu majj/urdu bagair/urdu dupatta/urdu dance/english krti/urdu rhi/urdu ./ambiguous Teri/urdu pan/urdu da/urdu phoda/urdu passy/urdu k/urdu chakr/urdu my/urdu saly/urdu budi/urdu ki/urdu phodi/urdu ki/urdu kamyee/urdu b/urdu kha/urdu rhy/urdu hu/urdu marr/urdu ja/urdu Teri/urdu zindgy/urdu ty/urdu lnnat/urdu"
IMnXqYDHhZI,Qyamat wala din hisaab dana pra ga😢,no,none,na,sadness|fear,Qyamat/urdu wala/urdu din/urdu hisaab/urdu dana/urdu pra/urdu ga/urdu
BmpRnfu16YA,"Haya ka ghar ka dirty 🤮 washroom,kitchen etc. Fatima logo ka ghar Har wanqt dirty rahta ha plz Fatima apana ghar saf kar Lai khuda ka wasita",no,offensive,na,anger,Haya/urdu ka/urdu ghar/urdu ka/urdu dirty/english 🤮/ambiguous washroom/english kitchen/english etc./english Fatima/urdu logo/urdu ka/urdu ghar/urdu Har/urdu wanqt/urdu dirty/english rahta/urdu ha/urdu plz/english Fatima/urdu apana/urdu ghar/urdu saf/urdu kar/urdu Lai/urdu khuda/urdu ka/urdu wasita/urdu
8ksTrbtyTco,Fake challenges. Last time ducky aur aroob ki dafa apny friends ko bula liya tha foos taste krny k ly. Is bar rhs Maha ko btaye bgr chef Le Aya. Chawal bnda.,yes,none,na,anger,Fake/english challenges./english Last/english time/english ducky/ambiguous aur/urdu aroob/ambiguous ki/urdu dafa/urdu apny/urdu friends/english ko/urdu bula/urdu liya/urdu tha/urdu foos/ambiguous taste/english krny/urdu k/urdu ly./urdu Is/english bar/urdu rhs/ambiguous Maha/ambiguous ko/urdu btaye/urdu bgr/urdu chef/english Le/urdu Aya./urdu Chawal/urdu bnda./urdu
nqbNLe84dpM,Aapane to kaha tha jab banane dushman ki vajah se bhi likh dungi😊❤,yes,none,na,joy,Aapane/urdu to/urdu kaha/urdu tha/urdu jab/urdu banane/urdu dushman/urdu ki/urdu vajah/urdu se/urdu bhi/urdu likh/urdu dungi/urdu
gvG35CxYOLg,"Shahveer bhai Piles hojaye gi. 
Gaand sa bleeding ho gi",yes,offensive,na,anger,Shahveer/ambiguous bhai/urdu Piles/english hojaye/urdu gi/urdu Gaand/urdu sa/urdu bleeding/english ho/urdu gi/urdu
nqbNLe84dpM,Ducky bhai ne to pora chips hi kha liya tha,no,none,na,joy,Ducky/english bhai/urdu ne/urdu to/urdu pora/urdu chips/english hi/urdu kha/urdu liya/urdu tha/urdu
IMnXqYDHhZI,Wife ho tu rajab butt ki eman jesi Allah ka bara fazlo o karam h achi obident bevi ka hona 🎉 eman bhabhi stay blessed ❤ Allah kanwal api ko hadayt dy very good susral Mila h isko… na-shukri aurat,yes,offensive,na,joy|anger,Wife/english ho/urdu tu/urdu rajab/urdu butt/urdu ki/urdu eman/urdu jesi/urdu Allah/urdu ka/urdu bara/urdu fazlo/urdu o/urdu karam/urdu h/urdu achi/urdu obident/english bevi/urdu ka/urdu hona/urdu 🎉/ambiguous eman/urdu bhabhi/urdu stay/english blessed/english ❤/ambiguous Allah/urdu kanwal/urdu api/urdu ko/urdu hadayt/urdu dy/urdu very/english good/english susral/urdu Mila/urdu h/urdu isko/urdu na-shukri/urdu aurat/urdu
nqbNLe84dpM,15.20 iqra appi ka reaction  bhut mst tha,no,none,na,joy,ambiguous/ambiguous iqra/ambiguous appi/urdu ka/urdu reaction/english bhut/urdu mst/urdu tha/urdu
WJxfQWiP9DQ,Imran Riaz khan Tum jhoot bol rahay Pakistan 🇵🇰 Taraqi Kar Raha hai  😅😅,yes,offensive,na,anger|joy,Imran/ambiguous Riaz/ambiguous khan/ambiguous Tum/urdu jhoot/urdu bol/urdu rahay/urdu Pakistan/english 🇵🇰/ambiguous Taraqi/urdu Kar/urdu Raha/urdu hai/urdu 😅😅/ambiguous
BmpRnfu16YA,Bahut achcha hai Fatima❤❤❤❤,no,none,na,joy,Bahut/urdu achcha/urdu hai/urdu Fatima/ambiguous
gvG35CxYOLg,"Bhai Ek bar aniqa k saat video banao apki old partner Canada wali 
KAHA Hain wo aaj Kal unko dhoond kar laao please",no,none,na,none,Bhai/urdu Ek/urdu bar/urdu aniqa/ambiguous k/urdu saat/urdu video/english banao/urdu apki/urdu old/english partner/english Canada/english wali/urdu KAHA/urdu Hain/urdu wo/urdu aaj/urdu Kal/urdu unko/urdu dhoond/urdu kar/urdu laao/urdu please/english
gvG35CxYOLg,Bhai tatti Karne ke bad 💀,yes,none,na,joy,Bhai/urdu tatti/urdu Karne/urdu ke/urdu bad/urdu 💀/ambiguous
N-0DINjOMlY,Mashallah mashallah welcome back Pakistan hair harihar se Pakistan Aaye khush rahe abad rahe hamari duaaen aapke sath hai 🤲😍🤗,no,none,na,joy,Mashallah/urdu mashallah/urdu welcome/english back/english Pakistan/english hair/ambiguous harihar/urdu se/urdu Pakistan/english Aaye/urdu khush/urdu rahe/urdu abad/urdu rahe/urdu hamari/urdu duaaen/urdu aapke/urdu sath/urdu hai/urdu 🤲😍🤗/ambiguous
XHQrr9fmTkc,Ap ka ghar kis haha per ha manay ap kay ghar ana ha,no,none,na,none,Ap/urdu ka/urdu ghar/urdu kis/urdu haha/ambiguous per/urdu ha/urdu manay/urdu ap/urdu kay/urdu ghar/urdu ana/urdu ha/urdu
-w7eMfsuRgA,Jo soch liya wo ho ker ra he ga,no,none,na,none,Jo/urdu soch/urdu liya/urdu wo/urdu ho/urdu ker/urdu ra/urdu he/urdu ga/urdu
BaMLBWWvNHA,Waise fitna toh bhi toh ha sbke sab sistralgy 😂toh maaz saffdar toh aur woh sbke fitna hai,yes,offensive,na,joy|anger,Waise/urdu fitna/urdu toh/urdu bhi/urdu toh/urdu ha/urdu sbke/urdu sab/urdu sistralgy/english 😂toh/ambiguous maaz/urdu saffdar/urdu toh/urdu aur/urdu woh/urdu sbke/urdu fitna/urdu hai/urdu
4k0ZV0UFZSw,Aoa Imran Bhai kindly punjab k minister na teachers k lia bhhht buri language use ke ha tamam teacher bradri usk resign ka mutalba krti ha or bhhht preshan hn kindly in k lia awaz uthain thanks,no,offensive,na,anger|sadness,urdu/urdu english/english urdu/urdu english/english urdu/urdu urdu/urdu urdu/urdu urdu/urdu urdu/urdu urdu/urdu urdu/urdu urdu/urdu urdu/urdu english/english urdu/urdu urdu/urdu urdu/urdu urdu/urdu urdu/urdu urdu/urdu urdu/urdu urdu/urdu urdu/urdu urdu/urdu urdu/urdu urdu/urdu urdu/urdu english/english urdu/urdu urdu/urdu urdu/urdu urdu/urdu urdu/urdu english/english
zfjRK9s0pjA,Mard kabhi no rota Lakin jab osky ghar Bati paida hoti ha to wo ro hi jata ha😢,no,none,na,sadness,Mard/urdu kabhi/urdu no/urdu rota/urdu Lakin/urdu jab/urdu osky/urdu ghar/urdu Bati/urdu paida/urdu hoti/urdu ha/urdu to/urdu wo/urdu ro/urdu hi/urdu jata/urdu ha/urdu
zfjRK9s0pjA,Areeb itna mota ha ke mughe laga iqra ke osntmen100000000 Bache ho ge areeb or iqra tap tap bawoo😮,yes,offensive,na,surprise|joy,Areeb/ambiguous itna/urdu mota/urdu ha/urdu ke/urdu mughe/urdu laga/urdu iqra/ambiguous ke/urdu osntmen100000000/english Bache/urdu ho/urdu ge/urdu areeb/ambiguous or/english iqra/ambiguous tap/urdu tap/urdu bawoo/urdu
N-0DINjOMlY,Rajab butt say apka taluq khatam ho gya hai kia?,yes,none,na,surprise,Rajab/ambiguous butt/ambiguous say/urdu apka/urdu taluq/urdu khatam/urdu ho/urdu gya/urdu hai/urdu kia/urdu
eY0i4nBXqdY,Ma ap. Ki baut. Bari fan h,no,none,na,joy,Ma/urdu ap./urdu Ki/urdu baut./urdu Bari/urdu fan/english h/urdu
zfjRK9s0pjA,Lipstick laga k phr ready ho gyi h Toba konsi aag lagi hoi h labour room mai b mekup kr k bethi h,yes,none,na,anger|surprise,Lipstick/english laga/urdu k/urdu phr/urdu ready/english ho/urdu gyi/urdu h/urdu Toba/urdu konsi/urdu aag/urdu lagi/urdu hoi/urdu h/urdu labour/english room/english mai/urdu b/urdu mekup/english kr/urdu k/urdu bethi/urdu h/urdu
-w7eMfsuRgA,Turkey walon ka pm alamti ha or hamary wala kushamti ha,yes,offensive,na,anger,Turkey/english walon/urdu ka/urdu pm/english alamti/urdu ha/urdu or/urdu hamary/urdu wala/urdu kushamti/urdu ha/urdu
N-0DINjOMlY,"Kanjars 
Beti bhi kanjri bnay gi",no,hate,na,anger,Kanjars/urdu Beti/urdu bhi/urdu kanjri/urdu bnay/urdu gi/urdu
VUKai4CZSNw,Very nice DUCKY BHAI 💙💙🖤💛💛🤣,no,none,na,joy,Very/english nice/english DUCKY/english BHAI/urdu 💙💙🖤💛💛🤣/ambiguous
zXAAAXogJ78,Khana km rkhna tha tb mza ata asy challenge ka.sirf 1 pizza 1 wrap  bs atna k hota,yes,none,na,joy,Khana/urdu km/urdu rkhna/urdu tha/urdu tb/urdu mza/urdu ata/urdu asy/urdu challenge/english ka.sirf/urdu 1/ambiguous pizza/english 1/ambiguous wrap/english bs/urdu atna/urdu k/urdu hota/urdu
Erif7Vj9NSQ,AP log dupatta  pan kr nikala Karen,yes,none,na,anger,AP/ambiguous log/urdu dupatta/urdu pan/urdu kr/urdu nikala/urdu Karen/english
FH8OUP2_sN4,saad bhai mwea lea bhi la kr ana plz,no,none,na,none,saad/ambiguous bhai/urdu mwea/urdu lea/urdu bhi/urdu la/urdu kr/urdu ana/urdu plz/english
XHQrr9fmTkc,api apny vilog ma to masti karti hobbut hor sab ky vilog  ma itni maskeen hy allah is ka kaya reason?😊,yes,none,na,joy|sadness,api/urdu apny/urdu vilog/urdu ma/urdu to/urdu masti/urdu karti/urdu hobbut/urdu hor/urdu sab/urdu ky/urdu vilog/urdu ma/urdu itni/urdu maskeen/urdu hy/urdu allah/urdu is/english ka/urdu kaya/urdu reason/english
WJxfQWiP9DQ,Jo Hoga hojai Khan Bahar nahe ana chaye Munir sahib 😂😂,yes,none,na,joy,Jo/urdu Hoga/urdu hojai/urdu Khan/urdu Bahar/urdu nahe/urdu ana/urdu chaye/urdu Munir/urdu sahib/urdu 😂😂/ambiguous
BaMLBWWvNHA,Sale kutee tenu ta ene paise v nhi aunde vlogs de jine tere jije rajab bahi di shadi. Tey sare dosto ne oudaa dite kute sale tu gal karda rajab bhai jine tenu paise aunde ne vlogs de sirf ik jane de paise count karle rajab bhai de dosto ne shadi tey oudaye ne sala fudi tu sake aunty nal viah karvaya gal karda sala sare view check kar tere vlogs de lun de tope jine v view nhi hege sake aone jije da naam liya rajab bhai view lene aa vaise hi jija bol rajab bhai nu jine marzi view le kutta sala teri teri aunty teri wife di bund fat duuga ake ager bhai mere bhai rajab bare kuj v boliya sala lun mera chal nikal kutaa sala mai India punjab phele bund faad k baad me puchde aa tera kasoor ki aa .......🖕🏻,yes,hate,na,anger,Sale/urdu kutee/urdu tenu/urdu ta/urdu ene/urdu paise/urdu v/urdu nhi/urdu aunde/urdu vlogs/english de/urdu jine/urdu tere/urdu jije/urdu rajab/urdu bahi/urdu di/urdu shadi/urdu Tey/urdu sare/urdu dosto/urdu ne/urdu oudaa/urdu dite/urdu kute/urdu sale/urdu tu/urdu gal/urdu karda/urdu rajab/urdu bhai/urdu jine/urdu tenu/urdu paise/urdu aunde/urdu ne/urdu vlogs/english de/urdu sirf/urdu ik/urdu jane/urdu de/urdu paise/urdu count/english karle/urdu rajab/urdu bhai/urdu de/urdu dosto/urdu ne/urdu shadi/urdu tey/urdu oudaye/urdu ne/urdu sala/urdu fudi/urdu tu/urdu sake/urdu aunty/urdu nal/urdu viah/urdu karvaya/urdu gal/urdu karda/urdu sala/urdu sare/urdu view/english check/english kar/urdu tere/urdu vlogs/english de/urdu lun/urdu de/urdu tope/urdu jine/urdu v/urdu view/english nhi/urdu hege/urdu sake/urdu aone/urdu jije/urdu da/urdu naam/urdu liya/urdu rajab/urdu bhai/urdu view/english lene/urdu aa/urdu vaise/urdu hi/urdu jija/urdu bol/urdu rajab/urdu bhai/urdu nu/urdu jine/urdu marzi/urdu view/english le/urdu kutta/urdu sala/urdu teri/urdu teri/urdu aunty/urdu teri/urdu wife/english di/urdu bund/urdu fat/urdu duuga/urdu ake/urdu ager/urdu bhai/urdu mere/urdu bhai/urdu rajab/urdu bare/urdu kuj/urdu v/urdu boliya/urdu sala/urdu lun/urdu mera/urdu chal/urdu nikal/urdu kutaa/urdu sala/urdu mai/urdu India/english punjab/urdu phele/urdu bund/urdu faad/urdu k/urdu baad/urdu me/urdu puchde/urdu aa/urdu tera/urdu kasoor/urdu ki/urdu aa/urdu .......🖕🏻/ambiguous
EyrNOfyxSBQ,Mubarak ho tumhare 6 milian ho gaye hain,no,none,na,joy,Mubarak/urdu ho/urdu tumhare/urdu 6/ambiguous milian/urdu ho/urdu gaye/urdu hain/urdu
VUKai4CZSNw,Subscribe kar k dakh lo 🥲,yes,none,na,none,Subscribe/english kar/urdu k/urdu dakh/urdu lo/urdu 🥲/ambiguous
BmpRnfu16YA,Fatima me ap ka fan   Pakistan,no,none,na,joy,urdu/ambiguous urdu/urdu urdu/urdu urdu/urdu english/english urdu/ambiguous
BaMLBWWvNHA,"Bhai ap ny bilkul si Faisala kia ha Al mil apni sister pash Karyn Rajab ko 
Acha Tum kah rahy ho ka Rajab Bhai Mary kabil nahi ha apny subscriber to Dekho or apny Dekho acha ap lag rahy ho ka Rajab Bhai khandani nahi ha to ap kon sa khandani hyn pehli bat ma nai manta ka Rajab Bhai ko ap ny passy deya tha Un ki baray par or age deya b hyn to fosroo ko btany ki kia zaroorat ha bataow ap na ya bat khandani bandy wali ki ha kia btaow o hoo sorry ma tumhyn ap kah kar Bula Raha tha oy bat sun loly😅",yes,offensive,na,anger|surprise,Bhai/urdu ap/urdu ny/urdu bilkul/urdu si/urdu Faisala/urdu kia/urdu ha/urdu Al/ambiguous mil/urdu apni/urdu sister/english pash/urdu Karyn/urdu Rajab/urdu ko/urdu Acha/urdu Tum/urdu kah/urdu rahy/urdu ho/urdu ka/urdu Rajab/urdu Bhai/urdu Mary/english kabil/urdu nahi/urdu ha/urdu apny/urdu subscriber/english to/urdu Dekho/urdu or/urdu apny/urdu Dekho/urdu acha/urdu ap/urdu lag/urdu rahy/urdu ho/urdu ka/urdu Rajab/urdu Bhai/urdu khandani/urdu nahi/urdu ha/urdu to/urdu ap/urdu kon/urdu sa/urdu khandani/urdu hyn/urdu pehli/urdu bat/urdu ma/urdu nai/urdu manta/urdu ka/urdu Rajab/urdu Bhai/urdu ko/urdu ap/urdu ny/urdu passy/urdu deya/urdu tha/urdu Un/urdu ki/urdu baray/urdu par/urdu or/urdu age/urdu deya/urdu b/urdu hyn/urdu to/urdu fosroo/urdu ko/urdu btany/urdu ki/urdu kia/urdu zaroorat/urdu ha/urdu bataow/urdu ap/urdu na/urdu ya/urdu bat/urdu khandani/urdu bandy/urdu wali/urdu ki/urdu ha/urdu kia/urdu btaow/urdu o/urdu hoo/urdu sorry/english ma/urdu tumhyn/urdu ap/urdu kah/urdu kar/urdu Bula/urdu Raha/urdu tha/urdu oy/urdu bat/urdu sun/urdu loly/english
IMnXqYDHhZI,Main bi apka vlog on kr ky khana khati ho vlog apka na laga howa ho to mujsy khana ni kheya jata 😢,no,none,na,sadness,Main/urdu bi/urdu apka/urdu vlog/english on/english kr/urdu ky/urdu khana/urdu khati/urdu ho/urdu vlog/english apka/urdu na/urdu laga/urdu howa/urdu ho/urdu to/urdu mujsy/urdu khana/urdu ni/urdu kheya/urdu jata/urdu 😢/ambiguous
nqbNLe84dpM,Kisi or k liy bura sochy gy to khd usi khdy mein gir gy 😂,yes,none,na,joy,Kisi/urdu or/urdu k/urdu liy/urdu bura/urdu sochy/urdu gy/urdu to/urdu khd/urdu usi/urdu khdy/urdu mein/urdu gir/urdu gy/urdu 😂/ambiguous
IMnXqYDHhZI,"Plate mein tou tumhain mila hai jo kuttey ki tarah bhonk rahi ho Baki logo ko apni aukaat mein reh changri aurat ,bolna seek lo pehlay jaahil 🤬",yes,offensive,na,anger,urdu/urdu urdu/urdu urdu/urdu urdu/urdu urdu/urdu urdu/urdu urdu/urdu urdu/urdu urdu/urdu urdu/urdu urdu/urdu urdu/urdu urdu/urdu urdu/urdu urdu/urdu urdu/urdu urdu/urdu urdu/urdu urdu/urdu urdu/urdu urdu/urdu urdu/urdu urdu/urdu urdu/urdu urdu/urdu urdu/urdu urdu/urdu ambiguous/ambiguous
nqbNLe84dpM,Hahaha bht maza aya has has  ke bura Hal hogaya 😂😅,no,none,na,joy,english/ambiguous urdu/urdu urdu/urdu urdu/urdu urdu/urdu urdu/urdu urdu/urdu urdu/urdu urdu/urdu urdu/urdu english/ambiguous
PKFU1F2QEMQ,Mina AP ki porani video b dakhi ha waqy hi AP NY boht mahnt ki ha mashallha allha AP ko khosh rakhy nasiba achy kary,no,none,na,joy,Mina/ambiguous AP/english ki/urdu porani/urdu video/english b/urdu dakhi/urdu ha/urdu waqy/urdu hi/urdu AP/english NY/urdu boht/urdu mahnt/urdu ki/urdu ha/urdu mashallha/urdu allha/urdu AP/english ko/urdu khosh/urdu rakhy/urdu nasiba/urdu achy/urdu kary/urdu
8ksTrbtyTco,Shahveer lost all respect constantly using these boycotted products shows aur educated uneducated you are,no,offensive,na,anger,Shahveer/ambiguous lost/english all/english respect/english constantly/english using/english these/english boycotted/english products/english shows/english aur/urdu educated/english uneducated/english you/english are/english
hhFGhAo4ZfY,Hasan ki ankhon par pati bandhain,yes,none,na,joy,Hasan/ambiguous ki/urdu ankhon/urdu par/urdu pati/urdu bandhain/urdu
VUKai4CZSNw,Bhai ap Hussain sa badla nhi lia,no,none,na,anger,Bhai/urdu ap/urdu Hussain/ambiguous sa/urdu badla/urdu nhi/urdu lia/urdu
HeZ2VBdJeOk,❤❤❤❤thanks for ap deat Bahi jan ❤❤,no,none,na,joy,ambiguous/ambiguous thanks/english for/english ap/urdu deat/english Bahi/urdu jan/urdu
BljaIOvFkcM,Imran Khan shb All Muslims world ke jaan han,no,none,na,joy,Imran/ambiguous Khan/ambiguous shb/urdu All/english Muslims/english world/english ke/urdu jaan/urdu han/urdu
zfjRK9s0pjA,FIR aap bhi aapko Allahabad hamesha khush rakhega,no,none,na,joy,english/english aap/urdu bhi/urdu aapko/urdu Allahabad/ambiguous hamesha/urdu khush/urdu rakhega/urdu
eY0i4nBXqdY,Aap ki sabse pyari lagti ho Fatima,no,none,na,joy,Aap/urdu ki/urdu sabse/urdu pyari/urdu lagti/urdu ho/urdu Fatima/ambiguous
BljaIOvFkcM,tum b koch sahram kr lo,yes,none,na,anger,tum/urdu b/ambiguous koch/urdu sahram/urdu kr/urdu lo/urdu
HeZ2VBdJeOk,Real dushman tou app ho is mulak Kay pata nahi kon rat ko akay apko kahta hy k establishment na ya kha is ko marnay ka kaha Khuda ka wasta hay yar kam chora karo,yes,offensive,na,anger,english/english urdu/urdu urdu/urdu urdu/urdu urdu/urdu urdu/urdu urdu/urdu urdu/urdu urdu/urdu urdu/urdu urdu/urdu urdu/urdu urdu/urdu urdu/urdu urdu/urdu urdu/urdu urdu/urdu urdu/urdu english/english urdu/urdu urdu/urdu urdu/urdu urdu/urdu urdu/urdu urdu/urdu urdu/urdu urdu/urdu urdu/urdu urdu/urdu urdu/urdu urdu/urdu urdu/urdu urdu/urdu
zXAAAXogJ78,Hi zulqarnain mj apke vlog ache lgte ha or mj ap bht bht pasd ho mj ap pr crush ha crush ❤❤❤❤❤❤❤😂😂😂😅,no,none,na,joy,Hi/english zulqarnain/urdu mj/urdu apke/urdu vlog/english ache/urdu lgte/urdu ha/urdu or/urdu mj/urdu ap/urdu bht/urdu bht/urdu pasd/urdu ho/urdu mj/urdu ap/urdu pr/urdu crush/english ha/urdu crush/english
hhFGhAo4ZfY,Mera level ka ha tu😅😂😂By Muhammad,yes,none,na,joy,Mera/urdu level/english ka/urdu ha/urdu tu/urdu
WJxfQWiP9DQ,"System koi b nahi Chala Saka Pakistan ka 
Q K JO  iqtedar ma ata hai wo apny apko sab sy taqatwar samjhna shero kr deta hai apni ayashiyon  ma par jata hai 
Lakin awam ka koi nahi sochta 
IMRAN KHAN Saab ki hakumat ma b yahi howa tha 
Yahi haqeeqat hai",yes,none,na,anger|sadness,System/english koi/urdu b/urdu nahi/urdu Chala/urdu Saka/urdu Pakistan/urdu ka/urdu Q/ambiguous K/ambiguous JO/urdu iqtedar/urdu ma/urdu ata/urdu hai/urdu wo/urdu apny/urdu apko/urdu sab/urdu sy/urdu taqatwar/urdu samjhna/urdu shero/urdu kr/urdu deta/urdu hai/urdu apni/urdu ayashiyon/urdu ma/urdu par/urdu jata/urdu hai/urdu Lakin/urdu awam/urdu ka/urdu koi/urdu nahi/urdu sochta/urdu IMRAN/urdu KHAN/urdu Saab/urdu ki/urdu hakumat/urdu ma/urdu b/urdu yahi/urdu howa/urdu tha/urdu Yahi/urdu haqeeqat/urdu hai/urdu
BaMLBWWvNHA,Role model oska sidhu tha 😂 or tumne oske fame ni tomare shotout se koi farq ni pre ga os or wesi bi veiws ache ai he apko.,yes,none,na,joy|anger,Role/english model/english oska/urdu sidhu/urdu tha/urdu 😂/ambiguous or/urdu tumne/urdu oske/urdu fame/english ni/urdu tomare/urdu shotout/english se/urdu koi/urdu farq/urdu ni/urdu pre/urdu ga/urdu os/urdu or/urdu wesi/urdu bi/urdu veiws/english ache/urdu ai/urdu he/urdu apko/urdu
N-0DINjOMlY,Baki kiya Malaysia sasta hai pak se le lety phir bachi ko de dety koi khas Malaysia ki cheez hoty wo paisa hai letay wese fazool khurchi Dyson ka le liya but sb sell kr rahay hen ajj Kal aor AP ne abi liya review s tou lety,yes,none,na,anger,Baki/urdu kiya/urdu Malaysia/english sasta/urdu hai/urdu pak/urdu se/urdu le/urdu lety/urdu phir/urdu bachi/urdu ko/urdu de/urdu dety/urdu koi/urdu khas/urdu Malaysia/english ki/urdu cheez/urdu hoty/urdu wo/urdu paisa/urdu hai/urdu letay/urdu wese/urdu fazool/urdu khurchi/urdu Dyson/english ka/urdu le/urdu liya/urdu but/english sb/urdu sell/english kr/urdu rahay/urdu hen/urdu ajj/urdu Kal/urdu aor/urdu AP/english ne/urdu abi/urdu liya/urdu review/english s/urdu tou/urdu lety/urdu
zXAAAXogJ78,Sach mei apno k door jane sy dil buhat dukhta hai 😢,no,none,na,sadness,Sach/urdu mei/urdu apno/urdu k/urdu door/urdu jane/urdu sy/urdu dil/urdu buhat/urdu dukhta/urdu hai/urdu 😢/ambiguous
IMnXqYDHhZI,Kanwal appi apbko Nazar ki itni tension Hoti h to AP vlogs mat banaya kare 😢,yes,none,na,sadness|anger,Kanwal/ambiguous appi/urdu apbko/urdu Nazar/urdu ki/urdu itni/urdu tension/english Hoti/urdu h/urdu to/urdu AP/english vlogs/english mat/urdu banaya/urdu kare/urdu 😢/ambiguous
BmpRnfu16YA,Haya ki marriage hui hai,no,none,na,surprise,Haya/ambiguous ki/urdu marriage/english hui/urdu hai/urdu
EyrNOfyxSBQ,Aapka last wala seen bahut dukhi tha,no,none,na,sadness,Aapka/urdu last/english wala/urdu seen/english bahut/urdu dukhi/urdu tha/urdu
BljaIOvFkcM,"Salaam Imran Riyaz Bhai jan

Love you brother",no,none,na,joy,Salaam/urdu Imran/ambiguous Riyaz/ambiguous Bhai/urdu jan/urdu Love/english you/english brother/english
8ksTrbtyTco,"MashAllah how cute 
Kiu dala haya ap ne us me salt",yes,none,na,joy|surprise,MashAllah/urdu how/english cute/english Kiu/urdu dala/urdu haya/urdu ap/urdu ne/urdu us/urdu me/urdu salt/english
PKFU1F2QEMQ,I am Emiriaca I am Muslim name Ahsan main pehli Baar Pakistan arha hu AP se Milne main AP ka fan hu comment ka joab dena,no,none,na,joy,I/english am/english Emiriaca/ambiguous I/english am/english Muslim/english name/english Ahsan/urdu main/urdu pehli/urdu Baar/urdu Pakistan/urdu arha/urdu hu/urdu AP/urdu se/urdu Milne/urdu main/urdu AP/urdu ka/urdu fan/english hu/urdu comment/english ka/urdu joab/urdu dena/urdu
VUKai4CZSNw,ducky bhai plz doreamon ki city jana plzzzz or nobita ke gharr bhiiiiii❤😊 plzzzzzzzzzzz,no,none,na,joy,ducky/english bhai/urdu plz/english doreamon/english ki/urdu city/english jana/urdu plzzzz/english or/urdu nobita/english ke/urdu gharr/urdu bhiiiiii/urdu plzzzzzzzzzzz/english
XHQrr9fmTkc,API  fatima please 🙏 Iqra API ko kahe ke anaviya ka face reveal karde  please 🥺,no,none,na,joy,english/ambiguous urdu/ambiguous english/ambiguous ambiguous/ambiguous urdu/ambiguous english/ambiguous urdu/ambiguous urdu/ambiguous urdu/ambiguous urdu/ambiguous english/ambiguous english/ambiguous urdu/ambiguous english/ambiguous ambiguous/ambiguous
BaMLBWWvNHA,"I knew that. Rajab ki ek video hai jisme wo Amma Ayesha k khilaf bkwas kr rha hai. Mn usi din se iski asliyat smjh gya tha.

Keep growing zulqarnain❤",no,offensive,na,anger,I/english knew/english that./english Rajab/urdu ki/urdu ek/urdu video/urdu hai/urdu jisme/urdu wo/urdu Amma/urdu Ayesha/urdu k/urdu khilaf/urdu bkwas/urdu kr/urdu rha/urdu hai./urdu Mn/urdu usi/urdu din/urdu se/urdu iski/urdu asliyat/urdu smjh/urdu gya/urdu tha./urdu Keep/english growing/english zulqarnain/urdu
VUKai4CZSNw,Aroob bhi dog lake chalti ha,yes,none,na,none,Aroob/ambiguous bhi/urdu dog/english lake/english chalti/urdu ha/urdu
BaMLBWWvNHA,Zulqarnain tumhari oqat nahi hai k tum rajab sy koi rishta rakh sako lanat tum pr tum sy acha toh ducky hai joh apny ap mein rahta hai,no,offensive,na,anger,Zulqarnain/ambiguous tumhari/urdu oqat/urdu nahi/urdu hai/urdu k/urdu tum/urdu rajab/ambiguous sy/urdu koi/urdu rishta/urdu rakh/urdu sako/urdu lanat/urdu tum/urdu pr/urdu tum/urdu sy/urdu acha/urdu toh/urdu ducky/english hai/urdu joh/urdu apny/urdu ap/urdu mein/urdu rahta/urdu hai/urdu
IMnXqYDHhZI,Zulqarnin Bhai ap Vlog bana ❤ zulqarnin I love you ❤❤❤❤❤❤❤❤❤❤❤❤,no,none,na,joy,Zulqarnin/ambiguous Bhai/urdu ap/urdu Vlog/english bana/urdu ❤/ambiguous zulqarnin/ambiguous I/english love/english you/english ❤❤❤❤❤❤❤❤❤❤❤❤/ambiguous
8ksTrbtyTco,"Shahveer not cooked properly 
Tuka tha sub aur acha ban gaya 
Opposite team ki larki not confused professional tariqe se sub daal rahi thi 
Know every ingredients",no,offensive,na,anger,Shahveer/ambiguous not/english cooked/english properly/english Tuka/urdu tha/urdu sub/urdu aur/urdu acha/urdu ban/urdu gaya/urdu Opposite/english team/english ki/urdu larki/urdu not/english confused/english professional/english tariqe/urdu se/urdu sub/urdu daal/urdu rahi/urdu thi/urdu Know/english every/english ingredients/english
zfjRK9s0pjA,Me kbi apki video ko itna Gor se nhi dekha .. lkn beti sb ki sanjhi hoti hn...❤,no,none,na,joy,Me/urdu kbi/urdu apki/urdu video/english ko/urdu itna/urdu Gor/urdu se/urdu nhi/urdu dekha/urdu ../ambiguous lkn/urdu beti/urdu sb/urdu ki/urdu sanjhi/urdu hoti/urdu hn/urdu
HeZ2VBdJeOk,SIR G ES 1000. SALA PR 76 SALA GOBR KHOR GHULAMM BOZDIL BAGHRAT BASHARUM KAMASL KOAM KA KEIA BANA GA KEIA HOGA. HAQIQI AZAADI KA KEIA HOGA KEIA BANA GA. JESA K ZALIL AWAMM WASA HI RAZIL HOKUMRAN YAHI HA QUDRAT KA QANON....,yes,offensive,na,anger,urdu/ambiguous urdu/ambiguous english/ambiguous english/ambiguous urdu/ambiguous english/ambiguous english/ambiguous urdu/ambiguous urdu/ambiguous urdu/ambiguous urdu/ambiguous urdu/ambiguous urdu/ambiguous urdu/ambiguous urdu/ambiguous urdu/ambiguous urdu/ambiguous urdu/ambiguous urdu/ambiguous urdu/ambiguous urdu/ambiguous urdu/ambiguous urdu/ambiguous urdu/ambiguous urdu/ambiguous urdu/ambiguous urdu/ambiguous urdu/ambiguous urdu/ambiguous urdu/ambiguous urdu/ambiguous urdu/ambiguous urdu/ambiguous urdu/ambiguous urdu/ambiguous urdu/ambiguous urdu/ambiguous urdu/ambiguous urdu/ambiguous urdu/ambiguous urdu/ambiguous urdu/ambiguous
N-0DINjOMlY,Kanwal apko apny hasbnd se bat karne ki tameez nhi ha,no,offensive,na,anger,Kanwal/ambiguous apko/urdu apny/urdu hasbnd/urdu se/urdu bat/urdu karne/urdu ki/urdu tameez/urdu nhi/urdu ha/urdu
EyrNOfyxSBQ,Sistrology family bohat achi ha lakin on sab ma sab sa achi fatima lAgti ha muja kis kis ko Fatima achi lAgti ha dakhta ha ❤❤❤,no,none,na,joy,Sistrology/english family/english bohat/urdu achi/urdu ha/urdu lakin/urdu on/urdu sab/urdu ma/urdu sab/urdu sa/urdu achi/urdu fatima/urdu lAgti/urdu ha/urdu muja/urdu kis/urdu kis/urdu ko/urdu Fatima/urdu achi/urdu lAgti/urdu ha/urdu dakhta/urdu ha/urdu ❤❤❤/ambiguous
XHQrr9fmTkc,"Assalam o alaikum to all 🤝 
Mae bhi apnae ghar ki Fatima Faisal he hun💓 Allah ji har larki ko apnae hifzo aman mein rakhae hamesha hasnti muskartae rakhae Ameen SumaAmeen 🤲🏻 🙏🏻 🥹 ♥️ 🌸 💐",no,none,na,joy,Assalam/urdu o/urdu alaikum/urdu to/english all/english 🤝/ambiguous Mae/urdu bhi/urdu apnae/urdu ghar/urdu ki/urdu Fatima/urdu Faisal/urdu he/urdu hun/urdu Allah/urdu ji/urdu har/urdu larki/urdu ko/urdu apnae/urdu hifzo/urdu aman/urdu mein/urdu rakhae/urdu hamesha/urdu hasnti/urdu muskartae/urdu rakhae/urdu Ameen/urdu SumaAmeen/urdu 🤲🏻/ambiguous 🙏🏻/ambiguous 🥹/ambiguous ♥️/ambiguous 🌸/ambiguous 💐/ambiguous
IMnXqYDHhZI,Jojo Jija Apne fenk Diya Aap Mujhe Dena Mai ke teen bacchon ko Dungi,yes,none,na,anger,Jojo/ambiguous Jija/urdu Apne/urdu fenk/urdu Diya/urdu Aap/urdu Mujhe/urdu Dena/urdu Mai/urdu ke/urdu teen/urdu bacchon/urdu ko/urdu Dungi/urdu
nqbNLe84dpM,Jolo chip Kahan Sy liya hay,no,none,na,none,english/english urdu/english urdu/urdu urdu/urdu urdu/urdu urdu/urdu
PKFU1F2QEMQ,Khul na Sim Sim to Kam nhi aha par nisi ne pic he chup ke kholdia,yes,none,na,surprise,Khul/urdu na/urdu Sim/ambiguous Sim/ambiguous to/urdu Kam/urdu nhi/urdu aha/urdu par/urdu nisi/urdu ne/urdu pic/english he/urdu chup/urdu ke/urdu kholdia/urdu
-w7eMfsuRgA,Allah pak un Gernals ko taba karay jin ki waja say pakistan ya halat hain Allah pak un ki nasal Barbad karay ameen Summa ameen,no,hate,na,anger,Allah/urdu pak/urdu un/urdu Gernals/english ko/urdu taba/urdu karay/urdu jin/urdu ki/urdu waja/urdu say/urdu pakistan/urdu ya/urdu halat/urdu hain/urdu Allah/urdu pak/urdu un/urdu ki/urdu nasal/urdu Barbad/urdu karay/urdu ameen/urdu Summa/urdu ameen/urdu
eY0i4nBXqdY,Jaise aapki car ka tire aise ho gaya tha waise ham bhi by car AA the the saudia se toh udar hamara bhi tire aise ho gaya tha aur maine apko Snapchat main. Add Kiya tha accept kar lo na plz,no,none,na,none,Jaise/urdu aapki/urdu car/english ka/urdu tire/english aise/urdu ho/urdu gaya/urdu tha/urdu waise/urdu ham/urdu bhi/urdu by/english car/english AA/urdu the/urdu the/urdu saudia/urdu se/urdu toh/urdu udar/urdu hamara/urdu bhi/urdu tire/english aise/urdu ho/urdu gaya/urdu tha/urdu aur/urdu maine/urdu apko/urdu Snapchat/english main/urdu Add/english Kiya/urdu tha/urdu accept/english kar/urdu lo/urdu na/urdu plz/english
HeZ2VBdJeOk,Ye computer wali logic samajh main Nahi ayi sir,no,none,na,sadness,Ye/urdu computer/english wali/urdu logic/english samajh/urdu main/urdu Nahi/urdu ayi/urdu sir/english
zfjRK9s0pjA,Allah pak iqra or us ki bati ko sehat atah farmay,no,none,na,joy,Allah/urdu pak/urdu iqra/urdu or/urdu us/urdu ki/urdu bati/urdu ko/urdu sehat/urdu atah/urdu farmay/urdu
nqbNLe84dpM,Sab overacting kar raha tha siwaya Fatima ka,no,none,na,none,Sab/urdu overacting/english kar/urdu raha/urdu tha/urdu siwaya/urdu Fatima/ambiguous ka/urdu
BmpRnfu16YA,Fatima tum kisi ky comment ka ans kui Nahi deti,no,offensive,na,anger,urdu/urdu tum/urdu kisi/urdu ky/urdu comment/english ka/urdu ans/urdu kui/urdu Nahi/urdu deti/urdu
eY0i4nBXqdY,Achcha aapko Saudi government ne bulaya hai achcha Badi mayne rakhti ho mujhe to aisa lag raha hai itne bade bade log padhe tumhen bulaya hai tumhen Naam to Lena Nahin a raha hai airport per kya chij kya hai aur tum ho Sara oled bata rahi ho aur tumhen Saudi government ne bulaya Saudi government ne Nahin Kisi aur ne tumhen,yes,offensive,na,anger|surprise,Achcha/urdu aapko/urdu Saudi/english government/english ne/urdu bulaya/urdu hai/urdu achcha/urdu Badi/urdu mayne/urdu rakhti/urdu ho/urdu mujhe/urdu to/urdu aisa/urdu lag/urdu raha/urdu hai/urdu itne/urdu bade/urdu bade/urdu log/urdu padhe/urdu tumhen/urdu bulaya/urdu hai/urdu tumhen/urdu Naam/urdu to/urdu Lena/urdu Nahin/urdu a/urdu raha/urdu hai/urdu airport/english per/urdu kya/urdu chij/urdu kya/urdu hai/urdu aur/urdu tum/urdu ho/urdu Sara/urdu oled/ambiguous bata/urdu rahi/urdu ho/urdu aur/urdu tumhen/urdu Saudi/english government/english ne/urdu bulaya/urdu Saudi/english government/english ne/urdu Nahin/urdu Kisi/urdu aur/urdu ne/urdu tumhen/urdu
BmpRnfu16YA,Mashallah so beautiful. Bhai mein ghareeb hoon(ehsase kamtari)😂,yes,none,na,joy,Mashallah/urdu so/english beautiful/english Bhai/urdu mein/urdu ghareeb/urdu hoon/urdu ehsase/urdu kamtari/urdu
VUKai4CZSNw,Bhai please visit Doraemon village in Japan....?,no,none,na,joy,Bhai/urdu please/english visit/english Doraemon/english village/english in/english Japan/english
BaMLBWWvNHA,jaha rajab hoga vaha reviewz to mile ge na bhai,yes,none,na,anger,jaha/urdu rajab/urdu hoga/urdu vaha/urdu reviewz/english to/urdu mile/urdu ge/urdu na/urdu bhai/urdu
EyrNOfyxSBQ,"Kitne afsoos ki Baat hai Maa Baap apne bachon ko chor de Dunya ka Sokhte hai, Kaash ye Samajh sakte ke Dunya ne Kam nahi aana Apne aulad ne Ana hai 😔🙏",no,none,na,sadness,Kitne/urdu afsoos/urdu ki/urdu Baat/urdu hai/urdu Maa/urdu Baap/urdu apne/urdu bachon/urdu ko/urdu chor/urdu de/urdu Dunya/urdu ka/urdu Sokhte/urdu hai/urdu Kaash/urdu ye/urdu Samajh/urdu sakte/urdu ke/urdu Dunya/urdu ne/urdu Kam/urdu nahi/urdu aana/urdu Apne/urdu aulad/urdu ne/urdu Ana/urdu hai/urdu 😔🙏/ambiguous
gvG35CxYOLg,Ese km mat kia kro bhai awe mar gy to kia hoga 😂,yes,none,na,joy,Ese/urdu km/urdu mat/urdu kia/urdu kro/urdu bhai/urdu awe/urdu mar/urdu gy/urdu to/urdu kia/urdu hoga/urdu 😂/ambiguous
gvG35CxYOLg,Aapane yah baat bilkul theek ki ke jab Banda Mirchi khata hai na to foreign Nahin lagti 5 second bad lagti Hai you are very cute shaveer ❤❤❤❤❤❤❤❤❤❤❤❤❤❤❤❤❤❤❤❤❤❤❤❤❤❤❤bhai very cute,no,none,na,joy,Aapane/urdu yah/urdu baat/urdu bilkul/urdu theek/urdu ki/urdu ke/urdu jab/urdu Banda/urdu Mirchi/urdu khata/urdu hai/urdu na/urdu to/urdu foreign/english Nahin/urdu lagti/urdu 5/english second/english bad/urdu lagti/urdu Hai/urdu you/english are/english very/english cute/english shaveer/urdu bhai/urdu very/english cute/english
EyrNOfyxSBQ,Bohat achi B'nai ha logu ko pata to Chala Jo Bina galti ha bati bahen ko mar data ha afsos 😢,no,offensive,na,sadness|anger,Bohat/urdu achi/urdu B'nai/ambiguous ha/urdu logu/urdu ko/urdu pata/urdu to/urdu Chala/urdu Jo/urdu Bina/urdu galti/urdu ha/urdu bati/urdu bahen/urdu ko/urdu mar/urdu data/urdu ha/urdu afsos/urdu 😢/ambiguous
BmpRnfu16YA,Ayein to aap subha thi pr shayed vlog bnaty bnaty raat ho gyi aap ki mama ne aadha ghanta diya tha ......aadhy ghanty ka din 😳😃😉😁,yes,none,na,joy|surprise,Ayein/urdu to/urdu aap/urdu subha/urdu thi/urdu pr/urdu shayed/urdu vlog/english bnaty/urdu bnaty/urdu raat/urdu ho/urdu gyi/urdu aap/urdu ki/urdu mama/urdu ne/urdu aadha/urdu ghanta/urdu diya/urdu tha/urdu aadhy/urdu ghanty/urdu ka/urdu din/urdu 😳😃😉😁/ambiguous
N-0DINjOMlY,Please check dm bhai 😢😢😢😢,no,none,na,sadness,Please/english check/english dm/english bhai/urdu 😢😢😢😢/ambiguous
zfjRK9s0pjA,Allah pak seht day apnay bchon ki Koshish dheka🎉🎉🎉😊😊😊,no,none,na,joy,Allah/urdu pak/urdu seht/urdu day/urdu apnay/urdu bchon/urdu ki/urdu Koshish/urdu dheka/urdu
IMnXqYDHhZI,Jo chotye hoty ha mje Dy do plzzz meri betiyao ke liye,no,none,na,joy,Jo/urdu chotye/urdu hoty/urdu ha/urdu mje/urdu Dy/urdu do/english plzzz/english meri/urdu betiyao/urdu ke/urdu liye/urdu
N-0DINjOMlY,Aizal ki khushi mashAllah,no,none,na,joy,Aizal/ambiguous ki/urdu khushi/urdu mashAllah/urdu
VUKai4CZSNw,AROOB KO TLAQ DA DA BONADA TATTI    WADDI BOND WALE,yes,offensive,na,anger,AROOB/urdu KO/urdu TLAQ/urdu DA/urdu DA/urdu BONADA/urdu TATTI/urdu WADDI/urdu BOND/english WALE/urdu
BljaIOvFkcM,In pr koi asar nhe ho raha,no,none,na,sadness,english/ambiguous urdu/ambiguous urdu/urdu urdu/urdu urdu/urdu urdu/urdu urdu/urdu
IMnXqYDHhZI,Kanwal vlogging achi krti hai ap hi kro,no,none,na,none,Kanwal/ambiguous vlogging/english achi/urdu krti/urdu hai/urdu ap/urdu hi/urdu kro/urdu
IMnXqYDHhZI,Sister... jutiyon ko dekh k Ma shaa Allah nae bolte .... dushman zer ... bolte hn,yes,none,na,joy,Sister/english jutiyon/urdu ko/urdu dekh/urdu k/urdu Ma/urdu shaa/urdu Allah/urdu nae/urdu bolte/urdu ..../ambiguous dushman/urdu zer/urdu ..../ambiguous bolte/urdu hn/urdu
8ksTrbtyTco,"Yehi Kam IMTIAZ say bhi hosakta tha 
Lekin jo Mountain Dew ka add kar Sakta hai wo Kch bhi karey ga 
*Free Palestine 🇵🇸 *
Boycott boycott ISRAEL 🇮🇱🚫
Boycott boycott CARREFOUR 
Boycott boycott Shahveer jafry 🚫",yes,hate,na,anger,Yehi/urdu Kam/urdu IMTIAZ/urdu say/urdu bhi/urdu hosakta/urdu tha/urdu Lekin/urdu jo/urdu Mountain/english Dew/english ka/urdu add/english kar/urdu Sakta/urdu hai/urdu wo/urdu Kch/urdu bhi/urdu karey/urdu ga/urdu Free/english Palestine/english 🇵🇸/ambiguous */ambiguous Boycott/english boycott/english ISRAEL/english 🇮🇱🚫/ambiguous Boycott/english boycott/english CARREFOUR/english Boycott/english boycott/english Shahveer/urdu jafry/urdu 🚫/ambiguous
N-0DINjOMlY,"MashaAllah Aizal is very happy MashaAllah❤❤❤
Allah Ta'la Aizal ko Nazar-e-bad se bacahaye...
Ameen Sum Ameen🤲🤲🤲",no,none,na,joy,MashaAllah/urdu Aizal/ambiguous is/english very/english happy/english MashaAllah/urdu Allah/urdu Ta'la/urdu Aizal/ambiguous ko/urdu Nazar-e-bad/urdu se/urdu bacahaye/urdu Ameen/urdu Sum/english Ameen/urdu
zXAAAXogJ78,Best challanhe ever hans hans k nbura haal,yes,none,na,joy,Best/english challanhe/urdu ever/english hans/urdu hans/urdu k/urdu nbura/urdu haal/urdu
zfjRK9s0pjA,Allah  pak pak❤❤❤❤❤❤ aapke sath hai,no,none,na,joy,Allah/urdu pak/urdu pak/urdu aapke/urdu sath/urdu hai/urdu
nqbNLe84dpM,Hira API achi hia 😘😘😘😘😘😘,no,none,na,joy,urdu/urdu API/english achi/urdu hia/urdu 😘😘😘😘😘😘/ambiguous
IMnXqYDHhZI,Kanwal ki lalachi hu,yes,offensive,na,anger,Kanwal/ambiguous ki/urdu lalachi/urdu hu/urdu
XHQrr9fmTkc,"Sorry afi Mai ab tera vlog Nahi  dikhon gi sorry Ku kai Mera  tablet to Gaya Hai sorry sorry sorry; 😢😢😢😢😢😢❤, 😔 sorry 😢😢😢😢😢😢😢😢😢😢😢😢 I love you 😢😢😢😢😢😢😢❤❤❤",no,none,na,sadness,Sorry/english afi/urdu Mai/urdu ab/urdu tera/urdu vlog/english Nahi/urdu dikhon/urdu gi/urdu sorry/english Ku/urdu kai/urdu Mera/urdu tablet/english to/urdu Gaya/urdu Hai/urdu sorry/english sorry/english sorry/english 😢😢😢😢😢😢❤/ambiguous 😔/ambiguous sorry/english 😢😢😢😢😢😢😢😢😢😢😢😢/ambiguous I/english love/english you/english 😢😢😢😢😢😢😢❤❤❤/ambiguous
8ksTrbtyTco,Shaveer bhai apki wife ko cooking mai.. mai beat kr sakti hn ab tak ap ne jitny b cooking challenge kiy hai us mai your wife won but mai ayesha k sth challenge krna chati hn cooking im sure mujh sy nai won kr saky gee..,yes,none,na,joy|surprise,Shaveer/urdu bhai/urdu apki/urdu wife/english ko/urdu cooking/english mai/urdu mai/urdu beat/english kr/urdu sakti/urdu hn/urdu ab/urdu tak/urdu ap/urdu ne/urdu jitny/urdu b/urdu cooking/english challenge/english kiy/urdu hai/urdu us/urdu mai/urdu your/english wife/english won/english but/english mai/urdu ayesha/urdu k/urdu sth/urdu challenge/english krna/urdu chati/urdu hn/urdu cooking/english im/english sure/english mujh/urdu sy/urdu nai/urdu won/english kr/urdu saky/urdu gee/urdu
FH8OUP2_sN4,Ducky Bhai ap jb karachi aye to mery ghr zaror aye,no,none,na,joy,Ducky/english Bhai/urdu ap/urdu jb/urdu karachi/urdu aye/urdu to/urdu mery/urdu ghr/urdu zaror/urdu aye/urdu
XHQrr9fmTkc,"Fatima api hira ke sath horror prank kre 
Vote it 👇👇👇👇👇👇👇👇👇👇👇👇👇👇",no,none,na,joy|surprise,Fatima/ambiguous api/urdu hira/ambiguous ke/urdu sath/urdu horror/english prank/english kre/urdu Vote/english it/english 👇👇👇👇👇👇👇👇👇👇👇👇👇👇/ambiguous
hhFGhAo4ZfY,Full comedy 😃 videos huti hen waqaskhalil bhai ap ki,yes,none,na,joy,Full/english comedy/english 😃/ambiguous videos/english huti/urdu hen/urdu waqaskhalil/urdu bhai/urdu ap/urdu ki/urdu
XHQrr9fmTkc,Anabiya ka face kab release hoga😊🎉,no,none,na,joy|surprise,urdu/urdu urdu/urdu english/english urdu/urdu english/english urdu/urdu
WJxfQWiP9DQ,Yeh Bagaret 4 sal sa jhak mar rahy thy Amb Lany ayi they deharyian lag gyin mal ban gia ta ta byi byi (Is Bagaret ka sala hony ki ilawa or kia ha)😅😂,yes,none,na,joy|surprise,Yeh/urdu Bagaret/urdu 4/english sal/urdu sa/urdu jhak/urdu mar/urdu rahy/urdu thy/urdu Amb/urdu Lany/urdu ayi/urdu they/urdu deharyian/urdu lag/urdu gyin/urdu mal/urdu ban/urdu gia/urdu ta/urdu ta/urdu byi/urdu byi/urdu Is/english Bagaret/urdu ka/urdu sala/urdu hony/urdu ki/urdu ilawa/urdu or/english kia/urdu ha/urdu
nqbNLe84dpM,Na hum bhot khush hai bhot achi film hai,no,none,na,joy,Na/urdu hum/urdu bhot/urdu khush/urdu hai/urdu bhot/urdu achi/urdu film/english hai/urdu
BmpRnfu16YA,Mera name bhi Fatima Faisal hai 🎉,no,none,na,joy|surprise,Mera/urdu name/english bhi/urdu Fatima/ambiguous Faisal/ambiguous hai/urdu 🎉/ambiguous
EyrNOfyxSBQ,Time zaya ho gaya dekh KY,yes,none,na,anger,Time/english zaya/urdu ho/urdu gaya/urdu dekh/urdu KY/urdu
nqbNLe84dpM,VIP lag rahi hai😊 bahut maza kiya Mirchi astrology ho gai 🌶️ 😅😂😂,no,none,na,joy|surprise,VIP/english lag/urdu rahi/urdu hai/urdu bahut/urdu maza/urdu kiya/urdu Mirchi/english astrology/english ho/urdu gai/urdu 🌶️/ambiguous 😅😂😂/ambiguous
4k0ZV0UFZSw,Yeh zalim nhe kry gy yh awam ko Marr k dm ly gy.ALLAH inko grq kry,no,hate,na,anger,Yeh/urdu zalim/urdu nhe/urdu kry/urdu gy/urdu yh/urdu awam/urdu ko/urdu Marr/urdu k/urdu dm/urdu ly/urdu gy/urdu ALLAH/urdu inko/urdu grq/urdu kry/urdu
eY0i4nBXqdY,Assalam walekum Fatimaappi main aapke sare block dekhti hun mera naam bi Fatima hai aur main 10 ears ki hun main aapko like subscribe bhi Karti hun aur Maine aapki sari videos per like subscribe kiya hai mera naam bhi Fatima hai main aapki Tarah shrarti bhi hun tej bolane wali bhi ho  mujhe aap logon se milane ka itna shauk hai aur aapse sabse jyada please aapka bhi aaya Karen main aapse milungi please aap Karachi aapke Hyderabad aaya Karen main aapse milungi main aapki sabse Badi fan hun please hamen comment ko padega please Allah Hafiz❤❤❤❤❤❤❤🥰🥰🥰😍😍🥹🥹,no,none,na,joy,Assalam/urdu walekum/urdu Fatimaappi/urdu main/urdu aapke/urdu sare/urdu block/english dekhti/urdu hun/urdu mera/urdu naam/urdu bi/urdu Fatima/urdu hai/urdu aur/urdu main/urdu 10/english ears/english ki/urdu hun/urdu main/urdu aapko/urdu like/english subscribe/english bhi/urdu Karti/urdu hun/urdu aur/urdu Maine/urdu aapki/urdu sari/urdu videos/english per/urdu like/english subscribe/english kiya/urdu hai/urdu mera/urdu naam/urdu bhi/urdu Fatima/urdu hai/urdu main/urdu aapki/urdu Tarah/urdu shrarti/urdu bhi/urdu hun/urdu tej/urdu bolane/urdu wali/urdu bhi/urdu ho/urdu mujhe/urdu aap/urdu logon/urdu se/urdu milane/urdu ka/urdu itna/urdu shauk/urdu hai/urdu aur/urdu aapse/urdu sabse/urdu jyada/urdu please/english aapka/urdu bhi/urdu aaya/urdu Karen/urdu main/urdu aapse/urdu milungi/urdu please/english aap/urdu Karachi/urdu aapke/urdu Hyderabad/urdu aaya/urdu Karen/urdu main/urdu aapse/urdu milungi/urdu main/urdu aapki/urdu sabse/urdu Badi/urdu fan/english hun/urdu please/english hamen/urdu comment/english ko/urdu padega/urdu please/english Allah/urdu Hafiz/urdu
IMnXqYDHhZI,Allahtalah ke naam pe hamaree zindgi qurbaan sab kuch qurbaan kesi aurat hai wesey bhi zara achey  vlogs nhi hotey  mey ne tu aj first time fekha hai is ko kya kr rhe ho Muslim hai hum Alhumdulillah ap bhi hosh kro loge in vloggers ki her baat ignore na kro mey pakistan se appeal krti hoo in ke khilaf aktio  liya jaye.,no,offensive,na,anger,urdu/urdu urdu/urdu urdu/urdu urdu/urdu urdu/urdu urdu/urdu urdu/urdu urdu/urdu urdu/urdu urdu/urdu urdu/urdu urdu/urdu urdu/urdu urdu/urdu urdu/urdu urdu/urdu urdu/urdu english/english urdu/urdu urdu/urdu urdu/urdu urdu/urdu urdu/urdu urdu/urdu urdu/urdu urdu/urdu urdu/urdu urdu/urdu urdu/urdu urdu/urdu urdu/urdu urdu/urdu urdu/urdu urdu/urdu urdu/urdu urdu/urdu urdu/urdu urdu/urdu urdu/urdu urdu/urdu urdu/urdu urdu/urdu urdu/urdu urdu/urdu urdu/urdu urdu/urdu urdu/urdu urdu/urdu urdu/urdu urdu/urdu urdu/urdu urdu/urdu urdu/urdu urdu/urdu urdu/urdu urdu/urdu urdu/urdu urdu/urdu urdu/urdu
N-0DINjOMlY,Boht mza aata hai apk vilogs dakh kr❤,no,none,na,joy,Boht/urdu mza/urdu aata/urdu hai/urdu apk/urdu vilogs/english dakh/urdu kr/urdu
4k0ZV0UFZSw,Zulm ka nizam khatam ho ga in sab ko cancer or aids ho ga especially Asim Munir or us ki family ko,no,hate,na,anger,Zulm/urdu ka/urdu nizam/urdu khatam/urdu ho/urdu ga/urdu in/urdu sab/urdu ko/urdu cancer/english or/english aids/english ho/urdu ga/urdu especially/english Asim/ambiguous Munir/ambiguous or/english us/urdu ki/urdu family/english ko/urdu
UiYpRBQ74fs,Hmary shzady azad Kashmir k shzady ha Dil ka tukrha ha hmry kashmiri ❤❤❤❤❤sab juoth bolty ha armi waly mirpor  ma bht shid kye ha bht bht ❤❤❤❤,no,offensive,na,joy|anger,Hmary/urdu shzady/urdu azad/urdu Kashmir/urdu k/urdu shzady/urdu ha/urdu Dil/urdu ka/urdu tukrha/urdu ha/urdu hmry/urdu kashmiri/urdu sab/urdu juoth/urdu bolty/urdu ha/urdu armi/urdu waly/urdu mirpor/urdu ma/urdu bht/urdu shid/urdu kye/urdu ha/urdu bht/urdu bht/urdu
PKFU1F2QEMQ,SISTER bhot acha bolti ho 😅,no,none,na,joy,english/english bhot/urdu acha/urdu bolti/urdu ho/urdu 😅/ambiguous
-w7eMfsuRgA,🥰Pakistan ke jaan Imran khan 🥰,no,none,na,joy,🥰Pakistan/ambiguous ke/urdu jaan/urdu Imran/ambiguous khan/urdu 🥰/ambiguous
IMnXqYDHhZI,Agar aapane yah chijen deni hai to aap mujhe bata sakte hain,no,none,na,none,Agar/urdu aapane/urdu yah/urdu chijen/urdu deni/urdu hai/urdu to/urdu aap/urdu mujhe/urdu bata/urdu sakte/urdu hain/urdu
nqbNLe84dpM,App sab mujhe pas and hai okay beautiful,no,none,na,joy,App/urdu sab/urdu mujhe/urdu pas/urdu and/english hai/urdu okay/english beautiful/english
8ksTrbtyTco,Aqra api aur areeb bhai sath vlog kab aayegaaa pleasee jaldi upload krdein eagerly waiting ❤,no,none,na,joy,Aqra/urdu api/urdu aur/urdu areeb/urdu bhai/urdu sath/urdu vlog/english kab/urdu aayegaaa/urdu pleasee/english jaldi/urdu upload/english krdein/urdu eagerly/english waiting/english ❤/ambiguous
FH8OUP2_sN4,Ap biviyan ni nachatay ho wallah jis jis ne ap aur arob bhabi ke bare bakwas ki usko Allah deke ga inshallah you are both extraordinary couple love you guys stay blessed ameen 😢❤❤🎉❤,no,none,na,joy|sadness,Ap/urdu biviyan/urdu ni/urdu nachatay/urdu ho/urdu wallah/urdu jis/urdu jis/urdu ne/urdu ap/urdu aur/urdu arob/urdu bhabi/urdu ke/urdu bare/urdu bakwas/urdu ki/urdu usko/urdu Allah/urdu deke/urdu ga/urdu inshallah/urdu you/english are/english both/english extraordinary/english couple/english love/english you/english guys/english stay/english blessed/english ameen/urdu 😢/ambiguous ❤/ambiguous ❤/ambiguous 🎉/ambiguous ❤/ambiguous
HeZ2VBdJeOk,Sara mulk ghaddar ha bus yeh 7 lakh   log hi loyal hain,yes,offensive,na,anger,Sara/urdu mulk/urdu ghaddar/urdu ha/urdu bus/urdu yeh/urdu 7/ambiguous lakh/urdu log/urdu hi/urdu loyal/english hain/urdu
VUKai4CZSNw,Please 50 subscribers kar wa du bhaiyo ❤,no,none,na,joy,Please/english 50/ambiguous subscribers/english kar/urdu wa/urdu du/urdu bhaiyo/urdu ❤/ambiguous
HeZ2VBdJeOk,mh hy ya dakha hy kh ghroon mn kaam krny wali masyan  aik ka qrza utarny k lyay dosry sy qrza ly lati hn dosry ka qrza utarny k lyay tesry sy qrz ly lati hn pakistan bh masi bna howa hy,yes,none,na,anger,mh/urdu hy/urdu ya/urdu dakha/urdu hy/urdu kh/urdu ghroon/urdu mn/urdu kaam/urdu krny/urdu wali/urdu masyan/urdu aik/urdu ka/urdu qrza/urdu utarny/urdu k/urdu lyay/urdu dosry/urdu sy/urdu qrza/urdu ly/urdu lati/urdu hn/urdu dosry/urdu ka/urdu qrza/urdu utarny/urdu k/urdu lyay/urdu tesry/urdu sy/urdu qrz/urdu ly/urdu lati/urdu hn/urdu pakistan/urdu bh/urdu masi/urdu bna/urdu howa/urdu hy/urdu
BaMLBWWvNHA,Ap KO salam hai Bhai hamari 👀 khol Di ❤,no,none,na,joy,Ap/urdu KO/urdu salam/urdu hai/urdu Bhai/urdu hamari/urdu 👀/ambiguous khol/urdu Di/urdu ❤/ambiguous
FH8OUP2_sN4,Bhai thora aroob ko bhi time dediya karo 2 Sal hogaye,yes,none,na,anger,Bhai/urdu thora/urdu aroob/ambiguous ko/urdu bhi/urdu time/english dediya/urdu karo/urdu 2/english Sal/urdu hogaye/urdu
eY0i4nBXqdY,Aapki video mujhe bahut pasand hai vah meri aapki bahut badi youtuber hun,no,none,na,joy,Aapki/urdu video/english mujhe/urdu bahut/urdu pasand/urdu hai/urdu vah/urdu meri/urdu aapki/urdu bahut/urdu badi/urdu youtuber/english hun/urdu
WJxfQWiP9DQ,"Imran bhai donald trump bhi november may ja raha hai....
Maybe ye us ka effect hai.....apna tajziya dain plz",yes,none,na,surprise,Imran/urdu bhai/urdu donald/english trump/english bhi/urdu november/english may/english ja/urdu raha/urdu hai/urdu Maybe/english ye/urdu us/urdu ka/urdu effect/english hai/urdu apna/urdu tajziya/urdu dain/urdu plz/english
8ksTrbtyTco,"Assalam o Alikum sister ✨♥️
Kiya hall hy aap ka??
Sister Kiya aap online work karna cahaatii hy ??
Sister real platform  MashAllah 💖 inshallah aap bohat achii earning Kar saktii hy
Monthly aap 40,000 thousand tak earn kar saktii
MashAllah yeh just females girls platform hy 🥹🫶🏻🌼",no,none,misinfo,joy,"Assalam/urdu o/urdu Alikum/urdu sister/english ✨♥️/ambiguous Kiya/urdu hall/urdu hy/urdu aap/urdu ka/urdu Sister/english Kiya/urdu aap/urdu online/english work/english karna/urdu cahaatii/urdu hy/urdu Sister/english real/english platform/english MashAllah/urdu 💖/ambiguous inshallah/urdu aap/urdu bohat/urdu achii/urdu earning/english Kar/urdu saktii/urdu hy/urdu Monthly/english aap/urdu 40,000/english thousand/english tak/urdu earn/english kar/urdu saktii/urdu MashAllah/urdu yeh/urdu just/english females/english girls/english platform/english hy/urdu 🥹🫶🏻🌼/ambiguous"
IMnXqYDHhZI,Kanwal ap ny  volog start kiya iss liye mein ny bohat time volog dekha...bohat sara pyar or dua ap k liye❤,no,none,na,joy,Kanwal/ambiguous ap/urdu ny/urdu volog/urdu start/english kiya/urdu iss/urdu liye/urdu mein/urdu ny/urdu bohat/urdu time/english volog/urdu dekha/urdu bohat/urdu sara/urdu pyar/urdu or/urdu dua/urdu ap/urdu k/urdu liye/urdu
IMnXqYDHhZI,Api ap.hi vlog banaya kro❤❤❤❤❤❤❤❤ zulqarnain bhai acha vlog banate h par api ap hi thk h un se😅,yes,none,na,joy,Api/urdu ap.hi/urdu vlog/english banaya/urdu kro/urdu zulqarnain/urdu bhai/urdu acha/urdu vlog/english banate/urdu h/urdu par/urdu api/urdu ap/urdu hi/urdu thk/urdu h/urdu un/urdu se/urdu
4k0ZV0UFZSw,Imran bhai Pakistan mein Looot mar hy muqtadir es time ko bahut barri oppertunty samjh kr hathoon perun se looot rahe hein Jab tak Imran Khan kidnap hy mojein hi mojein,yes,offensive,na,anger,Imran/ambiguous bhai/urdu Pakistan/ambiguous mein/urdu Looot/urdu mar/urdu hy/urdu muqtadir/urdu es/urdu time/english ko/urdu bahut/urdu barri/urdu oppertunty/english samjh/urdu kr/urdu hathoon/urdu perun/urdu se/urdu looot/urdu rahe/urdu hein/urdu Jab/urdu tak/urdu Imran/ambiguous Khan/ambiguous kidnap/english hy/urdu mojein/urdu hi/urdu mojein/urdu
gvG35CxYOLg,Are bhai sabir bhai aapane itna aasan Gaya video dekhkar,yes,none,na,joy|surprise,Are/urdu bhai/urdu sabir/urdu bhai/urdu aapane/urdu itna/urdu aasan/urdu Gaya/urdu video/english dekhkar/urdu
PKFU1F2QEMQ,Glad to see taraqi Kar ky vulgar nhi hoy❤,no,none,na,joy,Glad/english to/english see/english taraqi/urdu Kar/urdu ky/urdu vulgar/english nhi/urdu hoy/urdu
BaMLBWWvNHA,Big fan Dil kush kr dia aj zulqarnain Bhai rajab ki asliyat yahi hn necch family volger hn ya Allah ki Lahtti be awaz hn Allah he pucha ga isko,yes,offensive,na,anger|joy,Big/english fan/english Dil/urdu kush/urdu kr/urdu dia/urdu aj/urdu zulqarnain/urdu Bhai/urdu rajab/urdu ki/urdu asliyat/urdu yahi/urdu hn/urdu necch/urdu family/english volger/urdu hn/urdu ya/urdu Allah/urdu ki/urdu Lahtti/urdu be/urdu awaz/urdu hn/urdu Allah/urdu he/urdu pucha/urdu ga/urdu isko/urdu
4k0ZV0UFZSw,imran bhai lootny k liye aik or bat hai jo k naazuk morh hai wo b 1948 sy usi morh  per he hain wafdaaro ko  duniya sy guzar dya,yes,none,na,anger,imran/urdu bhai/urdu lootny/urdu k/urdu liye/urdu aik/urdu or/urdu bat/urdu hai/urdu jo/urdu k/urdu naazuk/urdu morh/urdu hai/urdu wo/urdu b/ambiguous 1948/ambiguous sy/urdu usi/urdu morh/urdu per/urdu he/urdu hain/urdu wafdaaro/urdu ko/urdu duniya/urdu sy/urdu guzar/urdu dya/urdu
XHQrr9fmTkc,Fatima Fatima ki main aapki bahut badi fan hun main aap bahut acche ho main aap na bahut majakiya banate hain❤❤❤❤❤❤❤❤❤,no,none,na,joy,Fatima/ambiguous Fatima/ambiguous ki/urdu main/urdu aapki/urdu bahut/urdu badi/urdu fan/english hun/urdu main/urdu aap/urdu bahut/urdu acche/urdu ho/urdu main/urdu aap/urdu na/urdu bahut/urdu majakiya/urdu banate/urdu hain/urdu
N-0DINjOMlY,Kanwal please beti ko chor k na jaya kro please...jesy wo bhag k aai Mera to dill phat gya,no,none,na,sadness|fear,Kanwal/ambiguous please/english beti/urdu ko/urdu chor/urdu k/urdu na/urdu jaya/urdu kro/urdu please/english jesy/urdu wo/urdu bhag/urdu k/urdu aai/urdu Mera/urdu to/urdu dill/urdu phat/urdu gya/urdu
nqbNLe84dpM,Its just me who don't like iqras husband from day first I mean like face sy hi chabal lg tha h,no,offensive,na,anger,Its/english just/english me/english who/english don't/english like/english iqras/ambiguous husband/english from/english day/english first/english I/english mean/english like/english face/english sy/urdu hi/urdu chabal/urdu lg/urdu tha/urdu h/urdu
BmpRnfu16YA,bohat acha home hai haya ka,no,none,na,joy,bohat/urdu acha/urdu home/english hai/urdu haya/ambiguous ka/urdu
nqbNLe84dpM,Mera name rimsha he mera name Lena volg me please  iqra api fatima api ko bona yar iqra api,no,none,na,joy,Mera/urdu name/english rimsha/urdu he/urdu mera/urdu name/english Lena/urdu volg/english me/english please/english iqra/urdu api/urdu fatima/urdu api/urdu ko/urdu bona/urdu yar/urdu iqra/urdu api/urdu
BaMLBWWvNHA,Ai din iss per fir hoi hoti ha,yes,none,na,none,Ai/urdu din/urdu iss/urdu per/urdu fir/urdu hoi/urdu hoti/urdu ha/urdu
4k0ZV0UFZSw,Ap bhi jhoot bol bol kur dolur shap rhe Hain is KO Kia khain GE tumnail 100 💯 jhoot hota ha,yes,offensive,na,anger,Ap/urdu bhi/urdu jhoot/urdu bol/urdu bol/urdu kur/urdu dolur/urdu shap/urdu rhe/urdu Hain/urdu is/urdu KO/urdu Kia/urdu khain/urdu GE/urdu tumnail/urdu 100/english 💯/english jhoot/urdu hota/urdu ha/urdu
4k0ZV0UFZSw,Niklo bhai sary please punjab,no,none,na,none,Niklo/urdu bhai/urdu sary/urdu please/english punjab/urdu
VUKai4CZSNw,Mujay to subscribe ker be maza nahi aya,yes,none,na,sadness,Mujay/urdu to/urdu subscribe/english ker/urdu be/urdu maza/urdu nahi/urdu aya/urdu
EyrNOfyxSBQ,Bhi ma to karnal sahab ki video dakh k aya tha,no,none,na,none,urdu/urdu urdu/urdu urdu/urdu urdu/urdu urdu/urdu urdu/urdu urdu/urdu urdu/urdu urdu/urdu urdu/urdu urdu/urdu
eY0i4nBXqdY,Me ap ki sab se bari fan hu Allah ap ki dual kabol kare ameen 😊🥰😢❣️💖💝💘,no,none,na,joy|sadness,Me/ambiguous ap/urdu ki/urdu sab/urdu se/urdu bari/urdu fan/english hu/urdu Allah/urdu ap/urdu ki/urdu dual/urdu kabol/urdu kare/urdu ameen/urdu 😊🥰😢❣️💖💝💘/ambiguous
FH8OUP2_sN4,Done 6saal phely sy subscribe kiya hai ducky bhai❤❤,no,none,na,joy,english/english urdu/urdu urdu/urdu urdu/urdu english/english urdu/urdu urdu/urdu english/english urdu/urdu
Erif7Vj9NSQ,Ko Ko 2026 mein dekh raha ha,yes,none,na,none,Ko/ambiguous Ko/ambiguous 2026/english mein/urdu dekh/urdu raha/urdu ha/urdu
N-0DINjOMlY,Play krti rehti ha sing krti rehti ha,yes,none,na,none,Play/english krti/urdu rehti/urdu ha/urdu sing/english krti/urdu rehti/urdu ha/urdu
UiYpRBQ74fs,Sir aap ne bhi Sara vlog marayam aor bilawal par kia. Jaise main street Media Karti he. Awam ko sab pata he ke ye log kia kar rahe he.,yes,offensive,na,anger,Sir/english aap/urdu ne/urdu bhi/urdu Sara/urdu vlog/english marayam/urdu aor/urdu bilawal/urdu par/urdu kia/urdu Jaise/urdu main/urdu street/english Media/english Karti/urdu he/urdu Awam/urdu ko/urdu sab/urdu pata/urdu he/urdu ke/urdu ye/urdu log/urdu kia/urdu kar/urdu rahe/urdu he/urdu
PKFU1F2QEMQ,Mashallah allha pak sbko asa ghr day Aysha bohat pyara ghr hai ❤,no,none,na,joy,Mashallah/urdu allha/urdu pak/urdu sbko/urdu asa/urdu ghr/urdu day/urdu Aysha/ambiguous bohat/urdu pyara/urdu ghr/urdu hai/urdu
IMnXqYDHhZI,Chota kapra mujhe bi dedo bheno ka liya 😢😢😢😢,no,none,na,sadness,Chota/urdu kapra/urdu mujhe/urdu bi/urdu dedo/urdu bheno/urdu ka/urdu liya/urdu 😢😢😢😢/ambiguous
eY0i4nBXqdY,mhram k bina umra 😢,no,none,na,sadness,urdu/urdu urdu/urdu urdu/urdu urdu/urdu ambiguous/ambiguous
BaMLBWWvNHA,Aapane zara sharm Nahin Hai Rajab ko Aage rakha hua Hai aapane aap 3 milian mein lage padhte ho Rajab 9 million father Hai tumhara Rajab 😊 aur tum aise tapak rahe ho aisi hasdin family,yes,offensive,na,anger|joy,Aapane/urdu zara/urdu sharm/urdu Nahin/urdu Hai/urdu Rajab/urdu ko/urdu Aage/urdu rakha/urdu hua/urdu Hai/urdu aapane/urdu aap/urdu 3/ambiguous milian/urdu mein/urdu lage/urdu padhte/urdu ho/urdu Rajab/urdu 9/ambiguous million/english father/english Hai/urdu tumhara/urdu Rajab/urdu 😊/ambiguous aur/urdu tum/urdu aise/urdu tapak/urdu rahe/urdu ho/urdu aisi/urdu hasdin/urdu family/english
VUKai4CZSNw,Musalman aur Kafir Main Fark hi namaz hai❤❤,no,hate,na,none,Musalman/urdu aur/urdu Kafir/urdu Main/urdu Fark/urdu hi/urdu namaz/urdu hai/urdu
BmpRnfu16YA,wow yaar aap ka bhi  ghr  masallah se  km ni ha but so beautiful,yes,none,na,joy|surprise,wow/english yaar/urdu aap/urdu ka/urdu bhi/urdu ghr/urdu masallah/urdu se/urdu km/urdu ni/urdu ha/urdu but/english so/english beautiful/english
IMnXqYDHhZI,Apii ya Jo chezy apne bantny hai please mujhy dy dy,no,none,na,none,Apii/urdu ya/urdu Jo/urdu chezy/urdu apne/urdu bantny/urdu hai/urdu please/english mujhy/urdu dy/urdu dy/urdu
eY0i4nBXqdY,Umrah mehram k sat HOTA h .. ye dono akely hi agai,no,none,factual,none,Umrah/urdu mehram/urdu k/urdu sat/urdu HOTA/urdu h/urdu ../ambiguous ye/urdu dono/urdu akely/urdu hi/urdu agai/urdu
PKFU1F2QEMQ,Mera naam kya hai mera naam Sahara hai,no,none,na,none,Mera/urdu naam/urdu kya/urdu hai/urdu mera/urdu naam/urdu Sahara/ambiguous hai/urdu
8ksTrbtyTco,Ap logu ko zara shram nai hamry behan bhaio ko shaheed kiya ja rha ha or aplogu k pas pwor hony k bawjod ap log fazool ki harktein krny ki pri ha lanat ha asy muslim hony pe ..ap phlasteen k liy trend chlwa skty ho ...,yes,offensive,na,anger|sadness,Ap/urdu logu/urdu ko/urdu zara/urdu shram/urdu nai/urdu hamry/urdu behan/urdu bhaio/urdu ko/urdu shaheed/urdu kiya/urdu ja/urdu rha/urdu ha/urdu or/urdu aplogu/urdu k/urdu pas/urdu pwor/urdu hony/urdu k/urdu bawjod/urdu ap/urdu log/urdu fazool/urdu ki/urdu harktein/urdu krny/urdu ki/urdu pri/urdu ha/urdu lanat/urdu ha/urdu asy/urdu muslim/urdu hony/urdu pe/urdu ..ap/urdu phlasteen/urdu k/urdu liy/urdu trend/english chlwa/urdu skty/urdu ho/urdu ...
BaMLBWWvNHA,"Mashallah, hats off to you zulqarnain bhai🥳",no,none,na,joy,Mashallah/urdu hats/english off/english to/english you/english zulqarnain/urdu bhai/urdu
eY0i4nBXqdY,Plz humary liye bhi dua krna ❤,no,none,na,sadness,Plz/english humary/urdu liye/urdu bhi/urdu dua/urdu krna/urdu ❤/ambiguous
Erif7Vj9NSQ,Ap bad words 😢 Please na bola karien meri Mama mujhe ap ka vlog nai dekhne deti,no,none,na,sadness,urdu/urdu english/english english/english ambiguous/ambiguous english/english urdu/urdu urdu/urdu urdu/urdu urdu/urdu urdu/urdu urdu/urdu urdu/urdu english/english urdu/urdu urdu/urdu urdu/urdu
BljaIOvFkcM,"To address IPPs capacity payment issue, SUGGESTION FOR DECISION MAKERS:-
please make a special rule to get specialized excessively high rent per Sq Ft to be paid by each IPP to Government so that IPP company itself  refuse to continue with the business. Reason of increase in land rent would be economic state of country. Effective date of revised rent is suggested to effective April, 2022. They shall be made to pay arrears as well.",yes,none,na,anger,To/english address/english IPPs/english capacity/english payment/english issue/english SUGGESTION/english FOR/english DECISION/english MAKERS/english please/english make/english a/english special/english rule/english to/english get/english specialized/english excessively/english high/english rent/english per/english Sq/english Ft/english to/english be/english paid/english by/english each/english IPP/english to/english Government/english so/english that/english IPP/english company/english itself/english refuse/english to/english continue/english with/english the/english business/english Reason/english of/english increase/english in/english land/english rent/english would/english be/english economic/english state/english of/english country/english Effective/english date/english of/english revised/english rent/english is/english suggested/english to/english effective/english April/english 2022/english They/english shall/english be/english made/english to/english pay/english arrears/english as/english well/english
PKFU1F2QEMQ,MashaAllah Allah rehna basna baratna naseeb karay har buri nazar se bachayen Aameen.,no,none,na,joy,MashaAllah/urdu Allah/urdu rehna/urdu basna/urdu baratna/urdu naseeb/urdu karay/urdu har/urdu buri/urdu nazar/urdu se/urdu bachayen/urdu Aameen/urdu
WJxfQWiP9DQ,Yah jab se yah Manu Saudi Arab banaa hai hamare Pakistani har jagah per Shahid hue😢😢😢,yes,offensive,na,sadness|anger,Yah/urdu jab/urdu se/urdu yah/urdu Manu/ambiguous Saudi/english Arab/english banaa/urdu hai/urdu hamare/urdu Pakistani/urdu har/urdu jagah/urdu per/urdu Shahid/urdu hue/urdu
nqbNLe84dpM,iqrA apie ap kaha re te hA,yes,none,na,none,iqrA/urdu apie/ambiguous ap/urdu kaha/urdu re/urdu te/urdu hA/urdu
gvG35CxYOLg,Ap ab zayada vlogs ku nae daltay,no,none,na,none,Ap/urdu ab/urdu zayada/urdu vlogs/english ku/urdu nae/urdu daltay/urdu
UiYpRBQ74fs,Ab asli takkar k loug aye ha maidan main,yes,none,na,surprise,Ab/urdu asli/urdu takkar/urdu k/urdu loug/urdu aye/urdu ha/urdu maidan/urdu main/urdu
zfjRK9s0pjA,Meray sath bi ya hua ha Allah sab tik karay gaa meri bi bati ha ❤❤❤❤❤❤❤❤,no,none,na,sadness|sympathy,Meray/urdu sath/urdu bi/urdu ya/urdu hua/urdu ha/urdu Allah/urdu sab/urdu tik/urdu karay/urdu gaa/urdu meri/urdu bi/urdu bati/urdu ha/urdu ❤❤❤❤❤❤❤❤/ambiguous
WJxfQWiP9DQ,Ujaadho tum aur ab ujaadh kr Reset krien? Kuch time pehly to paris bnana tha ap ne ab kya???,yes,none,na,anger|surprise,Ujaadho/urdu tum/urdu aur/urdu ab/urdu ujaadh/urdu kr/urdu Reset/english krien/urdu Kuch/urdu time/english pehly/urdu to/urdu paris/urdu bnana/urdu tha/urdu ap/urdu ne/urdu ab/urdu kya/urdu
HeZ2VBdJeOk,Yeh bhi tu ho sakta hai ke testing ker rahay hon ke PTI vs others,yes,none,na,surprise,Yeh/urdu bhi/urdu tu/urdu ho/urdu sakta/urdu hai/urdu ke/urdu testing/english ker/urdu rahay/urdu hon/urdu ke/urdu PTI/ambiguous vs/english others/english
nqbNLe84dpM,Kashmir ki ho ig,yes,none,na,none,Kashmir/ambiguous ki/urdu ho/urdu ig/english
EyrNOfyxSBQ,Itne maze ki nahi hi❤😢😅😮,yes,none,na,sadness|surprise,Itne/urdu maze/urdu ki/urdu nahi/urdu hi/urdu
zfjRK9s0pjA,Allah tallah iap key daughter ko havzo Amandan me rakjay imshallah,no,none,na,joy,Allah/urdu tallah/urdu iap/ambiguous key/urdu daughter/english ko/urdu havzo/urdu Amandan/ambiguous me/urdu rakjay/urdu imshallah/urdu
BljaIOvFkcM,"Sie Aap [ Arab ] word nahi Bola karin samjh nahi aati. Aap Crore Word bola karin ye [ Crore ] word very esiy hai Samjhne keliye, for example 500 crore 1 hazar corore. 2 hazar crore Please Arab wor nahi bola karin.",no,offensive,na,anger,urdu/ambiguous urdu/ambiguous ambiguous/ambiguous urdu/ambiguous ambiguous/ambiguous english/ambiguous urdu/ambiguous urdu/ambiguous urdu/ambiguous urdu/ambiguous urdu/ambiguous urdu/ambiguous urdu/ambiguous english/ambiguous english/ambiguous urdu/ambiguous urdu/ambiguous urdu/ambiguous ambiguous/ambiguous english/ambiguous ambiguous/ambiguous english/ambiguous english/ambiguous english/ambiguous english/ambiguous urdu/ambiguous urdu/ambiguous ambiguous/ambiguous english/ambiguous english/ambiguous english/ambiguous urdu/ambiguous english/ambiguous urdu/ambiguous english/ambiguous urdu/ambiguous english/ambiguous urdu/ambiguous urdu/ambiguous urdu/ambiguous urdu/ambiguous
BljaIOvFkcM,"Aik Panjabi Wafadar Hai Baqi Sab Ghagdar Hai
93000 Hazar Patloono K Saath World Record Holder Hai 93000 Hazar Patloono K Saath😂😂😂😂😂😂😂😂😂
Imran Khan Zindabad❤❤❤❤❤❤❤❤❤❤❤❤❤❤❤❤❤❤❤❤❤❤❤❤❤❤❤❤❤❤❤❤❤❤",yes,offensive,na,joy|anger,Aik/urdu Panjabi/urdu Wafadar/urdu Hai/urdu Baqi/urdu Sab/urdu Ghagdar/urdu Hai/urdu 93000/ambiguous Hazar/urdu Patloono/urdu K/urdu Saath/urdu World/english Record/english Holder/english Hai/urdu 93000/ambiguous Hazar/urdu Patloono/urdu K/urdu Saath/urdu Imran/urdu Khan/urdu Zindabad/urdu
BmpRnfu16YA,Mujy aj pata lga k sab YouTubers or actors bhi gareeb Hein Ameer to haya hai Masha Allah 😊😂,yes,none,na,joy|surprise,Mujy/urdu aj/urdu pata/urdu lga/urdu k/urdu sab/urdu YouTubers/english or/english actors/english bhi/urdu gareeb/urdu Hein/urdu Ameer/urdu to/urdu haya/urdu hai/urdu Masha/urdu Allah/urdu 😊😂/ambiguous
N-0DINjOMlY,Love you so much legend brand of Pakistan zulqarnain bhai ❤❤❤❤❤,no,none,na,joy,Love/english you/english so/english much/english legend/english brand/english of/english Pakistan/english zulqarnain/ambiguous bhai/urdu ❤❤❤❤❤/ambiguous
IMnXqYDHhZI,Knwal api aizal k kpry mujhy dy dyn,no,none,na,none,Knwal/urdu api/urdu aizal/urdu k/urdu kpry/urdu mujhy/urdu dy/urdu dyn/urdu
hhFGhAo4ZfY,Qari sabh ko le aaaao bhai,no,none,na,none,Qari/urdu sabh/urdu ko/urdu le/urdu aaaao/urdu bhai/urdu
BaMLBWWvNHA,Rajjab ALI butt is the best jase Bhi ho. ALLAH rajjab ALI KO Apne hifzo Aman main rakhe ameen,no,none,na,joy,Rajjab/urdu ALI/urdu butt/urdu is/english the/english best/english jase/urdu Bhi/urdu ho/urdu ALLAH/urdu rajjab/urdu ALI/urdu KO/urdu Apne/urdu hifzo/urdu Aman/urdu main/urdu rakhe/urdu ameen/urdu
HeZ2VBdJeOk,Shabaz speed aap nahi pakar sakte. Ye agle din kuch our kahega! Os ne tu zardari ko bhi sarkon per gaseetha tha. Ye beghairat admi hai!,yes,offensive,na,anger,Shabaz/urdu speed/english aap/urdu nahi/urdu pakar/urdu sakte/urdu Ye/urdu agle/urdu din/urdu kuch/urdu our/urdu kahega/urdu Os/urdu ne/urdu tu/urdu zardari/urdu ko/urdu bhi/urdu sarkon/urdu per/urdu gaseetha/urdu tha/urdu Ye/urdu beghairat/urdu admi/urdu hai/urdu
XHQrr9fmTkc,Ap apni mother ka bhi chanel bna dein jis mn wo respies sikhaya krein uun girls ko bhttt fyida ho gaa jin ko koi sikhany wala nai plzzz,no,none,na,joy,Ap/urdu apni/urdu mother/english ka/urdu bhi/urdu chanel/english bna/urdu dein/urdu jis/urdu mn/urdu wo/urdu respies/english sikhaya/urdu krein/urdu uun/urdu girls/english ko/urdu bhttt/urdu fyida/urdu ho/urdu gaa/urdu jin/urdu ko/urdu koi/urdu sikhany/urdu wala/urdu nai/urdu plzzz/urdu
nqbNLe84dpM,bot Maza aya hai,no,none,na,joy,english/english Maza/urdu aya/urdu hai/urdu
8ksTrbtyTco,Noon league Vs Pti …obviously noon league 2numberi kr k jeet jati hai 😅,yes,offensive,na,anger,Noon/english league/english Vs/english Pti/english …obviously/english noon/english league/english 2numberi/urdu kr/urdu k/urdu jeet/urdu jati/urdu hai/urdu 😅/ambiguous
BaMLBWWvNHA,Rajab ki jutti bhi nahi hai tu chutiye,yes,offensive,na,anger,Rajab/urdu ki/urdu jutti/urdu bhi/urdu nahi/urdu hai/urdu tu/urdu chutiye/urdu
BaMLBWWvNHA,Bhi ap ache bat ki ha yrr ❤,no,none,na,joy,Bhi/urdu ap/urdu ache/urdu bat/urdu ki/urdu ha/urdu yrr/urdu ❤/ambiguous
BaMLBWWvNHA,Koi uqat ni hai na teri na rajab ki,yes,offensive,na,anger,Koi/urdu uqat/urdu ni/urdu hai/urdu na/urdu teri/urdu na/urdu rajab/urdu ki/urdu
FH8OUP2_sN4,Ducky Bhai Yar china ma oriental pearl tower ka visit krwa do sugal mela lgy ga bro please like kr k vote kro for that ❤❤❤,no,none,na,joy,Ducky/ambiguous Bhai/urdu Yar/urdu china/english ma/urdu oriental/english pearl/english tower/english ka/urdu visit/english krwa/urdu do/urdu sugal/urdu mela/urdu lgy/urdu ga/urdu bro/english please/english like/english kr/urdu k/urdu vote/english kro/urdu for/english that/english ❤❤❤/ambiguous
EyrNOfyxSBQ,Ap na bohot achi video bane hai ❤,no,none,na,joy,Ap/urdu na/urdu bohot/urdu achi/urdu video/english bane/urdu hai/urdu ❤/ambiguous
EyrNOfyxSBQ,Dua❤❤❤❤❤❤ Patna station mein log uske Papa ne udhdjjdndnski mamma ko thappad Mara hai❤❤❤,no,offensive,na,sadness|anger,urdu/ambiguous english/ambiguous english/ambiguous urdu/ambiguous urdu/ambiguous urdu/ambiguous urdu/ambiguous urdu/ambiguous urdu/ambiguous urdu/ambiguous urdu/ambiguous urdu/ambiguous urdu/ambiguous urdu/ambiguous
-w7eMfsuRgA,Shahbaz bhai molana sahab ka bayao urdu me bayan kardain punjabi kuch samajh meai kuch nahi ai.,no,none,na,none,Shahbaz/ambiguous bhai/urdu molana/urdu sahab/urdu ka/urdu bayao/urdu urdu/urdu me/urdu bayan/urdu kardain/urdu punjabi/urdu kuch/urdu samajh/urdu meai/urdu kuch/urdu nahi/urdu ai/urdu
N-0DINjOMlY,Zulqarnain bhai airport aapko kitne ke pade Pakistani rupees?,no,none,na,none,Zulqarnain/ambiguous bhai/urdu airport/english aapko/urdu kitne/urdu ke/urdu pade/urdu Pakistani/english rupees/english
eY0i4nBXqdY,Hamara lia bhi dua karna ameen,no,none,na,joy,Hamara/urdu lia/urdu bhi/urdu dua/urdu karna/urdu ameen/urdu
8ksTrbtyTco,Powder wali mirchein lol😂😂,yes,none,na,joy,Powder/english wali/urdu mirchein/urdu lol/english
BljaIOvFkcM,Ino qaid KO mara Jo Jo khara howa establishment foj k khalaf mara Gaya ya gaib ya jail ma Chala gaya,no,none,na,anger|sadness,Ino/urdu qaid/urdu KO/urdu mara/urdu Jo/urdu Jo/urdu khara/urdu howa/urdu establishment/english foj/urdu k/urdu khalaf/urdu mara/urdu Gaya/urdu ya/urdu gaib/urdu ya/urdu jail/english ma/urdu Chala/urdu gaya/urdu
BaMLBWWvNHA,Tum nahati jahil Insan Ho tumhari to Kabra mein peeth bhi nahin lagegi apni aurat se kah do dhandha khol ke baith jaaye 😂,yes,offensive,na,anger|joy,Tum/urdu nahati/urdu jahil/urdu Insan/urdu Ho/urdu tumhari/urdu to/urdu Kabra/urdu mein/urdu peeth/urdu bhi/urdu nahin/urdu lagegi/urdu apni/urdu aurat/urdu se/urdu kah/urdu do/urdu dhandha/urdu khol/urdu ke/urdu baith/urdu jaaye/urdu 😂/ambiguous
nqbNLe84dpM,Api ap ka vlog nahi aya ❤❤❤❤,no,none,na,sadness,urdu/urdu ap/urdu ka/urdu vlog/english nahi/urdu aya/urdu ❤❤❤❤/ambiguous
zfjRK9s0pjA,Allah mara aur beti donon ko hufazat main❤❤❤😢😢😢😢,no,none,na,sadness|fear,Allah/ambiguous mara/urdu aur/urdu beti/urdu donon/urdu ko/urdu hufazat/urdu main/urdu
eY0i4nBXqdY,Api g hamre Lia b dua krna 🎉,no,none,na,joy,Api/urdu g/urdu hamre/urdu Lia/urdu b/urdu dua/urdu krna/urdu 🎉/ambiguous
BaMLBWWvNHA,Tu abi bacha ha rajab🫅 KY Sath na khy tera ma itni hmat hi nhi ka tu us KY bary ma bat kary bacha ha abi tu rajab tera papa us ko papa bola kar okay 👍 chal ab us ko papa bol shabash bohat acha bcha ha 👎👎👎👎,yes,offensive,na,anger|sadness,Tu/urdu abi/urdu bacha/urdu ha/urdu rajab/urdu KY/urdu Sath/urdu na/urdu khy/urdu tera/urdu ma/urdu itni/urdu hmat/urdu hi/urdu nhi/urdu ka/urdu tu/urdu us/urdu KY/urdu bary/urdu ma/urdu bat/urdu kary/urdu bacha/urdu ha/urdu abi/urdu tu/urdu rajab/urdu tera/urdu papa/urdu us/urdu ko/urdu papa/urdu bola/urdu kar/urdu okay/english chal/urdu ab/urdu us/urdu ko/urdu papa/urdu bol/urdu shabash/urdu bohat/urdu acha/urdu bcha/urdu ha/urdu
gvG35CxYOLg,"koi Aqal ko hath maro plz 
zeada jawani b achi ni",yes,offensive,na,anger,koi/urdu Aqal/urdu ko/urdu hath/urdu maro/urdu plz/english zeada/urdu jawani/urdu b/urdu achi/urdu ni/urdu
PKFU1F2QEMQ,Mera naam apurv ja raha hai mera naam Abdul Basit a raha hai aapka naam kya hai Fatima,no,none,na,none,Mera/urdu naam/urdu apurv/urdu ja/urdu raha/urdu hai/urdu mera/urdu naam/urdu Abdul/ambiguous Basit/ambiguous a/urdu raha/urdu hai/urdu aapka/urdu naam/urdu kya/urdu hai/urdu Fatima/ambiguous
nqbNLe84dpM,Areeb bahi ki dress ma Pasand Kamal ha or too or areeb bahi ki ap Pasand bhi Kamal ko❤❤,no,none,na,joy,Areeb/urdu bahi/urdu ki/urdu dress/english ma/urdu Pasand/urdu Kamal/urdu ha/urdu or/urdu too/urdu or/urdu areeb/urdu bahi/urdu ki/urdu ap/urdu Pasand/urdu bhi/urdu Kamal/urdu ko/urdu
IMnXqYDHhZI,Ma bi ap ka vlog Khana khta v dekhti ho ❤,no,none,na,joy,Ma/urdu bi/urdu ap/urdu ka/urdu vlog/english Khana/urdu khta/urdu v/urdu dekhti/urdu ho/urdu ❤/ambiguous
eY0i4nBXqdY,Pakistan main al baik khula hua hai,no,none,factual,joy,Pakistan/ambiguous main/urdu al/english baik/english khula/urdu hua/urdu hai/urdu
EyrNOfyxSBQ,Kahani to thek hai lekin acting 😁😁😁😁😁 specially hira r amma hahaha khuda k lie etni gandi acting uffff hira k bajaye fatima behtr kr leti ye role,yes,offensive,na,anger|joy,Kahani/urdu to/urdu thek/urdu hai/urdu lekin/urdu acting/english 😁😁😁😁😁/ambiguous specially/english hira/urdu r/urdu amma/urdu hahaha/ambiguous khuda/urdu k/urdu lie/urdu etni/urdu gandi/urdu acting/english uffff/ambiguous hira/urdu k/urdu bajaye/urdu fatima/urdu behtr/english kr/urdu leti/urdu ye/urdu role/english
zfjRK9s0pjA,ap log dua kerain ka allah tallah muja bhi bhai dain,no,none,na,joy,ap/urdu log/urdu dua/urdu kerain/urdu ka/urdu allah/urdu tallah/urdu muja/urdu bhi/urdu bhai/urdu dain/urdu
FH8OUP2_sN4,Waqi doggar ny sahi kaha naha liya karo.nack dekho apni,yes,offensive,na,anger,Waqi/ambiguous doggar/urdu ny/urdu sahi/urdu kaha/urdu naha/urdu liya/urdu karo.nack/urdu dekho/urdu apni/urdu
eY0i4nBXqdY,Fatima jes flit ma ap gie ha umra krna es flit ka kia name ha plz batta da ham na b jna ha with family batta da plz,no,none,na,none,Fatima/ambiguous jes/urdu flit/english ma/urdu ap/urdu gie/urdu ha/urdu umra/urdu krna/urdu es/urdu flit/english ka/urdu kia/urdu name/english ha/urdu plz/english batta/urdu da/urdu ham/urdu na/urdu b/english jna/urdu ha/urdu with/english family/english batta/urdu da/urdu plz/english
zfjRK9s0pjA,Ma girl ho but mra baba ka flter is,yes,none,na,joy,Ma/urdu girl/english ho/urdu but/english mra/urdu baba/urdu ka/urdu flter/english is/english
-w7eMfsuRgA,"Mohsin Naqve or mazeed aise vhamchon ko ye wahe 5 log hen  deal karte karte  lantiyon
Ko  kab tak ohde or kursiyan milte rahege",yes,offensive,na,anger,Mohsin/ambiguous Naqve/ambiguous or/english mazeed/urdu aise/urdu vhamchon/urdu ko/urdu ye/urdu wahe/urdu 5/english log/urdu hen/urdu deal/english karte/urdu karte/urdu lantiyon/urdu Ko/urdu kab/urdu tak/urdu ohde/urdu or/english kursiyan/urdu milte/urdu rahege/urdu
gvG35CxYOLg,"i live in spain it's mean ""bohat garmi ho rahi hai bahir"" i love your videos",no,none,na,joy,i/english live/english in/english spain/english it's/english mean/english bohat/urdu garmi/urdu ho/urdu rahi/urdu hai/urdu bahir/urdu i/english love/english your/english videos/english
nqbNLe84dpM,Apki mama ko aek vlog post krni chye ap ma se kisy bi  channel se please please please ❤,no,none,na,joy,Apki/urdu mama/urdu ko/urdu aek/urdu vlog/english post/english krni/urdu chye/urdu ap/urdu ma/urdu se/urdu kisy/urdu bi/urdu channel/english se/urdu please/english please/english please/english ❤/ambiguous
BmpRnfu16YA,Ap Nmaz pra kry or sb ko nmaz ka bola kry shukriya,no,none,na,joy,Ap/urdu Nmaz/urdu pra/urdu kry/urdu or/urdu sb/urdu ko/urdu nmaz/urdu ka/urdu bola/urdu kry/urdu shukriya/urdu
nqbNLe84dpM,allah Saray pakistan or pakistanio ko firghon ki tarah azab mai tabah karay ameen ya rabulalmeen,no,hate,na,anger,urdu/urdu Saray/urdu pakistan/urdu or/english pakistanio/urdu ko/urdu firghon/urdu ki/urdu tarah/urdu azab/urdu mai/urdu tabah/urdu karay/urdu ameen/urdu ya/urdu rabulalmeen/urdu
nqbNLe84dpM,Bhai ye log isra*l ko khula support krte h kbhi lays kbhi kfc fir musalman hone ka dikhawa bhi krte hai 😡,yes,hate,na,anger,Bhai/urdu ye/urdu log/urdu isra*l/english ko/urdu khula/urdu support/english krte/urdu h/urdu kbhi/urdu lays/english kbhi/urdu kfc/english fir/urdu musalman/urdu hone/urdu ka/urdu dikhawa/urdu bhi/urdu krte/urdu hai/urdu 😡/ambiguous
BmpRnfu16YA,Machhali ko khata hai to mujhe jaldi,yes,none,na,joy,Machhali/urdu ko/urdu khata/urdu hai/urdu to/urdu mujhe/urdu jaldi/urdu
FH8OUP2_sN4,Bhai aap please yaar itni gandi baten mat kara karo abhi main bacchi Hun to mere mama mujhe darti hai ke mat Dekha karo❤❤😢😢,no,none,na,sadness|fear,Bhai/urdu aap/urdu please/english yaar/urdu itni/urdu gandi/urdu baten/urdu mat/urdu kara/urdu karo/urdu abhi/urdu main/urdu bacchi/urdu Hun/urdu to/urdu mere/urdu mama/urdu mujhe/urdu darti/urdu hai/urdu ke/urdu mat/urdu Dekha/urdu karo/urdu
XHQrr9fmTkc,Fatima appi agali bar red colour ka change karna❤❤❤❤❤,no,none,na,joy,Fatima/ambiguous appi/urdu agali/urdu bar/urdu red/english colour/english ka/urdu change/english karna/urdu
IMnXqYDHhZI,Kitni badmeez biwi ha but naaam or kaam wali biwi thi is lia badmeezi bardasht karta ha bechara,yes,offensive,na,anger|sadness,Kitni/urdu badmeez/urdu biwi/urdu ha/urdu but/english naaam/urdu or/english kaam/urdu wali/urdu biwi/urdu thi/urdu is/urdu lia/urdu badmeezi/urdu bardasht/urdu karta/urdu ha/urdu bechara/urdu
IMnXqYDHhZI,Masha'allah 200 bag 500 shoes or phr b greebon k liye tum logo k pass ek tkka ni hai.. Khaa khaa k ye sanddd bni hui,yes,offensive,na,anger,urdu/ambiguous english/ambiguous english/english english/english english/english urdu/ambiguous urdu/ambiguous urdu/ambiguous urdu/ambiguous urdu/ambiguous urdu/ambiguous urdu/ambiguous urdu/ambiguous urdu/ambiguous urdu/ambiguous urdu/ambiguous urdu/ambiguous urdu/ambiguous urdu/ambiguous urdu/ambiguous urdu/ambiguous urdu/ambiguous urdu/ambiguous urdu/ambiguous
WJxfQWiP9DQ,Ap wo videos share kia kren idr b plzzz sb ko dikhao or English me b lgayen plzz,no,none,na,none,Ap/urdu wo/urdu videos/english share/english kia/urdu kren/urdu idr/urdu b/urdu plzzz/ambiguous sb/urdu ko/urdu dikhao/urdu or/english English/english me/urdu b/urdu lgayen/urdu plzz/ambiguous
FH8OUP2_sN4,Ducky Bhai done 👍,no,none,na,joy,urdu/urdu Bhai/urdu done/english 👍/ambiguous
BaMLBWWvNHA,"500k views b nh aty tery , Rajab ki pic se almost 4M views 😂 that's the power of Rajab",yes,none,na,joy|surprise,"500k/english views/english b/urdu nh/urdu aty/urdu tery/urdu ,/ambiguous Rajab/urdu ki/urdu pic/urdu se/urdu almost/english 4M/english views/english 😂/ambiguous that's/english the/english power/english of/english Rajab/urdu"
4k0ZV0UFZSw,Mashallah feeld marshall ke sollah check kar ln,no,none,na,joy,Mashallah/urdu feeld/english marshall/english ke/urdu sollah/urdu check/english kar/urdu ln/ambiguous
IMnXqYDHhZI,Is ko aisa sabik,no,none,na,none,Is/urdu ko/urdu aisa/urdu sabik/urdu
4k0ZV0UFZSw,Imran sab may peclay B Keh Chuka hun k international market may free B hojai TB B en ho nay war say pehlay walay rate pr B NAHI daingay,yes,none,na,anger,Imran/ambiguous sab/urdu may/urdu peclay/urdu B/urdu Keh/urdu Chuka/urdu hun/urdu k/urdu international/english market/english may/urdu free/english B/urdu hojai/urdu TB/urdu B/urdu en/urdu ho/urdu nay/urdu war/urdu say/urdu pehlay/urdu walay/urdu rate/english pr/urdu B/urdu NAHI/urdu daingay/urdu
IMnXqYDHhZI,Zulqarnain Bhai ko hi vlog banana chye,no,none,na,none,Zulqarnain/ambiguous Bhai/urdu ko/urdu hi/urdu vlog/english banana/urdu chye/urdu
zXAAAXogJ78,Yah ghr Ap ka sheikh ko sale kr diya howa 😮 yah rent py,yes,none,na,surprise,Yah/urdu ghr/urdu Ap/urdu ka/urdu sheikh/urdu ko/urdu sale/urdu kr/urdu diya/urdu howa/urdu 😮/ambiguous yah/urdu rent/english py/urdu
BaMLBWWvNHA,Eman such a izat dar family nice person very supportive wife bohat badbakh hai rajab,no,none,na,joy,Eman/ambiguous such/english a/english izat/urdu dar/urdu family/english nice/english person/english very/english supportive/english wife/english bohat/urdu badbakh/urdu hai/urdu rajab/ambiguous
gvG35CxYOLg,1:39 when he said Bhai Main insan hun Koi Ghada  thodi na hui few minutes later when I was watching this video background se ghode ki awaaz I 😂😂😂😂😂,yes,none,na,joy|surprise,1:39/ambiguous when/english he/english said/english Bhai/urdu Main/urdu insan/urdu hun/urdu Koi/urdu Ghada/urdu thodi/urdu na/urdu hui/urdu few/english minutes/english later/english when/english I/english was/english watching/english this/english video/english background/urdu se/urdu ghode/urdu ki/urdu awaaz/urdu I/english 😂😂😂😂😂/ambiguous
zfjRK9s0pjA,M n dua kiya ap log mere behen or bhai k jese ho,no,none,na,joy,M/ambiguous n/urdu dua/urdu kiya/urdu ap/urdu log/urdu mere/urdu behen/urdu or/urdu bhai/urdu k/urdu jese/urdu ho/urdu
BmpRnfu16YA,Hmara gher bhi aisa hi ha mgrr 45 caror ka,yes,none,na,joy,Hmara/urdu gher/urdu bhi/urdu aisa/urdu hi/urdu ha/urdu mgrr/urdu 45/english caror/urdu ka/urdu
VUKai4CZSNw,Korea mein esa hota hei aap Korea jana plz,yes,none,na,none,Korea/ambiguous mein/urdu esa/urdu hota/urdu hei/urdu aap/urdu Korea/ambiguous jana/urdu plz/english
EyrNOfyxSBQ,Hello hello Zoya aap logon Nahin hai na jisne tumhen tumhare baap maar deta vah bhi sirf ek video ke itna tumhara baap bevkuf❤😂😂😅😮😊,yes,offensive,na,joy|anger,Hello/english hello/english Zoya/ambiguous aap/urdu logon/urdu Nahin/urdu hai/urdu na/urdu jisne/urdu tumhen/urdu tumhare/urdu baap/urdu maar/urdu deta/urdu vah/urdu bhi/urdu sirf/urdu ek/urdu video/english ke/urdu itna/urdu tumhara/urdu baap/urdu bevkuf/urdu
BaMLBWWvNHA,"Mahine bhar ka views ek video se le liye 😂kese?? 
Rajb ke nam se",yes,none,na,surprise|joy,Mahine/urdu bhar/urdu ka/urdu views/english ek/urdu video/english se/urdu le/urdu liye/urdu 😂kese??/ambiguous Rajb/urdu ke/urdu nam/urdu se/urdu
nqbNLe84dpM,Qabre me bhi Jana hin,yes,none,na,sadness,Qabre/urdu me/urdu bhi/urdu Jana/urdu hin/urdu
N-0DINjOMlY,Aizel ko Dekh k aisa lagta hai jese kanwal abnormal ho gyi hai😂😂,yes,offensive,na,joy|surprise,Aizel/ambiguous ko/urdu Dekh/urdu k/urdu aisa/urdu lagta/urdu hai/urdu jese/urdu kanwal/ambiguous abnormal/english ho/urdu gyi/urdu hai/urdu
Erif7Vj9NSQ,Rabia api ka lehnga sb sa zyada beautiful ha❤❤,no,none,na,joy,Rabia/urdu api/urdu ka/urdu lehnga/urdu sb/urdu sa/urdu zyada/urdu beautiful/english ha/urdu
BmpRnfu16YA,Haya itni innocent kyu hai,yes,none,na,surprise,Haya/ambiguous itni/urdu innocent/english kyu/urdu hai/urdu
eY0i4nBXqdY,Main to aapki fan hun aap apna number Bata sakti hain Taki main aapse baat kar sakun,no,none,na,none,Main/urdu to/urdu aapki/urdu fan/english hun/urdu aap/urdu apna/urdu number/english Bata/urdu sakti/urdu hain/urdu Taki/urdu main/urdu aapse/urdu baat/urdu kar/urdu sakun/urdu
eY0i4nBXqdY,Ab tum ligo be depatta le lia he wah😂,yes,none,na,joy,Ab/urdu tum/urdu ligo/urdu be/urdu depatta/urdu le/urdu lia/urdu he/urdu wah/urdu
N-0DINjOMlY,Thumbnail kyu nhi ha,no,none,na,surprise,Thumbnail/english kyu/urdu nhi/urdu ha/urdu
BaMLBWWvNHA,Rajab ko Abu bola kar Kisi khax family,no,none,na,none,Rajab/ambiguous ko/urdu Abu/ambiguous bola/urdu kar/urdu Kisi/urdu khax/urdu family/english
UiYpRBQ74fs,Regime change kerne walon pe lanat beshumar.,no,hate,na,anger,english/english urdu/urdu urdu/urdu urdu/urdu urdu/urdu urdu/urdu urdu/urdu
4k0ZV0UFZSw,Petrol 150 tak kia jay Haram khori ban karo,yes,none,na,anger,Petrol/english 150/ambiguous tak/urdu kia/urdu jay/urdu Haram/urdu khori/urdu ban/urdu karo/urdu
BljaIOvFkcM,Hamla ye b foji ne he kiya ho ga sub hamle ye khud he karte hain,yes,offensive,na,anger,Hamla/urdu ye/urdu b/urdu foji/urdu ne/urdu he/urdu kiya/urdu ho/urdu ga/urdu sub/urdu hamle/urdu ye/urdu khud/urdu he/urdu karte/urdu hain/urdu
nqbNLe84dpM,Fatima aisy hi chup baithy Hy Fatima ka revenge dekhna bs app log areeb bhai Fatima chory gy nhi apo ko 😂😂,yes,none,na,joy|surprise,Fatima/ambiguous aisy/urdu hi/urdu chup/urdu baithy/urdu Hy/urdu Fatima/ambiguous ka/urdu revenge/english dekhna/urdu bs/urdu app/urdu log/urdu areeb/urdu bhai/urdu Fatima/ambiguous chory/urdu gy/urdu nhi/urdu apo/urdu ko/urdu 😂😂/ambiguous
hhFGhAo4ZfY,Hassan glat mar raha ha hathi or Mary bazu or nahi,yes,none,na,joy,Hassan/ambiguous glat/urdu mar/urdu raha/urdu ha/urdu hathi/urdu or/urdu Mary/ambiguous bazu/urdu or/urdu nahi/urdu
eY0i4nBXqdY,Bas kar do biryani biryani thak Gai hun kha kha kar,yes,none,na,joy|surprise,Bas/urdu kar/urdu do/urdu biryani/urdu biryani/urdu thak/urdu Gai/urdu hun/urdu kha/urdu kha/urdu kar/urdu
IMnXqYDHhZI,Aizal k Kuch kpry hmyn dy do❤❤❤❤❤❤❤❤❤❤❤❤❤❤❤❤❤❤❤❤❤❤❤❤❤❤❤❤❤❤❤❤❤❤❤❤❤❤❤,no,none,na,joy,Aizal/urdu k/urdu Kuch/urdu kpry/urdu hmyn/urdu dy/urdu do/urdu
WJxfQWiP9DQ,"Imran Bhai Sindh Hyderabad Mn Students Bhook Hartal Pr Bethy Hn, Sindh Public Service Commission K khilaf, Ye PPP Waly 17 grade Ki Job Peso Pr Dete Hn or Students Ne Cockroach Janta Party be Bana Li Hai, please Un K Liye be awaz uthain! 🤗😢🙏",yes,offensive,na,anger|sadness,Imran/ambiguous Bhai/urdu Sindh/ambiguous Hyderabad/ambiguous Mn/urdu Students/english Bhook/urdu Hartal/urdu Pr/urdu Bethy/urdu Hn/urdu Sindh/ambiguous Public/english Service/english Commission/english K/urdu khilaf/urdu Ye/urdu PPP/ambiguous Waly/urdu 17/ambiguous grade/english Ki/urdu Job/english Peso/urdu Pr/urdu Dete/urdu Hn/urdu or/english Students/english Ne/urdu Cockroach/english Janta/urdu Party/english be/urdu Bana/urdu Li/urdu Hai/urdu please/english Un/urdu K/urdu Liye/urdu be/urdu awaz/urdu uthain/urdu 🤗/ambiguous 😢/ambiguous 🙏/ambiguous
IMnXqYDHhZI,In sb ko ducky ke traa thk krny ke zrurat kia sikha Ra hn ap bchy bchion ko ye kprry juty b koi dikhany ke cheezm kia contribute KR Ra jld he Allah ke pkkar ho tm log bhot Galat simat la k ja Ra muashry ko grr gar gari kprry juty aisa paisa jaisy at wsy he chal jata phr dakhy ga ye shokhian,yes,offensive,na,anger,In/ambiguous sb/urdu ko/urdu ducky/english ke/urdu traa/urdu thk/urdu krny/urdu ke/urdu zrurat/urdu kia/urdu sikha/urdu Ra/urdu hn/urdu ap/urdu bchy/urdu bchion/urdu ko/urdu ye/urdu kprry/urdu juty/urdu b/urdu koi/urdu dikhany/urdu ke/urdu cheezm/urdu kia/urdu contribute/english KR/urdu Ra/urdu jld/urdu he/urdu Allah/urdu ke/urdu pkkar/urdu ho/urdu tm/urdu log/urdu bhot/urdu Galat/urdu simat/urdu la/urdu k/urdu ja/urdu Ra/urdu muashry/urdu ko/urdu grr/urdu gar/urdu gari/urdu kprry/urdu juty/urdu aisa/urdu paisa/urdu jaisy/urdu at/urdu wsy/urdu he/urdu chal/urdu jata/urdu phr/urdu dakhy/urdu ga/urdu ye/urdu shokhian/urdu
IMnXqYDHhZI,Mashalllah kanwal api ap bohat acha vlogs bana rahi ho Allah ap ko har bure nazar sa bacha Ameen 🤲❤,no,none,na,joy,Mashalllah/urdu kanwal/urdu api/urdu ap/urdu bohat/urdu acha/urdu vlogs/english bana/urdu rahi/urdu ho/urdu Allah/urdu ap/urdu ko/urdu har/urdu bure/urdu nazar/urdu sa/urdu bacha/urdu Ameen/urdu 🤲❤/ambiguous
PKFU1F2QEMQ,mashaAllah boht pyara hai,no,none,na,joy,urdu/urdu boht/urdu pyara/urdu hai/urdu
-w7eMfsuRgA,Imran jb bahir tha tb hi us ny ic gilli ko farigh kr dia tha,no,none,na,none,Imran/ambiguous jb/urdu bahir/urdu tha/urdu tb/urdu hi/urdu us/urdu ny/urdu ic/ambiguous gilli/urdu ko/urdu farigh/urdu kr/urdu dia/urdu tha/urdu
hhFGhAo4ZfY,Neno Hrithik Roshan hai😅,yes,none,na,joy|surprise,Neno/ambiguous Hrithik/english Roshan/english hai/urdu
BljaIOvFkcM,InshaAllah boht jald ye mulk mukamal tor pr banjar or khandar ban jay ga. idher peeny ko pani bhi nai milna. Zindge idher naapaid ho jay ge. Or ye qudrat ka azaab ho ga is qoum pe. Ye badbakht qoum bilkul essi qaabil hai.,no,hate,na,anger|sadness|fear,InshaAllah/urdu boht/urdu jald/urdu ye/urdu mulk/urdu mukamal/urdu tor/urdu pr/urdu banjar/urdu or/urdu khandar/urdu ban/urdu jay/urdu ga/urdu idher/urdu peeny/urdu ko/urdu pani/urdu bhi/urdu nai/urdu milna/urdu Zindge/urdu idher/urdu naapaid/urdu ho/urdu jay/urdu ge/urdu Or/english ye/urdu qudrat/urdu ka/urdu azaab/urdu ho/urdu ga/urdu is/urdu qoum/urdu pe/urdu Ye/urdu badbakht/urdu qoum/urdu bilkul/urdu essi/urdu qaabil/urdu hai/urdu
BmpRnfu16YA,"AoA fatima api kasi hai ap 
Acha yar ap logon na cousinology ka vlogs dekhaa karo phela ma sistrology dekhaa kar ti thi phr m na cousinology dekhna start kiya sistrology sy Acha vlog cousinology ka hota hai ja ka dekhoo bd m muji a ka thank you bolo na 😊",no,none,na,joy,AoA/urdu fatima/urdu api/urdu kasi/urdu hai/urdu ap/urdu Acha/urdu yar/urdu ap/urdu logon/urdu na/urdu cousinology/english ka/urdu vlogs/english dekhaa/urdu karo/urdu phela/urdu ma/urdu sistrology/english dekhaa/urdu kar/urdu ti/urdu thi/urdu phr/urdu m/urdu na/urdu cousinology/english dekhna/urdu start/english kiya/urdu sistrology/english sy/urdu Acha/urdu vlog/english cousinology/english ka/urdu hota/urdu hai/urdu ja/urdu ka/urdu dekhoo/urdu bd/urdu m/urdu muji/urdu a/urdu ka/urdu thank/english you/english bolo/urdu na/urdu 😊/ambiguous
HeZ2VBdJeOk,In. Ko pata ha k Kashmir may ab ppp or noon ke jaga nahi ha is leya,no,none,na,none,english/ambiguous urdu/urdu urdu/urdu urdu/urdu urdu/urdu urdu/urdu urdu/urdu urdu/urdu english/english urdu/urdu english/english urdu/urdu urdu/urdu urdu/urdu urdu/urdu urdu/urdu urdu/urdu
BmpRnfu16YA,What is meant by mano ya na mano what means what nahi what,yes,none,na,surprise,What/english is/english meant/english by/english mano/urdu ya/urdu na/urdu mano/urdu what/english means/english what/english nahi/urdu what/english
XHQrr9fmTkc,Fatima aplog to trip per jarhy thy,no,none,na,none,Fatima/ambiguous aplog/urdu to/english trip/english per/urdu jarhy/urdu thy/urdu
XHQrr9fmTkc,Purple colour ka please Api,no,none,na,joy,Purple/english colour/english ka/urdu please/english Api/urdu
EyrNOfyxSBQ,"Rabia apki short film achi thi lakin is ki bhi ending honi chahiy thi jis ny video bnai usky liy aik lesson hona chahiy tha k is trha k kam krny sy phly log ending ko dehan ma rekhyn father ko usky kiy pr pashtawa hona chahiy tha ta k agy sy aisa kisi k sath ho to uska father usky sath ho ye soch kr k jhoti video bhi ho skti 



Please reply Rabia Faisal on my comment 







I'm waiting....
.",no,none,na,sadness|anger,Rabia/urdu apki/urdu short/english film/english achi/urdu thi/urdu lakin/urdu is/urdu ki/urdu bhi/urdu ending/english honi/urdu chahiy/urdu thi/urdu jis/urdu ny/urdu video/english bnai/urdu usky/urdu liy/urdu aik/urdu lesson/english hona/urdu chahiy/urdu tha/urdu k/urdu is/urdu trha/urdu k/urdu kam/urdu krny/urdu sy/urdu phly/urdu log/urdu ending/english ko/urdu dehan/urdu ma/urdu rekhyn/urdu father/english ko/urdu usky/urdu kiy/urdu pr/urdu pashtawa/urdu hona/urdu chahiy/urdu tha/urdu ta/urdu k/urdu agy/urdu sy/urdu aisa/urdu kisi/urdu k/urdu sath/urdu ho/urdu to/urdu uska/urdu father/english usky/urdu sath/urdu ho/urdu ye/urdu soch/urdu kr/urdu k/urdu jhoti/urdu video/english bhi/urdu ho/urdu skti/urdu Please/english reply/english Rabia/urdu Faisal/urdu on/english my/english comment/english I'm/english waiting/english ./.
XHQrr9fmTkc,Fatima API AP ko lrka hona chye tha lrky wly getup mein AP bht cute LG ri hyn❤,no,none,na,joy,Fatima/ambiguous API/english AP/english ko/urdu lrka/urdu hona/urdu chye/urdu tha/urdu lrky/urdu wly/urdu getup/english mein/urdu AP/english bht/urdu cute/english LG/urdu ri/urdu hyn/urdu
Erif7Vj9NSQ,Black is very beautiful Fatima aapki aap bahut pyari hai😊😊,no,none,na,joy,Black/english is/english very/english beautiful/english Fatima/ambiguous aapki/urdu aap/urdu bahut/urdu pyari/urdu hai/urdu
BmpRnfu16YA,Bahut achcha tha so pretty and cut Manav haya,no,none,na,joy,Bahut/urdu achcha/urdu tha/urdu so/english pretty/english and/english cut/english Manav/ambiguous haya/urdu
eY0i4nBXqdY,Yeh suit joh app ke pas hai waisa he Mere pas hai mere pas bhi green hai,no,none,na,none,Yeh/urdu suit/english joh/urdu app/english ke/urdu pas/urdu hai/urdu waisa/urdu he/urdu Mere/urdu pas/urdu hai/urdu mere/urdu pas/urdu bhi/urdu green/english hai/urdu
zXAAAXogJ78,Sheikh ko b food challenge mn lay😂maza aay ga,no,none,na,joy|surprise,Sheikh/urdu ko/urdu b/urdu food/english challenge/english mn/urdu lay/urdu maza/urdu aay/urdu ga/urdu
nqbNLe84dpM,Aap full family ke mobile wallpaper La blog please ❤❤❤❤❤❤❤❤❤❤❤❤❤❤❤❤❤❤❤❤❤❤❤❤❤❤,no,none,na,joy,Aap/urdu full/english family/english ke/urdu mobile/english wallpaper/english La/urdu blog/english please/english ❤❤❤❤❤❤❤❤❤❤❤❤❤❤❤❤❤❤❤❤❤❤❤❤❤❤/ambiguous
IMnXqYDHhZI,"Ap logon k vlogs dekh k logon ka dimag kharab hota k hamary pas ye sb Kuch kio nhi hy ...
Kaisa trend hy ye apni hr cheez ko openly show krty ho each ND every thing ..logon ki help kryn kitny zrort mand log hein bajae apni almariyan bharny k behn Inka hisab b daina hogA marny k bd hoga andaza",yes,offensive,na,anger|sadness,urdu/urdu urdu/urdu urdu/urdu urdu/urdu urdu/urdu urdu/urdu urdu/urdu urdu/urdu urdu/urdu urdu/urdu urdu/urdu urdu/urdu urdu/urdu urdu/urdu urdu/urdu urdu/urdu urdu/urdu urdu/urdu urdu/urdu urdu/urdu urdu/urdu urdu/urdu urdu/urdu urdu/urdu urdu/urdu urdu/urdu urdu/urdu english/english urdu/urdu urdu/urdu urdu/urdu urdu/urdu english/english urdu/urdu urdu/urdu urdu/urdu urdu/urdu urdu/urdu urdu/urdu urdu/urdu urdu/urdu urdu/urdu urdu/urdu urdu/urdu urdu/urdu urdu/urdu urdu/urdu urdu/urdu urdu/urdu urdu/urdu urdu/urdu urdu/urdu urdu/urdu urdu/urdu urdu/urdu urdu/urdu urdu/urdu
zfjRK9s0pjA,Allah pak iqra api ko kar da ammeen😂,yes,none,na,joy,Allah/urdu pak/urdu iqra/ambiguous api/urdu ko/urdu kar/urdu da/urdu ammeen/urdu
nqbNLe84dpM,5:05 🤣🤣🤣🤣🤣 5:08 🤣🤣🤣🤣 5:10 🤣🤣🤣🤣🤣🤣🤣🤣🤣🤣 ZABRDAST BOHAT AALAAA AREEB BHAI KAMAAL HO AP YAR AP KA KOI JAWAB HI NAI HA YAR 🤣🤣🤣🤣🤣🤣🤣🤣🤣🤣,no,none,na,joy,5:05/ambiguous 🤣🤣🤣🤣🤣/ambiguous 5:08/ambiguous 🤣🤣🤣🤣/ambiguous 5:10/ambiguous 🤣🤣🤣🤣🤣🤣🤣🤣🤣🤣/ambiguous ZABRDAST/urdu BOHAT/urdu AALAAA/urdu AREEB/urdu BHAI/urdu KAMAAL/urdu HO/urdu AP/urdu YAR/urdu AP/urdu KA/urdu KOI/urdu JAWAB/urdu HI/urdu NAI/urdu HA/urdu YAR/urdu 🤣🤣🤣🤣🤣🤣🤣🤣🤣🤣/ambiguous
EyrNOfyxSBQ,Movie ka name change kry ya phr khud غیرت lain sister 😅😅,yes,offensive,na,joy,Movie/english ka/urdu name/english change/english kry/urdu ya/urdu phr/urdu khud/urdu غیرت/urdu lain/urdu sister/english 😅😅/ambiguous
8ksTrbtyTco,RHS n acha bnaya ho ga,no,none,na,joy,english/english n/urdu acha/urdu bnaya/urdu ho/urdu ga/urdu
-w7eMfsuRgA,"Dr Sb,
Yeh 40 provinces banna lain, jabb tak iqtedar apne Walid Sb (Imran Khan ❤❤❤) k hawale nain karte, Pakistan kabhi aage barde hei nain sakta.",yes,none,na,anger,Dr/english Sb/urdu Yeh/urdu 40/english provinces/english banna/urdu lain/urdu jabb/urdu tak/urdu iqtedar/urdu apne/urdu Walid/urdu Sb/urdu Imran/urdu Khan/english ❤❤❤/ambiguous k/urdu hawale/urdu nain/urdu karte/urdu Pakistan/english kabhi/urdu aage/urdu barde/urdu hei/urdu nain/urdu sakta/urdu
EyrNOfyxSBQ,so sad such hy ye log bina sochy ye krte bhot zabardast  movie 😢😢 main such main ro prhi,no,none,na,sadness,so/english sad/english such/english hy/urdu ye/urdu log/urdu bina/urdu sochy/urdu ye/urdu krte/urdu bhot/urdu zabardast/urdu movie/english 😢😢/ambiguous main/urdu such/english main/urdu ro/urdu prhi/urdu
XHQrr9fmTkc,Aur aap yah comments maine jitne bhi bheje hain aap yah YouTube per nibandh,no,none,na,none,Aur/urdu aap/urdu yah/urdu comments/english maine/urdu jitne/urdu bhi/urdu bheje/urdu hain/urdu aap/urdu yah/urdu YouTube/english per/urdu nibandh/urdu
zfjRK9s0pjA,Hy ma sistrology ki fan ho,no,none,na,joy,english/ambiguous urdu/urdu english/english urdu/urdu english/english urdu/urdu
BaMLBWWvNHA,Tujhmein aur usmein antar dekh kitna hai😂,yes,none,na,joy,Tujhmein/urdu aur/urdu usmein/urdu antar/urdu dekh/urdu kitna/urdu hai/urdu
BmpRnfu16YA,Haya ka Bangla Kamal is thara to Ajay Devgan ka bhe nai,yes,none,na,joy,Haya/ambiguous ka/urdu Bangla/urdu Kamal/urdu is/english thara/urdu to/urdu Ajay/ambiguous Devgan/ambiguous ka/urdu bhe/urdu nai/urdu
PKFU1F2QEMQ,Bati n sahi nahi bataya tha pora tabar a gaya,no,none,na,anger,Bati/urdu n/ambiguous sahi/urdu nahi/urdu bataya/urdu tha/urdu pora/urdu tabar/urdu a/urdu gaya/urdu
FH8OUP2_sN4,"Alhamdullah 
Main Zero Subscribers 
Aur Zero View Hasil krny Mai kamyab ho gia😂😂😂",yes,none,na,joy,Alhamdullah/urdu Main/urdu Zero/english Subscribers/english Aur/urdu Zero/english View/english Hasil/urdu krny/urdu Mai/urdu kamyab/urdu ho/urdu gia/urdu
FH8OUP2_sN4,Duck BHI vlog dal do,no,none,na,none,english/english urdu/urdu english/english urdu/urdu english/english
nqbNLe84dpM,Iqra kanwal ap ky vlog ky nahi aw abi thek,no,none,na,none,Iqra/ambiguous kanwal/ambiguous ap/urdu ky/urdu vlog/english ky/urdu nahi/urdu aw/urdu abi/urdu thek/urdu
eY0i4nBXqdY,Api na video ma business class kah kah kar business class walon ko Pagal kar dia 😂😂😂,yes,none,na,joy,Api/urdu na/urdu video/english ma/urdu business/english class/english kah/urdu kah/urdu kar/urdu business/english class/english walon/urdu ko/urdu Pagal/urdu kar/urdu dia/urdu 😂😂😂/ambiguous
zXAAAXogJ78,Kanwal ko yhi deserve krta h or koi qabool ni krta . Zeher lgti kbi achi ni lgi ye 😅😅😅😅🖐🖐🖐🖐🖐🖐🖐🖐,yes,offensive,na,anger,Kanwal/ambiguous ko/urdu yhi/urdu deserve/english krta/urdu h/urdu or/urdu koi/urdu qabool/urdu ni/urdu krta/urdu ./ambiguous Zeher/urdu lgti/urdu kbi/urdu achi/urdu ni/urdu lgi/urdu ye/urdu 😅😅😅😅🖐🖐🖐🖐🖐🖐🖐🖐/ambiguous
BaMLBWWvNHA,Oye rajjab butt k khilaf baat na kr thek ha na,no,offensive,na,anger,Oye/urdu rajjab/urdu butt/urdu k/urdu khilaf/urdu baat/urdu na/urdu kr/urdu thek/urdu ha/urdu na/urdu
nqbNLe84dpM,Haripur ikra ke liye prank Karen Fatima Fatima Karen,yes,none,na,joy,Haripur/ambiguous ikra/urdu ke/urdu liye/urdu prank/english Karen/urdu Fatima/ambiguous Fatima/ambiguous Karen/urdu
8ksTrbtyTco,Iqra and areeb ka sath ya challenge kiya tha wo kb ay ga bro❤,no,none,na,surprise,Iqra/ambiguous and/english areeb/ambiguous ka/urdu sath/urdu ya/urdu challenge/english kiya/urdu tha/urdu wo/urdu kb/urdu ay/urdu ga/urdu bro/english
HeZ2VBdJeOk,Yah apna haq mangna jurm hai is mulak ko lotne ka haq Sirf muhafzon ko hai,yes,offensive,na,anger,Yah/urdu apna/urdu haq/urdu mangna/urdu jurm/urdu hai/urdu is/urdu mulak/urdu ko/urdu lotne/urdu ka/urdu haq/urdu Sirf/urdu muhafzon/urdu ko/urdu hai/urdu
IMnXqYDHhZI,Kanwal de ek baat or aap khushnasseb hai ki khud ka bachpan dekh rhi hai khud ko sharat krte dekh rhi hai school jaate dekh rhi hai aijal ke roop me ditto aapki copy hai aijalhm ye isliye nhi keh rhe hai ki aapki family hmari fav hai to aapki taarif kr rhe hai aap sb bacho ko compare kre chahe wo hmare india k armaan malik ke yaa sorav joshi k kunali ya malhan family ka asher ya fir pak ke juhaan or uski sis jo iqrq ke relative hai ya naqash bhai k ya jwad bhai k bache aap sbko ek ek baar gor se dekhe fir apni aijal dekhe neutrel ho kr dekhe to aap payoge aijal sbse jyada beautiful cute nd pretty hai mere hubby or meri beti to bs aijal ko dekh k khush hote rhte hai bhagwan aapko buri nzr se door rkhe,yes,offensive,na,anger|joy,Kanwal/ambiguous de/urdu ek/urdu baat/urdu or/urdu aap/urdu khushnasseb/urdu hai/urdu ki/urdu khud/urdu ka/urdu bachpan/urdu dekh/urdu rhi/urdu hai/urdu khud/urdu ko/urdu sharat/urdu krte/urdu dekh/urdu rhi/urdu hai/urdu school/english jaate/urdu dekh/urdu rhi/urdu hai/urdu aijal/ambiguous ke/urdu roop/urdu me/urdu ditto/english aapki/urdu copy/english hai/urdu aijalhm/ambiguous ye/urdu isliye/urdu nhi/urdu keh/urdu rhe/urdu hai/urdu ki/urdu aapki/urdu family/english hmari/urdu fav/english hai/urdu to/urdu aapki/urdu taarif/urdu kr/urdu rhe/urdu hai/urdu aap/urdu sb/urdu bacho/urdu ko/urdu compare/english kre/urdu chahe/urdu wo/urdu hmare/urdu india/english k/urdu armaan/ambiguous malik/ambiguous ke/urdu yaa/urdu sorav/ambiguous joshi/ambiguous k/urdu kunali/ambiguous ya/urdu malhan/ambiguous family/english ka/urdu asher/ambiguous ya/urdu fir/urdu pak/urdu ke/urdu juhaan/ambiguous or/urdu uski/urdu sis/english jo/urdu iqrq/ambiguous ke/urdu relative/english hai/urdu ya/urdu naqash/ambiguous bhai/urdu k/urdu ya/urdu jwad/ambiguous bhai/urdu k/urdu bache/urdu aap/urdu sbko/urdu ek/urdu ek/urdu baar/urdu gor/urdu se/urdu dekhe/urdu fir/urdu apni/urdu aijal/ambiguous dekhe/urdu neutrel/english ho/urdu kr/urdu dekhe/urdu to/urdu aap/urdu payoge/urdu aijal/ambiguous sbse/urdu jyada/urdu beautiful/english cute/english nd/english pretty/english hai/urdu mere/urdu hubby/english or/urdu meri/urdu beti/urdu to/urdu bs/urdu aijal/ambiguous ko/urdu dekh/urdu k/urdu khush/urdu hote/urdu rhte/urdu hai/urdu bhagwan/urdu aapko/urdu buri/urdu nzr/urdu se/urdu door/urdu rkhe/urdu
BmpRnfu16YA,Apko to sab acha lagta hai,yes,none,na,anger,Apko/urdu to/urdu sab/urdu acha/urdu lagta/urdu hai/urdu
nqbNLe84dpM,Ma Ayman ho ap ne ab vlog ma mara name Lana ha ok,no,none,na,joy,Ma/urdu Ayman/ambiguous ho/urdu ap/urdu ne/urdu ab/urdu vlog/english ma/urdu mara/urdu name/english Lana/ambiguous ha/urdu ok/english
BmpRnfu16YA,AP har baat par aik dam chakase bol Rahe ho,yes,none,na,anger,AP/ambiguous har/urdu baat/urdu par/urdu aik/urdu dam/urdu chakase/urdu bol/urdu Rahe/urdu ho/urdu
nqbNLe84dpM,Mje ap k help ki need hai me ne ap ko instagram me b msg kia hai,no,none,na,none,Mje/urdu ap/urdu k/urdu help/english ki/urdu need/english hai/urdu me/urdu ne/urdu ap/urdu ko/urdu instagram/english me/urdu b/ambiguous msg/english kia/urdu hai/urdu
IMnXqYDHhZI,Shoes k liye mashallah nhi Khty,yes,none,na,none,Shoes/english k/urdu liye/urdu mashallah/urdu nhi/urdu Khty/urdu
VUKai4CZSNw,Bhai pubg dubara shuru kro please,no,none,na,none,Bhai/urdu pubg/english dubara/urdu shuru/urdu kro/urdu please/english
WJxfQWiP9DQ,madnita ka fida to hoa h butt Pakistan ko ni Kise aur ko,yes,none,na,anger,madnita/ambiguous ka/urdu fida/urdu to/urdu hoa/urdu h/urdu butt/english Pakistan/urdu ko/urdu ni/urdu Kise/urdu aur/urdu ko/urdu
gvG35CxYOLg,Happy to see Ali Bhai n pk in this video ....old Canadian wolfcrew,no,none,na,joy,Happy/english to/english see/english Ali/ambiguous Bhai/urdu n/english pk/ambiguous in/english this/english video/english ....old/english Canadian/english wolfcrew/english
FH8OUP2_sN4,Please ducky bhai iphone 13 mini da do,yes,none,na,joy,Please/english ducky/english bhai/urdu iphone/english 13/english mini/english da/urdu do/urdu
4k0ZV0UFZSw,Inshallah zarur Haq ghalib ay gha inshallah zarur Khan gharet ledar zindabad Khan sab zindabad arshd sharef zindabad Murad said zindabad Yasmeen Rashid zindabad Qureshi sab zindabad alima khanum zindabad Bushra Bibi zindabad Imran reyaz zindabad Pakistan zindabad ❤...,no,none,na,joy,Inshallah/urdu zarur/urdu Haq/urdu ghalib/urdu ay/urdu gha/urdu inshallah/urdu zarur/urdu Khan/urdu gharet/urdu ledar/urdu zindabad/urdu Khan/urdu sab/urdu zindabad/urdu arshd/urdu sharef/urdu zindabad/urdu Murad/urdu said/urdu zindabad/urdu Yasmeen/urdu Rashid/urdu zindabad/urdu Qureshi/urdu sab/urdu zindabad/urdu alima/urdu khanum/urdu zindabad/urdu Bushra/urdu Bibi/urdu zindabad/urdu Imran/urdu reyaz/urdu zindabad/urdu Pakistan/urdu zindabad/urdu ❤.../ambiguous
VUKai4CZSNw,Gawar pana mazak mein dete ho ya sachme ho?,yes,offensive,na,anger,Gawar/urdu pana/urdu mazak/urdu mein/urdu dete/urdu ho/urdu ya/urdu sachme/urdu ho/urdu
4k0ZV0UFZSw,Awam KO awaz othnay detay han,yes,none,na,anger,Awam/urdu KO/urdu awaz/urdu othnay/urdu detay/urdu han/urdu
IMnXqYDHhZI,Assalamualaikum muj ap say Kuch baat kr Neha Bhai AP jab be free hu or mara lay time hu to. AP muj answer zouri  kr na ik waiting for you 🫴🫀 please Bhai,no,none,na,none,Assalamualaikum/urdu muj/urdu ap/urdu say/urdu Kuch/urdu baat/urdu kr/urdu Neha/ambiguous Bhai/urdu AP/urdu jab/urdu be/english free/english hu/urdu or/urdu mara/urdu lay/urdu time/english hu/urdu to/urdu AP/urdu muj/urdu answer/english zouri/urdu kr/urdu na/urdu ik/urdu waiting/english for/english you/english 🫴🫀/ambiguous please/english Bhai/urdu
XHQrr9fmTkc,Fatima api Next eat challenge AP na purple 🟣💜 Karna ha,no,none,na,joy,Fatima/ambiguous api/urdu Next/english eat/english challenge/english AP/ambiguous na/urdu purple/english 🟣💜/ambiguous Karna/urdu ha/urdu
4k0ZV0UFZSw,Bhutto or Yahya apne mofad ki khater mulk tore sakt hein to yeh bhi ker sakte hein??,yes,none,na,anger,Bhutto/ambiguous or/english Yahya/ambiguous apne/urdu mofad/urdu ki/urdu khater/urdu mulk/urdu tore/urdu sakt/urdu hein/urdu to/urdu yeh/urdu bhi/urdu ker/urdu sakte/urdu hein/urdu
EyrNOfyxSBQ,Wow gairat  from behtareen begairat!!!?meowwww ghoopppp...sbse achi acting diwaro n ki hy,yes,offensive,na,surprise|joy,Wow/english gairat/urdu from/english behtareen/urdu begairat/urdu meowwww/ambiguous ghoopppp/ambiguous sbse/urdu achi/urdu acting/english diwaro/urdu n/urdu ki/urdu hy/urdu
EyrNOfyxSBQ,Bohat zyada achi movie haii It love it bohat acha msg hai es mein society ke liye aur sikhne ke liye bohat kuch hai es mein gairat name prr aurte mari jati hein es movie ko har Mard ko dykhana chahiye takey enhe sharam ayee meri choti behn 6 sal ki hai eski favrt hou gayi ye movie rozz dykhti hai woo...,no,offensive,na,joy|anger,Bohat/urdu zyada/urdu achi/urdu movie/english haii/urdu It/english love/english it/english bohat/urdu acha/urdu msg/english hai/urdu es/urdu mein/urdu society/english ke/urdu liye/urdu aur/urdu sikhne/urdu ke/urdu liye/urdu bohat/urdu kuch/urdu hai/urdu es/urdu mein/urdu gairat/urdu name/english prr/urdu aurte/urdu mari/urdu jati/urdu hein/urdu es/urdu movie/english ko/urdu har/urdu Mard/urdu ko/urdu dykhana/urdu chahiye/urdu takey/urdu enhe/urdu sharam/urdu ayee/urdu meri/urdu choti/urdu behn/urdu 6/ambiguous sal/urdu ki/urdu hai/urdu eski/urdu favrt/english hou/urdu gayi/urdu ye/urdu movie/english rozz/urdu dykhti/urdu hai/urdu woo/ambiguous
gvG35CxYOLg,Aree bro Quetta wale zaida spicy nahi khaaty,yes,none,na,joy,Aree/urdu bro/english Quetta/urdu wale/urdu zaida/urdu spicy/english nahi/urdu khaaty/urdu
N-0DINjOMlY,zulqar bhai agli dfa ap jb b international travel kry to ap airpot ki sari requirements bta dyn ya waha py bording wgyra kysy hoti hy ya or kya kya... ta k hmy kch seekhny k liye mily mushkil wkt ka koi pta nh hota to hr chez phly psy pta honi chahiye.... plz ap is chez ko discuss kriye ga,no,none,na,none,zulqar/urdu bhai/urdu agli/urdu dfa/urdu ap/urdu jb/urdu b/urdu international/english travel/english kry/urdu to/urdu ap/urdu airpot/urdu ki/urdu sari/urdu requirements/english bta/urdu dyn/urdu ya/urdu waha/urdu py/urdu bording/urdu wgyra/urdu kysy/urdu hoti/urdu hy/urdu ya/urdu or/english kya/urdu kya/urdu ta/urdu k/urdu hmy/urdu kch/urdu seekhny/urdu k/urdu liye/urdu mily/urdu mushkil/urdu wkt/urdu ka/urdu koi/urdu pta/urdu nh/urdu hota/urdu to/urdu hr/urdu chez/urdu phly/urdu psy/urdu pta/urdu honi/urdu chahiye/urdu plz/english ap/urdu is/urdu chez/urdu ko/urdu discuss/english kriye/urdu ga/urdu
eY0i4nBXqdY,Api ap very beautiful and very sweet 😊😊😊,no,none,na,joy,urdu/ambiguous ap/urdu very/english beautiful/english and/english very/english sweet/english 😊😊😊/ambiguous
nqbNLe84dpM,Yar aplogo nay to khai hi nhi michi kasay lgi😮,yes,none,na,surprise,Yar/urdu aplogo/urdu nay/urdu to/urdu khai/urdu hi/urdu nhi/urdu michi/urdu kasay/urdu lgi/urdu
IMnXqYDHhZI,Asy log ghreeb logo ma khwaish pyda krty han jo in js life ni guzar skty or dua kry asy log jahnam ma sb sy alay tarjay py hon ameen,no,none,na,sadness|anger,Asy/urdu log/urdu ghreeb/urdu logo/urdu ma/urdu khwaish/urdu pyda/urdu krty/urdu han/urdu jo/urdu in/urdu js/english life/english ni/urdu guzar/urdu skty/urdu or/urdu dua/urdu kry/urdu asy/urdu log/urdu jahnam/urdu ma/urdu sb/urdu sy/urdu alay/urdu tarjay/urdu py/urdu hon/urdu ameen/urdu
VUKai4CZSNw,Car mehngi nhii hai utna ap logo ko japan k paise bhi to zeyad mile hoge na Pakistani 60k japan k bht hoge isliye 60k 70k haii na car k🙄,yes,none,na,anger,Car/english mehngi/urdu nhii/urdu hai/urdu utna/urdu ap/urdu logo/urdu ko/urdu japan/english k/urdu paise/urdu bhi/urdu to/urdu zeyad/urdu mile/urdu hoge/urdu na/urdu Pakistani/english 60k/english japan/english k/urdu bht/urdu hoge/urdu isliye/urdu 60k/english 70k/english haii/urdu na/urdu car/english k/urdu
XHQrr9fmTkc,Fatima ap plz black colour challenge kare or ap is look ma ziada cute lag Rahi ha ap APNA hair cut karva da,no,none,na,joy,Fatima/ambiguous ap/urdu plz/english black/english colour/english challenge/english kare/urdu or/urdu ap/urdu is/english look/english ma/urdu ziada/urdu cute/english lag/urdu Rahi/urdu ha/urdu ap/urdu APNA/urdu hair/english cut/english karva/urdu da/urdu
VUKai4CZSNw,Samaj nai ati ye band youth ko kis taraf ly k jaraha hai ek wo bhi waqt tha jb nojwano ki tarbiyat hi jahaad k Liye Hoti thi ye Banda longon ko Islam se door ly k jaraha hai shayad is ko qabar yaad nai hai apni family dikha k views ly Raha hai afsoos 😢,no,offensive,na,anger|sadness,Samaj/urdu nai/urdu ati/urdu ye/urdu band/urdu youth/english ko/urdu kis/urdu taraf/urdu ly/urdu k/urdu jaraha/urdu hai/urdu ek/urdu wo/urdu bhi/urdu waqt/urdu tha/urdu jb/urdu nojwano/urdu ki/urdu tarbiyat/urdu hi/urdu jahaad/urdu k/urdu Liye/urdu Hoti/urdu thi/urdu ye/urdu Banda/urdu longon/urdu ko/urdu Islam/urdu se/urdu door/urdu ly/urdu k/urdu jaraha/urdu hai/urdu shayad/urdu is/urdu ko/urdu qabar/urdu yaad/urdu nai/urdu hai/urdu apni/urdu family/english dikha/urdu k/urdu views/english ly/urdu Raha/urdu hai/urdu afsoos/urdu 😢/ambiguous
XHQrr9fmTkc,Rabiya aap itni pyari Nahin ho aap Hira ko kyon kah rahi ho aap Hira ki risa bi nhi ka sakti,yes,offensive,na,anger,Rabiya/urdu aap/urdu itni/urdu pyari/urdu Nahin/urdu ho/urdu aap/urdu Hira/urdu ko/urdu kyon/urdu kah/urdu rahi/urdu ho/urdu aap/urdu Hira/urdu ki/urdu risa/urdu bi/urdu nhi/urdu ka/urdu sakti/urdu
PKFU1F2QEMQ,Room ki chat Boht peyari hai,no,none,na,joy,english/english urdu/urdu urdu/urdu urdu/urdu urdu/urdu urdu/urdu
UiYpRBQ74fs,"Waleykum Assalam 
Allah Aap Ko Apni Hifazat Mei Rakhe Aameen",no,none,na,joy,Waleykum/urdu Assalam/urdu Allah/urdu Aap/urdu Ko/urdu Apni/urdu Hifazat/urdu Mei/urdu Rakhe/urdu Aameen/urdu
Erif7Vj9NSQ,"Yar ap log musalman ho??? 
Agar ho to ye kapde kese pehne hain ap logon ne sara pait nazar a raha hai yrrrrrrrrr 😮😮😮😮😮😮😮😮😮😮😮😮😮😮😮😮😮😮😮😮😮😮",yes,offensive,na,anger|surprise,Yar/urdu ap/urdu log/urdu musalman/urdu ho/urdu Agar/urdu ho/urdu to/urdu ye/urdu kapde/urdu kese/urdu pehne/urdu hain/urdu ap/urdu logon/urdu ne/urdu sara/urdu pait/urdu nazar/urdu a/urdu raha/urdu hai/urdu yrrrrrrrrr/ambiguous
VUKai4CZSNw,Meri dream country south Korea hai💜💜💜,no,none,na,joy,Meri/urdu dream/english country/english south/english Korea/english hai/urdu
FH8OUP2_sN4,Ducky bhai your are thee best vloger and full of life ❤,no,none,na,joy,Ducky/ambiguous bhai/urdu your/english are/english thee/english best/english vloger/english and/english full/english of/english life/english ❤/ambiguous
WJxfQWiP9DQ,"Shahid america ne Dollars dene se mana kia hoga, isi lia mohsin naqvi ro raha hoga...",yes,none,na,anger|sadness,Shahid/ambiguous america/english ne/urdu Dollars/english dene/urdu se/urdu mana/urdu kia/urdu hoga/urdu isi/urdu lia/urdu mohsin/ambiguous naqvi/ambiguous ro/urdu raha/urdu hoga/urdu
XHQrr9fmTkc,Kasa tu ice cream pank rahi ha jahil,yes,offensive,na,anger,Kasa/urdu tu/urdu ice/english cream/english pank/urdu rahi/urdu ha/urdu jahil/urdu
WJxfQWiP9DQ,Sub say pahly khotay (Choudary Nizamdin)  ko khu say nikalo.😮,no,hate,na,anger,Sub/urdu say/urdu pahly/urdu khotay/urdu Choudary/urdu Nizamdin/urdu ko/urdu khu/urdu say/urdu nikalo/urdu
IMnXqYDHhZI,Me INDIA se hu but apse bhot iccha hai Milne ki plz milna zaroor ❤❤,no,none,na,joy,Me/english INDIA/english se/urdu hu/urdu but/english apse/urdu bhot/urdu iccha/urdu hai/urdu Milne/urdu ki/urdu plz/english milna/urdu zaroor/urdu ❤❤/ambiguous
gvG35CxYOLg,Bhai Tujhe paka Bavaseer hone waali hai ye harkten kar k 😂,yes,none,na,joy,Bhai/urdu Tujhe/urdu paka/urdu Bavaseer/urdu hone/urdu waali/urdu hai/urdu ye/urdu harkten/urdu kar/urdu k/urdu 😂/ambiguous
VUKai4CZSNw,MACHINE KE MAZE 😂😂😅,yes,none,na,joy,MACHINE/english KE/urdu MAZE/urdu 😂😂😅/ambiguous
eY0i4nBXqdY,Mashallah subhan nallah Fatima aap ka fan ha,no,none,na,joy,Mashallah/urdu subhan/urdu nallah/urdu Fatima/ambiguous aap/urdu ka/urdu fan/english ha/urdu
gvG35CxYOLg,Bhai such btana jalli k NAHI ?,yes,none,na,surprise,Bhai/urdu such/english btana/urdu jalli/urdu k/urdu NAHI/urdu ?/ambiguous
4k0ZV0UFZSw,Khan badla nahi leta na wo Munirey mistri ko hatry ga,yes,none,na,anger,Khan/urdu badla/urdu nahi/urdu leta/urdu na/urdu wo/urdu Munirey/urdu mistri/urdu ko/urdu hatry/urdu ga/urdu
WJxfQWiP9DQ,"Warning Warning  Warning *******    ******** ********
Iqrar ul hassain ko lunch keya jaraha hy abhi Genz k naam per Army involved hain is main",no,offensive,na,anger|fear,Warning/english Warning/english Warning/english *******/ambiguous *******/ambiguous *******/ambiguous Iqrar/urdu ul/urdu hassain/urdu ko/urdu lunch/english keya/urdu jaraha/urdu hy/urdu abhi/urdu Genz/english k/urdu naam/urdu per/urdu Army/english involved/english hain/urdu is/urdu main/urdu
VUKai4CZSNw,Welcome to Japan ducky bhai & Aroob beauty 😂🇯🇵🫡,no,none,na,joy|surprise,Welcome/english to/english Japan/english ducky/english bhai/urdu &/ambiguous Aroob/ambiguous beauty/english 😂🇯🇵🫡/ambiguous
HeZ2VBdJeOk,Assalam o Aliakum Imran khan Bhai Qatar  Dissmiss Our Job Because we Are Pakistani  maybe Almost 500 Pakistani Dissmissed From Army  No body Discuss Our Issue please Talk Some Words About Our Job loss Thanks,no,none,na,anger|sadness,Assalam/urdu o/urdu Aliakum/urdu Imran/urdu khan/urdu Bhai/urdu Qatar/ambiguous Dissmiss/english Our/english Job/english Because/english we/english Are/english Pakistani/english maybe/english Almost/english 500/english Pakistani/english Dissmissed/english From/english Army/english No/english body/english Discuss/english Our/english Issue/english please/english Talk/english Some/english Words/english About/english Our/english Job/english loss/english Thanks/english
8ksTrbtyTco,Ayesha or maha choti se kakiya kue banti hn,yes,none,na,none,Ayesha/ambiguous or/english maha/urdu choti/urdu se/urdu kakiya/urdu kue/urdu banti/urdu hn/urdu
VUKai4CZSNw,AP Rajab tati chat Kai papa hai,yes,offensive,na,anger,urdu/ambiguous urdu/ambiguous urdu/ambiguous urdu/ambiguous urdu/ambiguous urdu/ambiguous urdu/ambiguous
-w7eMfsuRgA,The REFERENDUM SHOULD BE HONESTLY DONE BUT IT CANNOT BE CORRECTLY ANNOUNCED BEFORE WE HAVE NOT SEEN MUSHARAF DONE BECAUSE NO OPPOSITION PARTY IN A REFERENDUM BUT IS NOT AS PER ANY RULE S AS A ELECTION IS DEMOCRACY RULE WHAT THE JUDICIARY CAN BE SELECTED PARLIAMENT THE ADMINISTRATION WILL HAVE A TEAM AND A SPEAKER WILL BE FROM ADMINISTRATION OF ARMY,no,none,na,anger,The/english REFERENDUM/english SHOULD/english BE/english HONESTLY/english DONE/english BUT/english IT/english CANNOT/english BE/english CORRECTLY/english ANNOUNCED/english BEFORE/english WE/english HAVE/english NOT/english SEEN/english MUSHARAF/urdu DONE/english BECAUSE/english NO/english OPPOSITION/english PARTY/english IN/english A/english REFERENDUM/english BUT/english IS/english NOT/english AS/english PER/english ANY/english RULE/english S/english AS/english A/english ELECTION/english IS/english DEMOCRACY/english RULE/english WHAT/english THE/english JUDICIARY/english CAN/english BE/english SELECTED/english PARLIAMENT/english THE/english ADMINISTRATION/english WILL/english HAVE/english A/english TEAM/english AND/english A/english SPEAKER/english WILL/english BE/english FROM/english ADMINISTRATION/english OF/english ARMY/english
XHQrr9fmTkc,Black chudail banna Fatima ek Meri vah hai ki black kapda pahnana puri ghar mein black colour colour lagana😂😂👺🖤🩶🧡💛🔥💯🎉,yes,none,na,joy|surprise,Black/english chudail/urdu banna/urdu Fatima/urdu ek/urdu Meri/urdu vah/urdu hai/urdu ki/urdu black/english kapda/urdu pahnana/urdu puri/urdu ghar/urdu mein/urdu black/english colour/english colour/english lagana/urdu
FH8OUP2_sN4,ducky dhalaal and aroob ghusti lga rha sahi halany ka mokah deta maza ay gaya teri ghusti ko maar ka,yes,offensive,na,joy|anger,ducky/english dhalaal/urdu and/english aroob/urdu ghusti/urdu lga/urdu rha/urdu sahi/urdu halany/urdu ka/urdu mokah/urdu deta/urdu maza/urdu ay/urdu gaya/urdu teri/urdu ghusti/urdu ko/urdu maar/urdu ka/urdu
FH8OUP2_sN4,Laki bhai ruko mat China let's go Pakistan Bada prank hone wala hai laki bhai dhamaka macha do😂😂😂,yes,none,na,joy|surprise,Laki/urdu bhai/urdu ruko/urdu mat/urdu China/english let's/english go/english Pakistan/urdu Bada/urdu prank/english hone/urdu wala/urdu hai/urdu laki/urdu bhai/urdu dhamaka/urdu macha/urdu do/urdu
UiYpRBQ74fs,Well Said Imran Bhai...Our true hero....sacha bahadur Fighter.,no,none,na,joy,Well/english Said/english Imran/ambiguous Bhai/urdu Our/english true/english hero/english sacha/urdu bahadur/urdu Fighter/english
zfjRK9s0pjA,Humne duaaen ki hai😂😂😂❤❤❤❤🎉🎉🎉🎉🎉,yes,none,na,joy,Humne/urdu duaaen/urdu ki/urdu hai/urdu
ttL6k7wzGmQ,JO B HO MOLANA PAR JHOOTA ALZAM HEY MOLANA LOUNDEY BAZ NAHI HO SAKTA. MOLANA  HALWEY KA SHOKEN ZAROR HEY LEKIN MOLANA  LOUNDEY KA SHOKEEN NAHI,yes,offensive,na,anger,JO/urdu B/ambiguous HO/urdu MOLANA/urdu PAR/urdu JHOOTA/urdu ALZAM/urdu HEY/urdu MOLANA/urdu LOUNDEY/urdu BAZ/urdu NAHI/urdu HO/urdu SAKTA/urdu MOLANA/urdu HALWEY/urdu KA/urdu SHOKEN/urdu ZAROR/urdu HEY/urdu LEKIN/urdu MOLANA/urdu LOUNDEY/urdu KA/urdu SHOKEEN/urdu NAHI/urdu
4k0ZV0UFZSw,Pakistan Me Is Waqat Israel Mafiya Ki Government Hai,yes,offensive,misinfo,anger,Pakistan/urdu Me/urdu Is/english Waqat/urdu Israel/english Mafiya/urdu Ki/urdu Government/english Hai/urdu
BaMLBWWvNHA,Isi liye to bharwe ki divorce ho gai😂 right zulqarnain bhai fitna family,yes,offensive,na,joy,Isi/urdu liye/urdu to/urdu bharwe/urdu ki/urdu divorce/english ho/urdu gai/urdu right/english zulqarnain/urdu bhai/urdu fitna/urdu family/english
IMnXqYDHhZI,Kanwal ko shohar say baat krnay ki tameez bilkul nai han apni bayti ko kya sekha ray hon jab ap apnay shohar ki izzat nai kro gi to wo bi apnay baap ki nai kray gay bachi ki kya tarbiyat hori han? Bachi kya dekhti han ama aba say bataamezi may baat krti kal ko bachi hi yahi kray gi,no,offensive,na,anger,Kanwal/ambiguous ko/urdu shohar/urdu say/urdu baat/urdu krnay/urdu ki/urdu tameez/urdu bilkul/urdu nai/urdu han/urdu apni/urdu bayti/urdu ko/urdu kya/urdu sekha/urdu ray/urdu hon/urdu jab/urdu ap/urdu apnay/urdu shohar/urdu ki/urdu izzat/urdu nai/urdu kro/urdu gi/urdu to/urdu wo/urdu bi/urdu apnay/urdu baap/urdu ki/urdu nai/urdu kray/urdu gay/urdu bachi/urdu ki/urdu kya/urdu tarbiyat/urdu hori/urdu han/urdu Bachi/urdu kya/urdu dekhti/urdu han/urdu ama/urdu aba/urdu say/urdu bataamezi/urdu may/urdu baat/urdu krti/urdu kal/urdu ko/urdu bachi/urdu hi/urdu yahi/urdu kray/urdu gi/urdu
IMnXqYDHhZI,Api MRI beti 2 sal ki h hmy bi koj bhj dy,no,none,na,none,Api/urdu MRI/english beti/urdu 2/ambiguous sal/urdu ki/urdu h/urdu hmy/urdu bi/urdu koj/urdu bhj/urdu dy/urdu
Erif7Vj9NSQ,Fatima Aip aap lqar Aip ke Brat per black suit pahne,yes,none,na,none,Fatima/urdu Aip/ambiguous aap/urdu lqar/urdu Aip/ambiguous ke/urdu Brat/urdu per/urdu black/english suit/english pahne/urdu
IMnXqYDHhZI,Kanwal ky aj real face Dhaka bhagar make up ky kasam sy christan lag ree hai,yes,offensive,na,anger|surprise,Kanwal/ambiguous ky/urdu aj/urdu real/english face/english Dhaka/urdu bhagar/urdu make/english up/english ky/urdu kasam/urdu sy/urdu christan/english lag/urdu ree/urdu hai/urdu
UiYpRBQ74fs,Imran raiz bhài yeh pti leadership kab nikle gi. ab hum Pakistan main istablishment or hakumat sa tang AA gaye hain,yes,offensive,na,anger,Imran/ambiguous raiz/urdu bhài/urdu yeh/urdu pti/english leadership/english kab/urdu nikle/urdu gi/urdu ab/urdu hum/urdu Pakistan/ambiguous main/urdu istablishment/english or/urdu hakumat/urdu sa/urdu tang/urdu AA/urdu gaye/urdu hain/urdu
8ksTrbtyTco,litrelly mera chota bhi tropy dekh ke kehta is it real,yes,none,na,joy|surprise,litrelly/english mera/urdu chota/urdu bhi/urdu tropy/english dekh/urdu ke/urdu kehta/urdu is/english it/english real/english
gvG35CxYOLg,Bhai agar esi cheif ho to zeher bhi bana ke Dede wo bhi kha jao,yes,none,na,joy,Bhai/urdu agar/urdu esi/urdu cheif/english ho/urdu to/urdu zeher/urdu bhi/urdu bana/urdu ke/urdu Dede/urdu wo/urdu bhi/urdu kha/urdu jao/urdu
nqbNLe84dpM,See sajid Bhai. Zalmi plays. He eat all Jolo chip. You people eat small piece and you are crying.,yes,none,na,joy|anger,See/english sajid/urdu Bhai/urdu Zalmi/urdu plays/english He/english eat/english all/english Jolo/english chip/english You/english people/english eat/english small/english piece/english and/english you/english are/english crying/english
BljaIOvFkcM,Allah Imran Khan ki hifazat farmaey ameen Allahi ameen 💞,no,none,na,joy,Allah/urdu Imran/ambiguous Khan/ambiguous ki/urdu hifazat/urdu farmaey/urdu ameen/urdu Allahi/urdu ameen/urdu 💞/ambiguous
EyrNOfyxSBQ,Bhot acha kiya he uncle ne,no,none,na,joy,Bhot/urdu acha/urdu kiya/urdu he/urdu uncle/english ne/urdu
EyrNOfyxSBQ,Kash ap k real father b gerat mand hoty,yes,offensive,na,anger,Kash/urdu ap/urdu k/urdu real/english father/english b/urdu gerat/urdu mand/urdu hoty/urdu
eY0i4nBXqdY,Inshallah mai bhi ik din umrah karon gi 🤲🏽🤲🏽,no,none,na,joy,Inshallah/urdu mai/urdu bhi/urdu ik/urdu din/urdu umrah/urdu karon/urdu gi/urdu 🤲🏽🤲🏽/ambiguous
BaMLBWWvNHA,tum log kisi ko kush nahi dekha saktha tum log sirf jaltha ho aus saa tum log dekha hi nahi saktha aik insane kitne tarki  karsaktha,no,offensive,na,anger,tum/urdu log/urdu kisi/urdu ko/urdu kush/urdu nahi/urdu dekha/urdu saktha/urdu tum/urdu log/urdu sirf/urdu jaltha/urdu ho/urdu aus/urdu saa/urdu tum/urdu log/urdu dekha/urdu hi/urdu nahi/urdu saktha/urdu aik/urdu insane/english kitne/urdu tarki/urdu karsaktha/urdu
BaMLBWWvNHA,Bilkul hi ghalat bat kr rhy Hain ap...Sirf views Lene k lye rajab ki target kr rhy ho ap...apko is kism ki videos ni bnani chhaye,no,offensive,na,anger,urdu/urdu urdu/urdu urdu/urdu urdu/urdu urdu/urdu urdu/urdu urdu/urdu urdu/urdu english/english urdu/urdu urdu/urdu urdu/urdu urdu/urdu urdu/urdu urdu/urdu urdu/urdu urdu/urdu urdu/urdu urdu/urdu urdu/urdu urdu/urdu english/english urdu/urdu urdu/urdu urdu/urdu
IMnXqYDHhZI,Haram ki kmaii se Jo mrzi Le lo,yes,none,na,anger,Haram/urdu ki/urdu kmaii/urdu se/urdu Jo/urdu mrzi/urdu Le/urdu lo/urdu
BljaIOvFkcM,ye sab incident agencies kerwa rahi hain . jo emaandar mulq sath mukhlis ahelar hain unhin is tereeky say assassinate kerwaya ja raha hai,no,offensive,misinfo,anger|fear,ye/urdu sab/urdu incident/english agencies/english kerwa/urdu rahi/urdu hain/urdu ./ambiguous jo/urdu emaandar/urdu mulq/urdu sath/urdu mukhlis/urdu ahelar/urdu hain/urdu unhin/urdu is/urdu tereeky/urdu say/urdu assassinate/english kerwaya/urdu ja/urdu raha/urdu hai/urdu
BljaIOvFkcM,Allah pak imran Khan ko sehat ata farmae or in sab ko hadeat de or ham sab ko apni hifazat men rakhy Great leadar imran Khan I love you ❤❤❤❤❤❤❤❤❤❤❤❤❤❤❤❤❤❤❤❤❤❤,no,none,na,joy,Allah/urdu pak/urdu imran/urdu Khan/urdu ko/urdu sehat/urdu ata/urdu farmae/urdu or/urdu in/urdu sab/urdu ko/urdu hadeat/urdu de/urdu or/urdu ham/urdu sab/urdu ko/urdu apni/urdu hifazat/urdu men/urdu rakhy/urdu Great/english leadar/urdu imran/urdu Khan/urdu I/english love/english you/english
N-0DINjOMlY,Pehli br dekha choty bachy ko akeala chor kr jaty,no,none,na,surprise,Pehli/urdu br/ambiguous dekha/urdu choty/urdu bachy/urdu ko/urdu akeala/urdu chor/urdu kr/urdu jaty/urdu
XHQrr9fmTkc,1:22 Fatima api larka ban ky or bhi handsome lag Rahi ha 😂😂😊😊❤😊😊❤😊❤😊❤big fan,yes,none,na,joy|surprise,1:22/ambiguous Fatima/urdu api/urdu larka/urdu ban/urdu ky/urdu or/urdu bhi/urdu handsome/english lag/urdu Rahi/urdu ha/urdu big/english fan/english
zfjRK9s0pjA,Allah Tala ko bahut bahut alag Tarah ke bacchon ko Salam kuchh Nahin Hoga mere Bhai masala inshallah ki dawai Kabul Kar Dega😊😊😊😮😮😮😮😢😢😢😢❤❤❤❤ aunty aap banaa sab kuchh theek ho jaega aap Nahin ho❤❤❤❤❤❤🎉😢😢😢😢😢,no,none,na,sadness|joy,Allah/urdu Tala/urdu ko/urdu bahut/urdu bahut/urdu alag/urdu Tarah/urdu ke/urdu bacchon/urdu ko/urdu Salam/urdu kuchh/urdu Nahin/urdu Hoga/urdu mere/urdu Bhai/urdu masala/urdu inshallah/urdu ki/urdu dawai/urdu Kabul/urdu Kar/urdu Dega/urdu aunty/urdu aap/urdu banaa/urdu sab/urdu kuchh/urdu theek/urdu ho/urdu jaega/urdu aap/urdu Nahin/urdu ho/urdu
hhFGhAo4ZfY,Jangli har waqt khatay hi rehtay hai or woh bi aise jese phehlay kabhi kahaya hi nahi hai,yes,offensive,na,anger,Jangli/urdu har/urdu waqt/urdu khatay/urdu hi/urdu rehtay/urdu hai/urdu or/urdu woh/urdu bi/urdu aise/urdu jese/urdu phehlay/urdu kabhi/urdu kahaya/urdu hi/urdu nahi/urdu hai/urdu
-w7eMfsuRgA,"❤ Gill Saab,  jitnay Generals hain itnay sobay bna do  ta k Generals main ehsasay mehroomi na rahay   ❤",yes,none,na,joy|anger,❤/ambiguous Gill/english Saab/urdu jitnay/urdu Generals/english hain/urdu itnay/urdu sobay/urdu bna/urdu do/urdu ta/urdu k/urdu Generals/english main/urdu ehsasay/urdu mehroomi/urdu na/urdu rahay/urdu ❤/ambiguous
BmpRnfu16YA,Skclsl❤wohkxjsdkskdxlsk 😅to call you 😅back I love you too baby girl I love you too baby girl I love ynou too baby girl I ttbjjsk allttt so lxmclfkv han to much glvmccmcm cb kcmcklxzl to call you back I love you too baby girl I love you too baby girl I love you too baby girl I love you too baby girl I love you too baby 🐥 🍼 to be a good 😊 to call you back I love you too baby girl I love you too baby girl I love 🎉 you so much for ffm you too 😘 much for the kids and down to the kids to the park and j auto parts in sb wsy hi sb Kuch Kuch HOTA hai sir I will be a little late but I love you too 😘 much for the kids to the kids 😂 🥰 jfj to call you back 🔙 to call you back I love you too baby girl I love you too 😘 much for the kids to the kids to the kids to the kids to the kids to j,no,none,na,joy,Skclsl/ambiguous wohkxjsdkskdxlsk/ambiguous to/english call/english you/english back/english I/english love/english you/english too/english baby/english girl/english I/english love/english you/english too/english baby/english girl/english I/english love/english ynou/ambiguous too/english baby/english girl/english I/english ttbjjsk/ambiguous allttt/ambiguous so/english lxmclfkv/ambiguous han/urdu to/english much/english glvmccmcm/ambiguous cb/ambiguous kcmcklxzl/ambiguous to/english call/english you/english back/english I/english love/english you/english too/english baby/english girl/english I/english love/english you/english too/english baby/english girl/english I/english love/english you/english too/english baby/english girl/english I/english love/english you/english too/english baby/english girl/english I/english love/english you/english too/english baby/english to/english be/english a/english good/english to/english call/english you/english back/english I/english love/english you/english too/english baby/english girl/english I/english love/english you/english too/english baby/english girl/english I/english love/english you/english so/english much/english for/english ffm/ambiguous you/english too/english much/english for/english the/english kids/english and/english down/english to/english the/english kids/english to/english the/english park/english and/english j/ambiguous auto/english parts/english in/english sb/ambiguous wsy/ambiguous hi/english sb/ambiguous Kuch/urdu Kuch/urdu HOTA/urdu hai/urdu sir/english I/english will/english be/english a/english little/english late/english but/english I/english love/english you/english too/english much/english for/english the/english kids/english to/english the/english kids/english jfj/ambiguous to/english call/english you/english back/english to/english call/english you/english back/english I/english love/english you/english too/english baby/english girl/english I/english love/english you/english too/english much/english for/english the/english kids/english to/english the/english kids/english to/english the/english kids/english to/english the/english kids/english to/english the/english kids/english to/english j/ambiguous
IMnXqYDHhZI,Bhi ap na rajab bhi ka bara ma kha na wasa vo ap ka bhi ha,yes,none,na,anger,Bhi/urdu ap/urdu na/urdu rajab/urdu bhi/urdu ka/urdu bara/urdu ma/urdu kha/urdu na/urdu wasa/urdu vo/urdu ap/urdu ka/urdu bhi/urdu ha/urdu
ttL6k7wzGmQ,Sami sab. You are great and honest. Your all talking true. I like to you only one. Allah pak aap ko hamasha salamat rakhey.thanx,no,none,na,joy,Sami/urdu sab./urdu You/english are/english great/english and/english honest./english Your/english all/english talking/english true./english I/english like/english to/english you/english only/english one./english Allah/urdu pak/urdu aap/urdu ko/urdu hamasha/urdu salamat/urdu rakhey.thanx/ambiguous
ttL6k7wzGmQ,"Sami sb. ALLAH (SWT) apko sehat-e-kamila ata farmaye aur sehat wali lambi zindagi ata farmaye, aameen 🎉😇",no,none,na,joy,Sami/ambiguous sb./english ALLAH/ambiguous (SWT)/english apko/urdu sehat-e-kamila/urdu ata/urdu farmaye/urdu aur/urdu sehat/urdu wali/urdu lambi/urdu zindagi/urdu ata/urdu farmaye/urdu aameen/urdu 🎉😇/ambiguous
zXAAAXogJ78,Zulqarnain bhai ki dressing aaj bilkul achi nahi lagri hai sorry,yes,none,na,sadness,Zulqarnain/ambiguous bhai/urdu ki/urdu dressing/english aaj/urdu bilkul/urdu achi/urdu nahi/urdu lagri/urdu hai/urdu sorry/english
IMnXqYDHhZI,Plz kanwal show off my krein ....logon KO ehsas kmtri Ka Shikar krty o ap,yes,none,na,anger,Plz/english kanwal/urdu show/english off/english my/english krein/urdu ....logon/urdu KO/urdu ehsas/urdu kmtri/urdu Ka/urdu Shikar/urdu krty/urdu o/urdu ap/urdu
8ksTrbtyTco,Koi Guess kr skta h kya shahveer knsa trimmer number use krta h beard p,no,none,na,none,urdu/urdu Guess/english kr/urdu skta/urdu h/urdu kya/urdu shahveer/ambiguous knsa/urdu trimmer/english number/english use/english krta/urdu h/urdu beard/english p/urdu
-w7eMfsuRgA,Aapka Teesra galat hai yah Turki ka model Nahin Misar model Lana chah Rahe Hain Naam Turki ke,no,none,na,anger,Aapka/urdu Teesra/urdu galat/urdu hai/urdu yah/urdu Turki/urdu ka/urdu model/english Nahin/urdu Misar/urdu model/english Lana/urdu chah/urdu Rahe/urdu Hain/urdu Naam/urdu Turki/urdu ke/urdu
eY0i4nBXqdY,Api ap ka saat ya hi hona chiya tha exident sab ko moo jesim dikhati ho,yes,none,na,anger|sadness,Api/urdu ap/urdu ka/urdu saat/urdu ya/urdu hi/urdu hona/urdu chiya/urdu tha/urdu exident/english sab/urdu ko/urdu moo/urdu jesim/ambiguous dikhati/urdu ho/urdu
N-0DINjOMlY,MASHALLAH MASHALLAH cute baby hai MASHALLAH MASHALLAH ALLAH pak AP sab ko hemsaha Kush rakhy amen ur ALLAH pak AP sab ko har buri nazer say bajay amen,no,none,na,joy,MASHALLAH/urdu MASHALLAH/urdu cute/english baby/english hai/urdu MASHALLAH/urdu MASHALLAH/urdu ALLAH/urdu pak/urdu AP/urdu sab/urdu ko/urdu hemsaha/urdu Kush/urdu rakhy/urdu amen/urdu ur/english ALLAH/urdu pak/urdu AP/urdu sab/urdu ko/urdu har/urdu buri/urdu nazer/urdu say/urdu bajay/urdu amen/urdu
BmpRnfu16YA,"Yi haya Kon hn 
Gar ma Sha ALLAh boht acha tha ALLAh naseb Kary",no,none,na,joy,Yi/urdu haya/urdu Kon/urdu hn/urdu Gar/urdu ma/urdu Sha/urdu ALLAh/ambiguous boht/urdu acha/urdu tha/urdu ALLAh/ambiguous naseb/urdu Kary/urdu
FH8OUP2_sN4,Love You ❤ Ducky Bhai,no,none,na,joy,Love/english You/english ❤/ambiguous Ducky/english Bhai/urdu
IMnXqYDHhZI,Is bandi nay tuhmara bhata bhtaya hy vlogging ka,yes,offensive,na,anger,Is/urdu bandi/urdu nay/urdu tuhmara/urdu bhata/urdu bhtaya/urdu hy/urdu vlogging/english ka/urdu
PKFU1F2QEMQ,Mashallah bahut pyara Ghar hai Allah naseeb Karen sabko,no,none,na,joy,Mashallah/urdu bahut/urdu pyara/urdu Ghar/urdu hai/urdu Allah/urdu naseeb/urdu Karen/urdu sabko/urdu
gvG35CxYOLg,bhai fun k liye hi sai easi cheezain na kia krain jo ap ki health ko hi nuksan pohnchain,no,none,na,none,bhai/urdu fun/english k/urdu liye/urdu hi/urdu sai/urdu easi/english cheezain/urdu na/urdu kia/urdu krain/urdu jo/urdu ap/urdu ki/urdu health/english ko/urdu hi/urdu nuksan/urdu pohnchain/urdu
gvG35CxYOLg,u alikum i am ur biggest fan from pk i want to earn a money from internet i need a money i do my baclor now a days can u suggest me u now internet batter than me plzzz shahveer bhai I want to become a indepandance girl help i try a lot of jobs but all are fakes thats why i am here i belive it u suggest me a real job,no,none,na,sadness|fear,u/urdu alikum/urdu i/english am/english ur/english biggest/english fan/english from/english pk/english i/english want/english to/english earn/english a/english money/english from/english internet/english i/english need/english a/english money/english i/english do/english my/english baclor/english now/english a/english days/english can/english u/urdu suggest/english me/english u/urdu now/english internet/english batter/english than/english me/english plzzz/ambiguous shahveer/urdu bhai/urdu I/english want/english to/english become/english a/english indepandance/english girl/english help/english i/english try/english a/english lot/english of/english jobs/english but/english all/english are/english fakes/english thats/english why/english i/english am/english here/english i/english belive/english it/english u/urdu suggest/english me/english a/english real/english job/english
FH8OUP2_sN4,Duck bhai miss you,no,none,na,sadness,english/english urdu/urdu english/english english/english
IMnXqYDHhZI,MashaAllah MashaAllah MashaAllah MashaAllah MashaAllah MashaAllah MashaAllah Allah naseeb kry  hum girls ka qeemti asasa hai 😁,no,none,na,joy,MashaAllah/urdu MashaAllah/urdu MashaAllah/urdu MashaAllah/urdu MashaAllah/urdu MashaAllah/urdu MashaAllah/urdu Allah/urdu naseeb/urdu kry/urdu hum/urdu girls/english ka/urdu qeemti/urdu asasa/urdu hai/urdu 😁/ambiguous
nqbNLe84dpM,Ya chase kata na ki ha,yes,none,na,surprise,Ya/urdu chase/english kata/urdu na/urdu ki/urdu ha/urdu
8ksTrbtyTco,Tum dono couples ho he baghairat,no,offensive,na,anger,Tum/urdu dono/urdu couples/english ho/urdu he/urdu baghairat/urdu
Erif7Vj9NSQ,red bohut axha hai,no,none,na,joy,english/english bohut/urdu axha/urdu hai/urdu
BljaIOvFkcM,Wardi pe inko gharoor hey .inki wardi tabdeel kr do . Choola pehna do inko .aqal thinking ajaye gi,yes,hate,na,anger,Wardi/urdu pe/urdu inko/urdu gharoor/urdu hey/urdu inki/urdu wardi/urdu tabdeel/urdu kr/urdu do/urdu Choola/urdu pehna/urdu do/urdu inko/urdu aqal/urdu thinking/english ajaye/urdu gi/urdu
BmpRnfu16YA,Didi main aapki bahut badi fan hun aur main bhi Pakistan se hi hun per mujhe aapka kar Nahin pata aur didi please aap mujhe apni age bataen please didi mere abbu Jaan hai mera naam hafsa Waseem 😢,no,none,na,sadness,Didi/urdu main/urdu aapki/urdu bahut/urdu badi/urdu fan/english hun/urdu aur/urdu main/urdu bhi/urdu Pakistan/urdu se/urdu hi/urdu hun/urdu per/urdu mujhe/urdu aapka/urdu kar/urdu Nahin/urdu pata/urdu aur/urdu didi/urdu please/english aap/urdu mujhe/urdu apni/urdu age/english bataen/urdu please/english didi/urdu mere/urdu abbu/urdu Jaan/urdu hai/urdu mera/urdu naam/urdu hafsa/urdu Waseem/urdu 😢/ambiguous
zfjRK9s0pjA,McKenzie MX kid k,no,none,na,none,McKenzie/english MX/english kid/english k/ambiguous
nqbNLe84dpM,Please please apne bacche ke kapde donate😢😢😢😢😢😢,no,none,na,sadness,Please/english please/english apne/urdu bacche/urdu ke/urdu kapde/urdu donate/english
nqbNLe84dpM,Zainab overacting ki dukaan,yes,offensive,na,anger,Zainab/ambiguous overacting/english ki/urdu dukaan/urdu
N-0DINjOMlY,Kanwal mashallah patli hui ha face n body sa bhi,no,none,na,joy,Kanwal/ambiguous mashallah/urdu patli/urdu hui/urdu ha/urdu face/english n/english body/english sa/urdu bhi/urdu
EyrNOfyxSBQ,Vloging krti tu he phir gherat word ki yaha be hurnati q ki,yes,offensive,na,anger,english/english urdu/urdu urdu/urdu urdu/urdu urdu/urdu urdu/urdu english/english urdu/urdu urdu/urdu urdu/urdu urdu/urdu urdu/urdu urdu/urdu
BljaIOvFkcM,Police wale jhannum wasil ho gy hain,yes,offensive,na,anger,Police/english wale/urdu jhannum/urdu wasil/urdu ho/urdu gy/urdu hain/urdu
IMnXqYDHhZI,Mashallah aj acha laga kanwal na vlog kiya 😊❤,no,none,na,joy,Mashallah/urdu aj/urdu acha/urdu laga/urdu kanwal/ambiguous na/urdu vlog/english kiya/urdu 😊/ambiguous ❤/ambiguous
Erif7Vj9NSQ,Ap sab main se sab se piyari Fatima API hai,no,none,na,joy,Ap/urdu sab/urdu main/urdu se/urdu sab/urdu se/urdu piyari/urdu Fatima/ambiguous API/english hai/urdu
VUKai4CZSNw,Bhai app ka intizar karta ho,no,none,na,none,Bhai/urdu app/english ka/urdu intizar/urdu karta/urdu ho/urdu
HeZ2VBdJeOk,Allha pak Imran Khan ki madat farmay,no,none,na,none,urdu/ambiguous urdu/ambiguous english/english english/english urdu/urdu urdu/urdu urdu/urdu
-w7eMfsuRgA,Alamate nhi lante hain,no,none,na,none,urdu/urdu nhi/urdu lante/urdu hain/urdu
XHQrr9fmTkc,N wala Koi comment de rahe comment maine abhi Dekha Hai,no,none,na,none,ambiguous/ambiguous wala/urdu Koi/urdu comment/english de/urdu rahe/urdu comment/english maine/urdu abhi/urdu Dekha/urdu Hai/urdu
BaMLBWWvNHA,Tu kitna ghutiya hai rey zulqarnain 😂,yes,offensive,na,joy|anger,Tu/urdu kitna/urdu ghutiya/urdu hai/urdu rey/urdu zulqarnain/ambiguous 😂/ambiguous
IMnXqYDHhZI,Kanwal boht pyari mashallah ❤❤ ab se vlog ap banana,no,none,na,joy,Kanwal/ambiguous boht/urdu pyari/urdu mashallah/urdu ❤❤/ambiguous ab/urdu se/urdu vlog/english ap/urdu banana/urdu
BljaIOvFkcM,❤en zalmon ko Allah tbah kre aa meeñ ❤,no,hate,na,anger,ambiguous/ambiguous zalmon/urdu ko/urdu Allah/urdu tbah/urdu kre/urdu aa/urdu meeñ/urdu ambiguous/ambiguous
gvG35CxYOLg,Hi shaver bhai I’m Mirha Sajeel sehgals niece aka your bffs niece,no,none,na,joy,Hi/english shaver/english bhai/urdu I'm/english Mirha/english Sajeel/english sehgals/english niece/english aka/english your/english bffs/english niece/english
EyrNOfyxSBQ,wa kiya accting ki ha apiiiiiiii,yes,none,na,surprise,wa/urdu kiya/urdu accting/english ki/urdu ha/urdu apiiiiiiii/ambiguous
nqbNLe84dpM,uncle ny bhi khaya uny tou kuch bhi nae hua,yes,none,na,surprise,uncle/english ny/urdu bhi/urdu khaya/urdu uny/urdu tou/urdu kuch/urdu bhi/urdu nae/urdu hua/urdu
Erif7Vj9NSQ,Red wala Acha lage ga,no,none,na,joy,english/english wala/urdu Acha/urdu lage/urdu ga/urdu
EyrNOfyxSBQ,Aik am lrki apny khwab purny ni kr sktiii 😢😢😢Ye muashraa bht zalim h .this story is really good and I wish k ye hr koi dhky or un janhil logo k samny b ay jiny izat KTM hony khtra sirf aik orat zat s lgta h  mrd Jo mrzi kry lykin orat glti kr dy to un mrd ki izat p swal ajata h waaa .😢😢😢😢😢 really good and according to society or timeee✨✨✨,no,offensive,na,sadness|anger,Aik/urdu am/english lrki/urdu apny/urdu khwab/urdu purny/urdu ni/urdu kr/urdu sktiii/urdu Ye/urdu muashraa/urdu bht/urdu zalim/urdu h/urdu .this/english story/english is/english really/english good/english and/english I/english wish/english k/urdu ye/urdu hr/urdu koi/urdu dhky/urdu or/urdu un/urdu janhil/urdu logo/urdu k/urdu samny/urdu b/urdu ay/urdu jiny/urdu izat/urdu KTM/ambiguous hony/urdu khtra/urdu sirf/urdu aik/urdu orat/urdu zat/urdu s/urdu lgta/urdu h/urdu mrd/urdu Jo/urdu mrzi/urdu kry/urdu lykin/urdu orat/urdu glti/urdu kr/urdu dy/urdu to/urdu un/urdu mrd/urdu ki/urdu izat/urdu p/urdu swal/urdu ajata/urdu h/urdu waaa/urdu really/english good/english and/english according/english to/english society/english or/english timeee/english
EyrNOfyxSBQ,Acting bhi achi hoti tau maza ata. Message tau acha tha acting itni ghatiya,no,none,na,anger,Acting/english bhi/urdu achi/urdu hoti/urdu tau/urdu maza/urdu ata/urdu Message/english tau/urdu acha/urdu tha/urdu acting/english itni/urdu ghatiya/urdu
VUKai4CZSNw,"Ducky Bhai love you from chawinda ❤❤❤❤
You are a real king of YouTube in Pakistan 🇵🇰",no,none,na,joy,Ducky/ambiguous Bhai/urdu love/english you/english from/english chawinda/urdu ❤❤❤❤/ambiguous You/english are/english a/english real/english king/english of/english YouTube/english in/english Pakistan/english 🇵🇰/ambiguous
BaMLBWWvNHA,"Pure vlogs p bhi itne views nahi hai jite ye ek vlog p hai wo bhi jitne subscribers se zyada views hai 
Viewership down chalrahi hai paisa utna nahi araha hai to controversy or nicha dikha k paise kamare ho chillar cheap vlogs very tatti vlogs 💩💩 
Log keh rahe hai well educated men 
But uska ultha hai ine lounda over kara ake fake one over action vlogs tati vlogs 💩💩💩💩💩💩💩💩💩💩💩💩💩💩💩💩💩💩💩💩💩💩💩💩💩💩💩💩💩💩💩💩💩💩💩💩💩💩💩💩💩",yes,offensive,na,anger,urdu/urdu english/english urdu/urdu urdu/urdu urdu/urdu english/english urdu/urdu urdu/urdu urdu/urdu urdu/urdu urdu/urdu english/english urdu/urdu urdu/urdu urdu/urdu urdu/urdu urdu/urdu english/english urdu/urdu urdu/urdu english/english urdu/urdu english/english urdu/urdu urdu/urdu urdu/urdu urdu/urdu urdu/urdu urdu/urdu urdu/urdu urdu/urdu urdu/urdu urdu/urdu urdu/urdu urdu/urdu urdu/urdu urdu/urdu english/english urdu/urdu urdu/urdu urdu/urdu urdu/urdu english/english english/english urdu/urdu english/english urdu/urdu urdu/urdu urdu/urdu urdu/urdu urdu/urdu urdu/urdu urdu/urdu urdu/urdu urdu/urdu urdu/urdu english/english urdu/urdu urdu/urdu urdu/urdu english/english english/english english/english urdu/urdu english/english urdu/urdu ambiguous/ambiguous english/english ambiguous/ambiguous
FH8OUP2_sN4,Ducky bhai big fan gift for me please one scooter 😢,no,none,na,sadness,Ducky/ambiguous bhai/urdu big/english fan/english gift/english for/english me/english please/english one/english scooter/english 😢/ambiguous
VUKai4CZSNw,Ducky bhi Mera bhi b Japan ha Tokyo may 😊,no,none,na,joy,english/english urdu/urdu urdu/urdu urdu/urdu urdu/urdu english/english urdu/urdu english/english urdu/urdu ambiguous/ambiguous
IMnXqYDHhZI,Kanwal asi Dayhan hai koi b kam kare gi usky bd mera hisa ......Fazoool 2 Din ky he ty shock uthar gaya dayhan ky,yes,offensive,na,anger|surprise,Kanwal/ambiguous asi/urdu Dayhan/ambiguous hai/urdu koi/urdu b/urdu kam/urdu kare/urdu gi/urdu usky/urdu bd/urdu mera/urdu hisa/urdu Fazoool/urdu 2/english Din/urdu ky/urdu he/urdu ty/urdu shock/english uthar/urdu gaya/urdu dayhan/ambiguous ky/urdu
IMnXqYDHhZI,Mashallah mashallah mashallah bahut achcha lagta hai aapko block karte hue dekhkar mashallah mashallah best of luck Allah aur kam jyada hamari duaaen aapke sath hai hamesha khush raho is Tarah hanste muskurate rahe 🤲😍🤗,yes,none,na,joy,Mashallah/urdu mashallah/urdu mashallah/urdu bahut/urdu achcha/urdu lagta/urdu hai/urdu aapko/urdu block/english karte/urdu hue/urdu dekhkar/urdu mashallah/urdu mashallah/urdu best/english of/english luck/english Allah/urdu aur/urdu kam/urdu jyada/urdu hamari/urdu duaaen/urdu aapke/urdu sath/urdu hai/urdu hamesha/urdu khush/urdu raho/urdu is/urdu Tarah/urdu hanste/urdu muskurate/urdu rahe/urdu 🤲/ambiguous 😍/ambiguous 🤗/ambiguous
BaMLBWWvNHA,Chal oye jedi teri wife de breast peice wah na oo chok ke chat,no,hate,na,anger,Chal/urdu oye/urdu jedi/urdu teri/urdu wife/english de/urdu breast/english peice/english wah/urdu na/urdu oo/urdu chok/urdu ke/urdu chat/urdu
BaMLBWWvNHA,Rajab ny Eman KO cash Kiya hain... famous honay ky liye....,yes,offensive,na,anger,Rajab/urdu ny/urdu Eman/urdu KO/urdu cash/english Kiya/urdu hain/urdu famous/english honay/urdu ky/urdu liye/urdu
IMnXqYDHhZI,Shoes 👠 ko mashallah ni bolty,yes,none,na,joy,Shoes/english 👠/ambiguous ko/urdu mashallah/urdu ni/urdu bolty/urdu
-w7eMfsuRgA,"Aap ko kitna hi inki nyet men shak ho, magar sooby banna bohat zaroori he, r I ski zaroorat bohat pehly se mehsoos ki ja rahi thi, r ye hi moqa he is par amal karne ka, warna siasi log ye kabhi nhin hony den ge. Yehi waqt he ke kalabagh dam ka bhi ailan kardena chahye.",no,none,na,anger,Aap/urdu ko/urdu kitna/urdu hi/urdu inki/urdu nyet/urdu men/urdu shak/urdu ho/urdu magar/urdu sooby/urdu banna/urdu bohat/urdu zaroori/urdu he/urdu r/english I/english ski/urdu zaroorat/urdu bohat/urdu pehly/urdu se/urdu mehsoos/urdu ki/urdu ja/urdu rahi/urdu thi/urdu r/english ye/urdu hi/urdu moqa/urdu he/urdu is/urdu par/urdu amal/urdu karne/urdu ka/urdu warna/urdu siasi/urdu log/urdu ye/urdu kabhi/urdu nhin/urdu hony/urdu den/urdu ge/urdu Yehi/urdu waqt/urdu he/urdu ke/urdu kalabagh/urdu dam/urdu ka/urdu bhi/urdu ailan/urdu kardena/urdu chahye/urdu
IMnXqYDHhZI,Kanwal ky koi friend nahi koi kanwal ko bholana pasand nahi karta khun ky Iss ky andar Kira bht smell wala hai,no,offensive,na,anger,urdu/urdu ky/urdu koi/urdu friend/english nahi/urdu koi/urdu kanwal/urdu ko/urdu bholana/urdu pasand/urdu nahi/urdu karta/urdu khun/urdu ky/urdu Iss/urdu ky/urdu andar/urdu Kira/urdu bht/urdu smell/english wala/urdu hai/urdu
IMnXqYDHhZI,"8:19 ye kis ki baat kar rahy hain , cann somebody tell ?",no,none,na,surprise,"8:19/ambiguous ye/urdu kis/urdu ki/urdu baat/urdu kar/urdu rahy/urdu hain/urdu ,/ambiguous cann/english somebody/english tell/english ?/ambiguous"
Erif7Vj9NSQ,Fatima      ap mari     favaruit     hai,no,none,na,joy,Fatima/ambiguous ap/urdu mari/urdu favaruit/urdu hai/urdu
eY0i4nBXqdY,10:49 tu chota Bach's hai kya got me laughing soooo hard,no,none,na,joy|surprise,10:49/ambiguous tu/urdu chota/urdu Bach's/english hai/urdu kya/urdu got/english me/english laughing/english soooo/english hard/english
zfjRK9s0pjA,Allah maa aur beti donon ko hifazat main rakhain❤❤❤,no,none,na,joy,Allah/ambiguous maa/urdu aur/urdu beti/urdu donon/urdu ko/urdu hifazat/urdu main/urdu rakhain/urdu
PKFU1F2QEMQ,Amin Allah SB ko apna ghr de,no,none,na,joy,urdu/urdu Allah/ambiguous SB/ambiguous ko/urdu apna/urdu ghr/urdu de/urdu
BmpRnfu16YA,Haya ki behan ko dekhao,yes,offensive,na,anger,Haya/ambiguous ki/urdu behan/urdu ko/urdu dekhao/urdu
8ksTrbtyTco,Sorry guys sirf 1 to 2 mins mai hi mujhe idea ho gaya k aap ne total boycotted ingredients utha e hn so. Behterhai hm na dekhn,yes,none,na,surprise,Sorry/english guys/english sirf/urdu 1/ambiguous to/urdu 2/ambiguous mins/english mai/urdu hi/urdu mujhe/urdu idea/english ho/urdu gaya/urdu k/urdu aap/urdu ne/urdu total/english boycotted/english ingredients/english utha/urdu e/urdu hn/urdu so/english Behterhai/urdu hm/urdu na/urdu dekhn/urdu
zfjRK9s0pjA,It's okay Ikra aap hi Meri aap hi Jaisi Hai,no,none,na,joy,It's/english okay/english Ikra/ambiguous aap/urdu hi/urdu Meri/urdu aap/urdu hi/urdu Jaisi/urdu Hai/urdu
gvG35CxYOLg,Shahveer bro yeh toh theek ha lekin bad m jo washroom ma khoon nikla wo bhi toh dekhao,yes,none,na,surprise,Shahveer/ambiguous bro/english yeh/urdu toh/urdu theek/urdu ha/urdu lekin/urdu bad/urdu m/urdu jo/urdu washroom/english ma/urdu khoon/urdu nikla/urdu wo/urdu bhi/urdu toh/urdu dekhao/urdu
4k0ZV0UFZSw,"*WE ALSO CONTEMPLATING ABOUT YOU""BLOODY CIVILIAN*
*FIRST OF ALL WALAYKUM AS-SALAM WA RAHMAT UL-LAHE WA BARAKATOHU JANAB GOOD SENSE JURNALIST YOU ARE VERY NICE NEWS CASTERS ANCHOR SWEET LANGUAGE THANKS FOR PROVIDING TRUTHS NEWS*

*SECOND OF THIS,*
*ALL IS RIGHT 💯✍️BUT OUR GREAT LEADER OF KARACHI'S ALTAF HUSSEIN BHAI INDIAN AGENTS JINAHPUR WALA ""REVOLTERS""TRUE SAYINGS THAT WHICH TYPE OF HARAMI PANA BEING STARTING SHUROO IN OUR HONEST STATE PAKISTAN NEVERTHELESS, ANYHOW*

*""REVOLTER"" YOU'RE (MOST WANTED) TO OUR HONEST STATE OF PAKISTAN ZINDABAD*
*PAKISTAN IS NOW TOP ONE IN HONESTY & TRANSPARENCY INSTEAD OF JAPAN""JAPANESE ARE NOW IN NO.# TWO NOT ONE""*
*ALWAYS ABIDE IN BOLD STANCE WITH BEST PRISTAGES OUTCOME WILL BE BATTER INSHA-ALLAH*

*وعلیکم السلام ورحمتہ اللّٰہ وبرکاتہ* 
*آمین یارب العالمین*
*برکت بھری صبح کا آغاز* *قلب و روح کی گہرائیوں*
*سے نکلی ھوئی پر خلوص*
*دعا ہے*🤲🙏
*کہنا آپ کو اس*
*نعمت سے سرفراز فرماۓ*
*جس میں آپ کے لیے* :
*خیر و برکت* 🤲🙏
*آپ کا بھائی*   *شکریہ*
*بھائ احمد رضا* 🤲🙏
*آمیــــــــــــن ثم آمیــــــــــــن*
*OBSESSED OF TRUTH & JUSTICE TOP⚖️*
*DON'T WORRIES & FEARED*",yes,hate,misinfo,anger|joy,WE/english ALSO/english CONTEMPLATING/english ABOUT/english YOU/english BLOODY/english CIVILIAN/english FIRST/english OF/english ALL/english WALAYKUM/urdu AS-SALAM/urdu WA/urdu RAHMAT/urdu UL-LAHE/urdu WA/urdu BARAKATOHU/urdu JANAB/urdu GOOD/english SENSE/english JURNALIST/english YOU/english ARE/english VERY/english NICE/english NEWS/english CASTERS/english ANCHOR/english SWEET/english LANGUAGE/english THANKS/english FOR/english PROVIDING/english TRUTHS/english NEWS/english SECOND/english OF/english THIS/english ALL/english IS/english RIGHT/english BUT/english OUR/english GREAT/english LEADER/english OF/english KARACHI'S/english ALTAF/english HUSSEIN/english BHAI/urdu INDIAN/english AGENTS/english JINAHPUR/english WALA/urdu REVOLTERS/english TRUE/english SAYINGS/english THAT/english WHICH/english TYPE/english OF/english HARAMI/urdu PANA/urdu BEING/english STARTING/english SHUROO/urdu IN/english OUR/english HONEST/english STATE/english PAKISTAN/english NEVERTHELESS/english ANYHOW/english REVOLTER/english YOU'RE/english MOST/english WANTED/english TO/english OUR/english HONEST/english STATE/english OF/english PAKISTAN/english ZINDABAD/urdu PAKISTAN/english IS/english NOW/english TOP/english ONE/english IN/english HONESTY/english TRANSPARENCY/english INSTEAD/english OF/english JAPAN/english JAPANESE/english ARE/english NOW/english IN/english NO/english TWO/english NOT/english ONE/english ALWAYS/english ABIDE/english IN/english BOLD/english STANCE/english WITH/english BEST/english PRISTAGES/english OUTCOME/english WILL/english BE/english BATTER/english INSHA-ALLAH/urdu وعلیکم/urdu السلام/urdu ورحمتہ/urdu اللّٰہ/urdu وبرکاتہ/urdu آمین/urdu یارب/urdu العالمین/urdu برکت/urdu بھری/urdu صبح/urdu کا/urdu آغاز/urdu قلب/urdu و/urdu روح/urdu کی/urdu گہرائیوں/urdu سے/urdu نکلی/urdu ھوئی/urdu پر/urdu خلوص/urdu دعا/urdu ہے/urdu کہنا/urdu آپ/urdu کو/urdu اس/urdu نعمت/urdu سے/urdu سرفراز/urdu فرماۓ/urdu جس/urdu میں/urdu آپ/urdu کے/urdu لیے/urdu خیر/urdu و/urdu برکت/urdu آپ/urdu کا/urdu بھائی/urdu شکریہ/urdu بھائ/urdu احمد/urdu رضا/urdu آمیــــــــــــن/urdu ثم/urdu آمیــــــــــــن/urdu OBSESSED/english OF/english TRUTH/english JUSTICE/english TOP/english DON'T/english WORRIES/english FEARED/english
IMnXqYDHhZI,Kanwal api ap hi vlog bnaya kren,no,none,na,none,urdu/ambiguous urdu/urdu urdu/urdu urdu/urdu english/english urdu/urdu urdu/urdu
VUKai4CZSNw,Hi ap konse app sa thumbnail banata ho or editing,no,none,na,none,Hi/english ap/urdu konse/urdu app/english sa/urdu thumbnail/english banata/urdu ho/urdu or/english editing/english
UiYpRBQ74fs,"Banda kehta hy bs ImranRiaz ko suney, sb se jaldi apka v log khatam hon jata

Live long ImranKhan, pray for ImranKhan, ALLAH al haq hai.
5th aug ko zaror nikalna",yes,offensive,na,anger,Banda/urdu kehta/urdu hy/urdu bs/urdu ImranRiaz/ambiguous ko/urdu suney/urdu sb/urdu se/urdu jaldi/urdu apka/urdu v/urdu log/urdu khatam/urdu hon/urdu jata/urdu Live/english long/english ImranKhan/ambiguous pray/english for/english ImranKhan/ambiguous ALLAH/ambiguous al/urdu haq/urdu hai/urdu 5th/english aug/english ko/urdu zaror/urdu nikalna/urdu
BmpRnfu16YA,Haya ka ghar is so beautiful and so pretty,no,none,na,joy,Haya/urdu ka/urdu ghar/urdu is/english so/english beautiful/english and/english so/english pretty/english
EyrNOfyxSBQ,Wao bohat achi movie hai 😢😢😢,no,none,na,joy|sadness,urdu/ambiguous urdu/urdu urdu/urdu english/english urdu/urdu ambiguous/ambiguous
Erif7Vj9NSQ,Ap na apni shadi Ka krni ha,no,none,na,none,Ap/urdu na/urdu apni/urdu shadi/urdu Ka/urdu krni/urdu ha/urdu
zXAAAXogJ78,Sab Kuch niya fringpan bhi niya le ayen Bhai...,yes,none,na,anger,Sab/urdu Kuch/urdu niya/urdu fringpan/urdu bhi/urdu niya/urdu le/urdu ayen/urdu Bhai/urdu
zfjRK9s0pjA,Bhai block kyon Nahin a Rah❤❤❤❤❤❤❤,no,none,na,anger,Bhai/urdu block/english kyon/urdu Nahin/urdu a/urdu Rah/urdu
FH8OUP2_sN4,Aroob bhabi os only the girl in the world who can say mery husband ne mujhe sari duniya ghumayi,yes,none,na,joy,Aroob/urdu bhabi/urdu os/english only/english the/english girl/english in/english the/english world/english who/english can/english say/english mery/urdu husband/english ne/urdu mujhe/urdu sari/urdu duniya/urdu ghumayi/urdu
BljaIOvFkcM,sahi farmaya ha shoro main jo kaha kutoon ke larai...,yes,none,na,none,sahi/urdu farmaya/urdu ha/urdu shoro/urdu main/urdu jo/urdu kaha/urdu kutoon/urdu ke/urdu larai/urdu
VUKai4CZSNw,1:56 duck Bhai bhabi kab pregnant ho ghi,yes,none,na,surprise,1:56/ambiguous duck/english Bhai/urdu bhabi/urdu kab/urdu pregnant/english ho/urdu ghi/urdu
zfjRK9s0pjA,Kaisi hai theek hai,no,none,na,none,Kaisi/urdu hai/urdu theek/urdu hai/urdu
FH8OUP2_sN4,AP diet Kia karo moty😅,yes,offensive,na,joy,AP/ambiguous diet/english Kia/urdu karo/urdu moty/urdu
HeZ2VBdJeOk,"Janab ap ko ni pata ye jhootay buzdil u turn laine ma no one  hain
YE jhootay
 Manafiq all life",no,offensive,na,anger,Janab/urdu ap/urdu ko/urdu ni/urdu pata/urdu ye/urdu jhootay/urdu buzdil/urdu u/english turn/english laine/urdu ma/urdu no/english one/english hain/urdu YE/urdu jhootay/urdu Manafiq/urdu all/english life/english
Erif7Vj9NSQ,Jab aap cards thik karihi tih tab mein ne Rabia Faisal ma Dekha tha vo aap ko khirkih se record Kar re he th aur aap ko aama Karthi,yes,offensive,na,anger,Jab/urdu aap/urdu cards/english thik/urdu karihi/urdu tih/urdu tab/urdu mein/urdu ne/urdu Rabia/urdu Faisal/urdu ma/urdu Dekha/urdu tha/urdu vo/urdu aap/urdu ko/urdu khirkih/urdu se/urdu record/english Kar/urdu re/urdu he/urdu th/urdu aur/urdu aap/urdu ko/urdu aama/urdu Karthi/urdu
PKFU1F2QEMQ,"Masha Allah bahut bahut mubarak hu app sab Ahly khana ko, Hum sab ghar waloon ki taraf sy. Allah Subah Wa Tala app sab to nazry bad mehfooz rakhy. Ameen Summa Ameen. Stay blessed. Koosh rahain Abad rahain Shad rahain Sada sari umer.",no,none,na,joy,Masha/urdu Allah/urdu bahut/urdu bahut/urdu mubarak/urdu hu/urdu app/urdu sab/urdu Ahly/urdu khana/urdu ko/urdu Hum/urdu sab/urdu ghar/urdu waloon/urdu ki/urdu taraf/urdu sy/urdu Allah/urdu Subah/urdu Wa/urdu Tala/urdu app/urdu sab/urdu to/urdu nazry/urdu bad/urdu mehfooz/urdu rakhy/urdu Ameen/urdu Summa/urdu Ameen/urdu Stay/english blessed/english Koosh/urdu rahain/urdu Abad/urdu rahain/urdu Shad/urdu rahain/urdu Sada/urdu sari/urdu umer/urdu
nqbNLe84dpM,Jo ducky ny krna wo inhon ny krna ee krna💀💀,yes,none,na,surprise,Jo/urdu ducky/english ny/urdu krna/urdu wo/urdu inhon/urdu ny/urdu krna/urdu ee/urdu krna/urdu
8ksTrbtyTco,Tumha do saal sa samja raha ho pakora hota hai 😂😂❤,yes,none,na,joy,Tumha/urdu do/urdu saal/urdu sa/urdu samja/urdu raha/urdu ho/urdu pakora/urdu hota/urdu hai/urdu 😂😂❤/ambiguous
VUKai4CZSNw,Kar daay ha subscribe layken koe faida be tu ho ducky bhai 😅😅,yes,none,na,joy,Kar/urdu daay/urdu ha/urdu subscribe/english layken/urdu koe/urdu faida/urdu be/urdu tu/urdu ho/urdu ducky/english bhai/urdu 😅😅/ambiguous
IMnXqYDHhZI,Nice all vlogers mein sy ap best ho mashallah 😊,no,none,na,joy,Nice/english all/english vlogers/english mein/urdu sy/urdu ap/urdu best/english ho/urdu mashallah/urdu 😊/ambiguous
eY0i4nBXqdY,Al baik is very yamey bhot acha tast ha,no,none,na,joy,Al/ambiguous baik/urdu is/english very/english yamey/urdu bhot/urdu acha/urdu tast/urdu ha/urdu
FH8OUP2_sN4,YA ALLAH PAAK GEE TAWAQAL TU,no,none,na,none,YA/urdu ALLAH/urdu PAAK/urdu GEE/urdu TAWAQAL/urdu TU/urdu
IMnXqYDHhZI,Kanwal mere husband ki trah khud e bol k apne pe logon ko idea dey den bolne ka log na bhi bolen sun k zaror bolen gay😂😂😂,yes,none,na,joy,Kanwal/ambiguous mere/urdu husband/english ki/urdu trah/urdu khud/urdu e/urdu bol/urdu k/urdu apne/urdu pe/urdu logon/urdu ko/urdu idea/english dey/urdu den/urdu bolne/urdu ka/urdu log/urdu na/urdu bhi/urdu bolen/urdu sun/urdu k/urdu zaror/urdu bolen/urdu gay/urdu
IMnXqYDHhZI,Avoid too much shopping 😢 seriously yeh israaf hai.,no,none,na,sadness,Avoid/english too/english much/english shopping/english 😢/ambiguous seriously/english yeh/urdu israaf/urdu hai/urdu
UiYpRBQ74fs,Imran Khan sabb in ki bayty kayou karty ha,yes,offensive,na,anger,Imran/ambiguous Khan/ambiguous sabb/urdu in/urdu ki/urdu bayty/urdu kayou/urdu karty/urdu ha/urdu
gvG35CxYOLg,Me to easy sy kha lo gayee suchii me,yes,none,na,joy,Me/ambiguous to/urdu easy/english sy/urdu kha/urdu lo/urdu gayee/urdu suchii/urdu me/ambiguous
FH8OUP2_sN4,Bro me Apke volg ka wait asy karta Hun jesy Meri monthly salary Ani ho love you saad bhai❤,yes,none,na,joy,Bro/english me/urdu Apke/urdu volg/urdu ka/urdu wait/english asy/urdu karta/urdu Hun/urdu jesy/urdu Meri/urdu monthly/english salary/english Ani/urdu ho/urdu love/english you/english saad/urdu bhai/urdu
BaMLBWWvNHA,Jahil insaan tum hote Kon ho Kisi ki family ko Galt ilfaz bolna Wala agar koi tumhari family ko aisa bola.  To tumha Kaisa Laga janti hoo ka Rajab Bhai ki bhi hgalti ha lakin eman ki bhi ha tali aik hath sa NAHI bajhti ha bhai,no,offensive,na,anger,Jahil/urdu insaan/urdu tum/urdu hote/urdu Kon/urdu ho/urdu Kisi/urdu ki/urdu family/english ko/urdu Galt/urdu ilfaz/urdu bolna/urdu Wala/urdu agar/urdu koi/urdu tumhari/urdu family/english ko/urdu aisa/urdu bola/urdu To/urdu tumha/urdu Kaisa/urdu Laga/urdu janti/urdu hoo/urdu ka/urdu Rajab/urdu Bhai/urdu ki/urdu bhi/urdu hgalti/urdu ha/urdu lakin/urdu eman/urdu ki/urdu bhi/urdu ha/urdu tali/urdu aik/urdu hath/urdu sa/urdu NAHI/urdu bajhti/urdu ha/urdu bhai/urdu
PKFU1F2QEMQ,Apki Ami Abu bhut achy hin Masha Allah Allah pak sukh wali lambi zindgi kry r khush rkhy apny bachon k sath Ameen summa Ameen ❤️,no,none,na,joy,Apki/urdu Ami/urdu Abu/urdu bhut/urdu achy/urdu hin/urdu Masha/urdu Allah/urdu Allah/urdu pak/urdu sukh/urdu wali/urdu lambi/urdu zindgi/urdu kry/urdu r/urdu khush/urdu rkhy/urdu apny/urdu bachon/urdu k/urdu sath/urdu Ameen/urdu summa/urdu Ameen/urdu ❤️/ambiguous
Erif7Vj9NSQ,Kya aap Indian hai,no,none,na,none,Kya/urdu aap/urdu Indian/english hai/urdu
BaMLBWWvNHA,Bhaiya rajab ko ha,no,none,na,none,Bhaiya/urdu rajab/urdu ko/urdu ha/urdu
HeZ2VBdJeOk,❤❤❤❤❤❤❤😂😂🎉🎉🎉🎉🎉🎉🎉🎉🎉🎉😢🎉😢🎉😢😂😂😂😂❤❤❤❤❤ sorry emoji hansi wala,no,none,na,joy|sadness,ambiguous/ambiguous sorry/english emoji/english hansi/urdu wala/urdu
BaMLBWWvNHA,Tere uqat ye he he ki agar kese ki sat laro tu Jo batt kie hove ho wo zahir kare,yes,none,na,anger,Tere/urdu uqat/urdu ye/urdu he/urdu he/urdu ki/urdu agar/urdu kese/urdu ki/urdu sat/urdu laro/urdu tu/urdu Jo/urdu batt/urdu kie/urdu hove/urdu ho/urdu wo/urdu zahir/urdu kare/urdu
EyrNOfyxSBQ,Achi movie thi api Hira and api Rabia Allah ap ko kmyab kry or traki dy ye movie hi nhi blky kamzarf mashry k Lia nseeht ha good luck api ❤,no,none,na,joy,Achi/urdu movie/english thi/urdu api/urdu Hira/urdu and/english api/urdu Rabia/urdu Allah/urdu ap/urdu ko/urdu kmyab/urdu kry/urdu or/english traki/urdu dy/urdu ye/urdu movie/english hi/urdu nhi/urdu blky/urdu kamzarf/urdu mashry/urdu k/urdu Lia/urdu nseeht/urdu ha/urdu good/english luck/english api/urdu ❤/ambiguous
WJxfQWiP9DQ,Commander Farooq sahib k Liye afsos,no,none,na,sadness,Commander/english Farooq/urdu sahib/urdu k/urdu Liye/urdu afsos/urdu
IMnXqYDHhZI,Kanwal api boht healthy ho gay ha ap.face boht healthy ho gya ha,yes,none,na,none,Kanwal/ambiguous api/urdu boht/urdu healthy/english ho/urdu gay/urdu ha/urdu ap.face/ambiguous boht/urdu healthy/english ho/urdu gya/urdu ha/urdu
nqbNLe84dpM,Iqra api ap bhi jolochip try karay please,no,none,na,joy,Iqra/ambiguous api/urdu ap/urdu bhi/urdu jolochip/english try/english karay/urdu please/english
IMnXqYDHhZI,Zulqar Tum se acha vlog kanwal banati hai or kanwal har lihaz se perfect hai tum bht over acting krty ho,no,offensive,na,anger,urdu/ambiguous urdu/ambiguous urdu/ambiguous urdu/ambiguous english/english urdu/ambiguous urdu/ambiguous urdu/ambiguous urdu/ambiguous urdu/ambiguous urdu/ambiguous urdu/ambiguous urdu/ambiguous english/english urdu/ambiguous urdu/ambiguous english/english english/english urdu/ambiguous urdu/ambiguous
zXAAAXogJ78,Fry pan change kro ye health k lye acha nhi,no,none,factual,none,Fry/english pan/english change/english kro/urdu ye/urdu health/english k/urdu lye/urdu acha/urdu nhi/urdu
8ksTrbtyTco,Baqi vloggers ki copy ab aajaae gi market mein😂😂😂😂,yes,none,na,joy|surprise,Baqi/urdu vloggers/english ki/urdu copy/english ab/urdu aajaae/urdu gi/urdu market/english mein/urdu
EyrNOfyxSBQ,Hira hira aapane bahut Sare acche acche happy hira aapane job Vijay bahut acchi aur happy journey Jo Rone wala tha vah bahut pyar tha please jawab Nahin to mat kijiye aapke liye pandit ji❤,no,none,na,joy,Hira/urdu hira/urdu aapane/urdu bahut/urdu Sare/urdu acche/urdu acche/urdu happy/english hira/urdu aapane/urdu job/english Vijay/urdu bahut/urdu acchi/urdu aur/urdu happy/english journey/english Jo/urdu Rone/urdu wala/urdu tha/urdu vah/urdu bahut/urdu pyar/urdu tha/urdu please/english jawab/urdu Nahin/urdu to/urdu mat/urdu kijiye/urdu aapke/urdu liye/urdu pandit/urdu ji/urdu
ttL6k7wzGmQ,Awam k khoon choose rahay mulak brbad hi ga hien ya khod garaz bezameer   Mufad persat  pher ak dossry k sath daramy kr rahy noon or ppp  awam ko  petrool mill nahi rahay or en mafia kdirdaro be hesso k protocol hi nahi khatam hotay so sad situation in pakistan😢,no,offensive,na,anger|sadness,Awam/urdu k/urdu khoon/urdu choose/urdu rahay/urdu mulak/urdu brbad/urdu hi/urdu ga/urdu hien/urdu ya/urdu khod/urdu garaz/urdu bezameer/urdu Mufad/urdu persat/urdu pher/urdu ak/urdu dossry/urdu k/urdu sath/urdu daramy/urdu kr/urdu rahy/urdu noon/urdu or/urdu ppp/english awam/urdu ko/urdu petrool/urdu mill/urdu nahi/urdu rahay/urdu or/urdu en/urdu mafia/urdu kdirdaro/urdu be/urdu hesso/urdu k/urdu protocol/english hi/urdu nahi/urdu khatam/urdu hotay/urdu so/english sad/english situation/english in/english pakistan/english
gvG35CxYOLg,Asslamu alikum i am ur biggest fan from pk i want to earn a money from internet i need a money i do my baclor now a days can u suggest me u now internet batter than me plzzz shahveer bhai,no,none,na,joy,Asslamu/urdu alikum/urdu i/english am/english ur/english biggest/english fan/english from/english pk/english i/english want/english to/english earn/english a/english money/english from/english internet/english i/english need/english a/english money/english i/english do/english my/english baclor/urdu now/english a/english days/english can/english u/english suggest/english me/english u/english now/english internet/english batter/english than/english me/english plzzz/ambiguous shahveer/urdu bhai/urdu
EyrNOfyxSBQ,Agar ap Apne real papa ko af Karti to Sahi tha😊,yes,none,na,sadness,Agar/urdu ap/urdu Apne/urdu real/english papa/urdu ko/urdu af/english Karti/urdu to/urdu Sahi/urdu tha/urdu
FH8OUP2_sN4,Me ne pichly 6 Saal se subscribe and watch kr rha Hun brother,no,none,na,joy,Me/urdu ne/urdu pichly/urdu 6/ambiguous Saal/urdu se/urdu subscribe/english and/english watch/english kr/urdu rha/urdu Hun/urdu brother/english
XHQrr9fmTkc,"""Fatima api, mera naam bhi aap ki tarah Fatima hai. Aap jo '24 Hours Only One Color Food Challenge' karti hain (jaise hal hi mein Yellow Food khaya), kya sach mein aap pooray 24 ghante kuch aur nahi khatiin? Agar beech mein bhook lag jaye to kya karti hain? Please reply!""",no,none,na,surprise,Fatima/english api/urdu mera/urdu naam/urdu bhi/urdu aap/urdu ki/urdu tarah/urdu Fatima/english hai/urdu Aap/urdu jo/urdu 24/english Hours/english Only/english One/english Color/english Food/english Challenge/english karti/urdu hain/urdu jaise/urdu hal/urdu hi/urdu mein/urdu Yellow/english Food/english khaya/urdu kya/urdu sach/urdu mein/urdu aap/urdu pooray/urdu 24/english ghante/urdu kuch/urdu aur/urdu nahi/urdu khatiin/urdu Agar/urdu beech/urdu mein/urdu bhook/urdu lag/urdu jaye/urdu to/urdu kya/urdu karti/urdu hain/urdu Please/english reply/english
BljaIOvFkcM,Ye jo wardi hai ais k pechy gunda gardi hai,no,offensive,na,anger,Ye/urdu jo/urdu wardi/urdu hai/urdu ais/urdu k/urdu pechy/urdu gunda/urdu gardi/urdu hai/urdu
Erif7Vj9NSQ,😂Tum boht gandi lag rahi ho,yes,offensive,na,joy,😂Tum/ambiguous boht/urdu gandi/urdu lag/urdu rahi/urdu ho/urdu
8ksTrbtyTco,team RHS k sath naa insafi hoe bhi 😂 I'm with RHS❤,yes,none,na,joy,team/english RHS/english k/urdu sath/urdu naa/urdu insafi/urdu hoe/urdu bhi/urdu 😂/ambiguous I'm/english with/english RHS/english
BljaIOvFkcM,Always on top Imran Riaz Bhai .. ALLAH apko Salamat Rakhe ... Ameen 🤲,no,none,na,joy,Always/english on/english top/english Imran/ambiguous Riaz/ambiguous Bhai/urdu ../ambiguous ALLAH/urdu apko/urdu Salamat/urdu Rakhe/urdu ../ambiguous Ameen/urdu 🤲/ambiguous
8ksTrbtyTco,Wasyy Humzaa logon k sath zeyadadti hoi ha,no,offensive,na,anger,urdu/urdu Humzaa/ambiguous logon/urdu k/urdu sath/urdu zeyadadti/urdu hoi/urdu ha/urdu
nqbNLe84dpM,Hira beechari Ka sath nahi Karni chaye tha 😢,no,none,na,sadness,Hira/ambiguous beechari/urdu Ka/urdu sath/urdu nahi/urdu Karni/urdu chaye/urdu tha/urdu 😢/ambiguous
FH8OUP2_sN4,Duck Bhai in full shopping mode,yes,none,na,joy,Duck/english Bhai/urdu in/english full/english shopping/english mode/english
eY0i4nBXqdY,Happy Fatima Apne video per jo photo dal dijiye Maine unko meaning like Diya yah my favourite youtuber😊😊,no,none,na,joy,Happy/english Fatima/english Apne/urdu video/english per/urdu jo/urdu photo/english dal/urdu dijiye/urdu Maine/urdu unko/urdu meaning/english like/english Diya/urdu yah/urdu my/english favourite/english youtuber/english
VUKai4CZSNw,Love u ❤❤ ducky bhi 🎉,no,none,na,joy,Love/english u/english ❤❤/ambiguous ducky/english bhi/urdu 🎉/ambiguous
eY0i4nBXqdY,Jeddah airport Ka ye aquarium real hai fatimah and Zainab,yes,none,misinfo,surprise,Jeddah/english airport/english Ka/urdu ye/urdu aquarium/english real/english hai/urdu fatimah/urdu and/english Zainab/urdu
nqbNLe84dpM,Washroom m bhagna k bjye wheen gndgii kr rhiii,yes,none,na,anger,Washroom/english m/urdu bhagna/urdu k/urdu bjye/urdu wheen/urdu gndgii/urdu kr/urdu rhiii/urdu
IMnXqYDHhZI,Sistrology ko b pechy chor dia,yes,none,na,anger,english/english urdu/urdu urdu/urdu urdu/urdu urdu/urdu urdu/urdu
